PDB code, ENV_HBA_OCC_SUM, ENV_HBA_OCC_MAX, ENV_HBD_OCC_SUM, ENV_HBD_OCC_MAX, PI_AR_SCORE_SUM, PI_AR_SCORE_MAX, AR_PI_SCORE_SUM, AR_PI_SCORE_MAX, H_H_SCORE_SUM, H_H_SCORE_MAX, AR_AR_SCORE_SUM, AR_AR_SCORE_MAX, HBD_HBA_SCORE_SUM, HBD_HBA_SCORE_MAX, HBA_HBD_SCORE_SUM, HBA_HBD_SCORE_MAX, XBD_XBA_SCORE_SUM, XBD_XBA_SCORE_MAX, ES_ENERGY, ES_ENERGY_SQRD_DIST, VDW_ENERGY_ATT, VDW_ENERGY_REP
3jvr,13.3906745048488,9.76047736263723,2.46533913975378E-05,2.46533883454088E-05,0.0545851207509448,0.0545851207509448,0,0,15.4640410386079,2.76154323596468,0.999997396051228,0.999997396050931,3.72771866534544,1.99597088936254,2.6777814295735E-12,2.67746922865443E-12,1.21825933293513,1.02190257385003,-0.717888937570681,-0.144996933324399,-133.299723478624,71.2521659330113
3ozs,10.9471466421267,9.34900077899195,0.674363147667332,0.67436284690703,0.339128434263975,0.278023023493664,1.00000106437173,1.00000000000003,13.3790629546144,2.16236190926019,2.12415333158759,1.94868482416138,4.5018359799267,3.51345504099492,1.22149783936638,1.22149454445949,0,0,0.500583568333136,1.03960821550238,-226.38673470424,123.582854031283
3uri,28.1401762761501,19.8993323682516,0.158969054903643,0.158969053627517,0.432606732525594,0.432479805932617,0,0,22.2663430050828,4.89434918999812,1.06201518284403,1.0617583015034,7.42745615837816,5.54723574015189,0.445270308409875,0.445215577810811,0,0,-3.56719145372293,-0.602076572178188,-283.681686932599,130.760007707969
2zcr,10.6929753614503,8.42327934066455,0.309152843440925,0.308530524662165,0,0,0,0,33.4045404884195,4.18292506123759,1.01963114055373,1.01962246176404,0,0,1.50870125944927,1.35380988091843,0,0,0.430820858119241,-0.536268623281786,-208.886167021033,99.1216555657092
3u9q,10.2401391054973,6.28011618942998,0.696993750395511,0.560614124351957,0,0,0,0,39.7062493864538,4.45951789161576,0,0,0,0,1.00610364581653,0.883993638559831,0,0,-0.348899834962937,-0.176010903307782,-141.019039906202,69.7126577801354
3lka,9.35503662414786,9.04891801623501,0.000429184511965022,0.00042918423983081,0,0,0,0,4.96614072114453,1.28436962980876,0.0904931927897413,0.0904931908364594,0.999518383380638,0.999514405400205,1.03173103184304,0.985139273866942,0,0,-0.832954890923248,-0.0564220967711361,-99.5932239759537,50.9750562919732
4jfs,8.59672498298539,6.61184028811659,0.670183997612542,0.623989779971065,1.62195316028995,0.932427309182124,0,0,7.21827378406741,0.751202697862358,0.00131474702061596,0.00126127766138429,7.0570632806722,2.95251149627865,1.58168441874466,1.01046879320997,0,0,0.663046165645494,0.0417354757498653,-116.335972608627,57.998221744882
4w9l,13.8121883008378,11.0080288453223,0.780285537866191,0.780279808920756,0,0,0,0,14.2180913901073,2.51578269031352,0.720443733710836,0.720418216603847,3.73866452061136,2.88497825356394,0.463184403699701,0.46318389621735,0,0,-0.0504815334865764,-0.131304164641691,-226.447814579106,114.46723295995
3gv9,4.95759118488132,4.67645780173391,0.190309909200861,0.183386910353166,0,0,9.24742909106664E-07,9.24506770190894E-07,5.43670020053503,1.48908669603074,0.000146296272177965,0.000146296270915294,1.99253870970414,0.996952484819844,0.780986207562198,0.646936889927076,0,0,-1.05236678886379,-0.179666849140669,-69.9854396435091,37.509299434698
4e5w,18.1273159751654,14.3780440478376,0.541959634086169,0.541959628426761,9.42476734295073E-11,9.42476734295073E-11,7.70881294503731E-14,7.50876976004268E-14,10.1507410190502,1.75703584529549,0.00725106842578586,0.00725106842578586,2.05164372470264,1.98592666832834,0.999879708813775,0.999879708805339,0,0,0.680304206621191,-0.0978270701217845,-214.13636154363,103.191851969427
2x00,11.9727729125891,10.6567260192873,0.603979001869672,0.603298242618916,2.25409020486987,0.896762189168472,0,0,17.4573323539493,2.46286572345823,0,0,0.997732848454453,0.997682015725627,6.27961474064917E-09,6.24767619414382E-09,0,0,-0.496220181134508,-0.0985187275698367,-238.93076349239,109.668196493412
2yfe,2.53016693830253,2.02187189597488,0.669750630006896,0.669750629980527,0,0,0,0,30.6228618715442,5.52219478060259,1.68863762262763E-10,1.68863258496642E-10,0.00044754588927286,0.000447544920689104,0.945973233150258,0.945973232551067,0,0,0.0569665194971895,-0.061241436324743,-182.806739205025,81.141486511016
2j78,10.3805547974484,5.50433190981899,0.532763245367941,0.463309155866876,0,0,0,0,3.33720427378992,0.484312648443842,0,0,10.5122410961694,5.54848570080692,3.06003470244687,2.45761815823298,0,0,0.238304700095519,0.0375815215459275,-109.20055757283,61.5516195069008
2fvd,10.4596497690135,9.26505921141437,1.13257614151872E-05,1.13255990396247E-05,0,0,0.00572247511242084,0.00572247511241016,16.8728606800701,2.60831895811448,0.00481899277491097,0.00481795779572283,1.99994241008184,1.9999424025396,1.54449203000559,1.54250238594159,0,0,0.0146164019869103,-0.0947698654537149,-188.105430666503,91.2675066310922
4tmn,20.574328686315,13.2685301100993,0.197758719163467,0.188037345882997,0,0,0,0,17.8562425922349,3.74764258230332,1.02408405151445,1.00874370387136,4.77686418356098,2.60343711660185,3.56222204616914,3.26810327069049,0,0,0.893449960946152,-0.338774110751995,-226.760267863143,111.68854043811
3aru,1.91647014752767,1.91632469425387,0.0137564940330808,0.0135593243616653,0.00350440887853278,0.00211886469387577,1.5656110523245E-08,1.56560595707372E-08,4.11021447767395,0.510091689995482,1.9282906815258,0.994133984623228,8.79526749275249E-13,3.84257298495192E-13,0.813331893881331,0.743837082936054,0,0,-0.592177026224513,-0.0510650179165248,-112.847744712484,55.6977926416001
3dd0,7.56472845782136,5.73090829783394,0.042382522365929,0.0423626406660748,0,0,0,0,7.39070480390755,1.43352298306864,0.000519264825607162,0.000519255594920429,2.01625008262046,0.999999782468281,0.465590146594331,0.465502200232232,0,0,1.26558656775771,1.69626971302045,-103.78513418281,50.7716160693724
1owh,7.85803349603907,5.25599102051632,9.32996013994033E-05,8.56887636350518E-05,0.137712524959592,0.0799834265360999,2.04350125024332E-13,2.04350125024332E-13,7.94060951130064,2.75133879527557,4.17911839697746E-09,3.59827824491529E-09,6.03624232210103,3.77607081793133,0.0838437074029416,0.0838436634858195,0,0,-0.12133989843665,-0.345124105542953,-125.706038890952,57.7636803039869
1z6e,22.1838043586096,16.1700779699389,0.141200411618355,0.141200350348441,1.37049487492486,1.28570790638243,2.08898456056406E-12,2.08898456056406E-12,10.6984396821415,1.7966699032771,4.15864560605444,2.01717063516276,4.50589057509235,3.14404128278181,0.468148282228408,0.46814825011302,0,0,0.254653411573993,-0.1211186362541,-215.804853475602,105.105103058352
3f3d,14.6923130450906,7.24365787928149,0.320590233848729,0.299414337255998,0.395730808101385,0.318026053673896,0,0,15.1581234209594,1.70382356285611,0,0,4.27360962686845,0.99997183973551,0.968113753982137,0.601439343605735,0,0,-0.123410585570103,-0.239610793392494,-109.393291501285,56.9977284174603
2brb,8.29778817290217,7.90510759833719,0.216495477600941,0.216495466196184,0,0,2.31930024043234E-12,2.31930024043234E-12,17.7024183530396,3.63309979967852,8.53172543919798E-05,8.53172543905898E-05,2.78744717281624E-06,2.78744139793988E-06,0.51060715985819,0.510607146098151,0,0,-0.102150029767608,-0.0495787900509788,-152.147737426418,71.7669144641814
4m0z,9.60824292256789,8.4347071926984,0.802415581566225,0.802415554276333,0,0,0,0,16.8271796667227,1.87670510832924,0.998212673738758,0.997964888177401,4.83043415135438,2.957202206523,1.17361227592243,1.17361184382363,0,0,0.41516882066033,-0.0831735884070496,-199.575468043956,104.120095100883
3n76,10.6295386093414,6.86309782585436,2.58271380352149,2.51486310293799,0,0,0,0,20.4401866437195,3.492849576269,3.8786136934583E-06,3.8786136934583E-06,5.99565638272564,2.99999396829109,4.15036255822919,2.96583456746738,0,0,-0.344955946261044,-0.206807582602876,-199.964018477949,108.148441015477
3zsx,12.7707308068458,10.8812584148094,2.99528190472856,2.05970142025011,0,0,6.12976015787176E-12,6.12976015787176E-12,18.070179650516,4.62653889869496,0.000920635210982666,0.000920233005252494,0.99941189679293,0.999411896744842,2.82110227711099,2.69064946437683,0,0,-0.573936388780586,-0.215903476387637,-161.03786554011,73.493290850301
1nc3,12.0477123941821,8.92294409713896,0.75186605324086,0.751865336894773,0,0,0,0,2.13339458229536,0.205972616157111,0.0996420720310178,0.0996200457723324,7.41505639673137,4.30297051042435,0.993619440512445,0.938781813079972,0,0,-0.777927721679713,-0.209814470996378,-165.865189546868,87.9766970175204
2vvn,7.11320829252527,6.40857784717505,2.21915008990861E-05,2.21388785593016E-05,0,0,0,0,4.183935264892,0.384524233361267,0,0,4.36073800595087,3.75428348720577,0.586891974640637,0.586864891590956,0,0,0.00563903325817443,-0.0199167183439935,-160.915049570011,86.2180415927019
3f3e,13.4482966828509,6.47979630224776,0.32670321991568,0.229248187029085,0.297020387120524,0.205809964431948,0,0,18.3063403460121,1.97050612358673,0,0,4.28906490664647,0.999960206475059,1.36009240225373,0.857469769859109,0,0,-0.242153788277747,-0.258887799081037,-109.685793194694,54.7275001632418
3e5a,9.82770203030425,9.74151289088705,0.937835279768614,0.93783454127869,0.0049639086822986,0.0049639086822986,1.79134535155394E-12,1.76101762256653E-12,22.2360841828596,3.25772942464605,0.99992853257397,0.999928506447096,2.14141887635466,1.95836080573378,1.23025977645259,1.23025977645252,0,0,0.23771287272037,0.357036573520875,-218.358464829169,107.964043706129
3g2z,5.83233100903951,4.08647305723609,0.141438204385103,0.141437618853923,0,0,0.999973227334538,0.999973221202474,0.80769611637145,0.236240668980391,2.07715279074897E-05,2.07715279074897E-05,0.0372871397348302,0.0334844681848572,1.91033025841516,1.90883844147121,0,0,0.179849996542459,-0.041041125573691,-54.2029244549578,27.5689803623527
4gfm,9.13696711949622,7.87200066147205,0.0147103334830153,0.0147103333750313,0,0,1.42498867984651E-07,1.42498867984651E-07,5.33962170050628,1.9101928453297,0,0,0.000292455700991503,0.000292455472905162,0.999999994744607,0.999999994744594,2.92711330242006,1.78237606541714,0.147390602878194,-0.0283692664184618,-130.17882447797,68.5556131255259
2wvt,9.30079747986953,5.66176489212846,0.919477961664055,0.664868061639432,1.62999335487983,0.879392071180225,0,0,0,0,0,0,12.6339117972889,5.84468139269057,3.46928895712888,2.27941656867561,0,0,0.427497143972036,0.0635550198714154,-109.938091454454,60.6237109774736
3gy4,4.80146841250455,3.31906659132313,3.94112824250899E-05,3.94018785458993E-05,0.368676624131482,0.209392992087001,7.95564287280997E-14,7.95564287280997E-14,5.53249424423929,1.77912254715025,1.79737859511606E-09,1.59512188384396E-09,6.36618876567923,2.98392122675481,4.99815824280562E-08,4.09926274657564E-08,0,0,0.262612762736886,-0.275787092179764,-79.3017160697985,35.6953156736017
3f3c,19.109900712868,9.7523005296019,0.362099254953112,0.32012973525282,0.473249400736354,0.220082708287104,0,0,15.5373127510438,1.84117129737926,1.23106319316741,0.999999999099602,4.49685481691761,0.999963205740999,1.19163748800438,0.995300471568076,0,0,-0.453050883942015,-0.265915379915881,-128.751203336925,72.872626157561
4jxs,8.56041078379589,7.48384493806172,1.74237802593273,1.74146067497295,0,0,0.062440005953688,0.0624399968486617,12.4454492266196,3.71699737288644,1.00424870924985,1.00424870874785,0.99982721480366,0.999803560351261,4.02980984417768,2.92593646919107,0,0,-0.974612065974127,-0.253758999343171,-121.865014419576,63.7197974727652
2br1,9.05161271664502,8.84860311556686,0.748381705775858,0.7483816276487,0,0,2.94963307775747E-14,2.94963307775747E-14,16.7062043332225,3.51166228113131,0.249915787595062,0.249915787595062,9.67850399368645E-06,9.67829662158614E-06,0.663228223056936,0.663228222953657,0,0,0.259394836463854,-0.040892416959563,-161.77363747835,74.7850012443008
4e6q,6.51130920637545,6.47365822341545,0.0911797133397303,0.0911796995340838,0.00144625830936634,0.00144625830936634,0.976399992644233,0.97639999264423,10.4219285773429,2.17930071458877,6.92487229065611E-06,6.92487229065611E-06,1.00009027117951,1.00005327490674,0.931812919484244,0.931812919483896,0,0,0.779409443713647,-0.0224932101365649,-179.896263099416,82.6248020018631
2fxs,6.02883528354627,6.0279102105178,0.0912866385266358,0.091278681352163,0,0,3.99489462355702E-13,3.99489462355702E-13,9.13772926522468,1.46025458906011,9.56023993099396E-07,9.56023993099396E-07,0.932360011735755,0.853111769787051,1.16343896447075,1.15862477066966,0.999994337092286,0.999994283060889,0.339701032213531,-0.0297108483031825,-136.243492004676,71.0882602021413
4j21,7.9677144189146,6.65302641254177,0.481958875114538,0.481958873754394,0,0,7.05170479364703E-14,7.05170479364703E-14,16.4028042450688,2.8407690075224,1.34564823043585,1.00190221900935,2.11480615907839,0.999378218218111,0.992766798354941,0.992766769292688,2.02569391885544,0.999986528416203,0.067434507937883,-0.0408277570921593,-163.384280748095,84.909446783245
2qbr,8.63910344067366,7.39057887740443,1.71106250383608,1.67693766518916,0,0,0.000194129944361597,0.000194129944361597,33.474522361871,5.12884790490172,1.99109774416181,1.99094429063513,0.0214787526856527,0.0214787521856192,2.96424856927604,2.39470957807231,0.0106851366876531,0.00534468273627664,-2.6830167009597,-0.535156088175503,-164.81292996241,88.2287238305792
4dld,18.7162704300197,12.3319790057022,3.50507674650351,2.32473422678484,0.978113350556162,0.978113349243165,5.82302152876741E-15,5.82302152876741E-15,20.8720824201556,3.99368983539967,0.167637766052266,0.16763617727418,2.50345953777166,0.99995784044711,3.57262941318376,2.62428362110476,1.05631464865844,0.998826676263124,-0.398198460496219,-0.377619901031983,-141.551438580329,79.4314286829714
1p1q,17.8025467892486,8.27436774019748,2.56113079820285,1.68595848597637,0.900719209008317,0.900717920213823,0,0,11.4159611548402,2.09284386331128,0,0,2.94444377205994,1.12570981310136,4.08391022699166,2.33451764521508,0,0,-0.192705541275495,-0.281908213756879,-121.567941975476,82.1415316236843
1nvq,17.892652172022,14.9939223227438,0.0291369971325328,0.0291369918916737,0.0301799150457728,0.0301796964725086,0.962046075360272,0.962046075360272,20.5307914681507,3.5680893364025,0.00461382154678169,0.00461382122114946,3.90702745776429,2.95265474600244,0.765911139845698,0.765911125060509,0,0,-0.568324310846362,-0.258285391161488,-222.070999939013,107.223705048323
2hb1,4.77884657174511,4.53915720621733,2.03479753290679,1.72462292997609,0,0,2.40792556404384E-05,2.40792556404384E-05,25.8038710905438,2.85451600497107,0.999995946175928,0.999990986582483,0,0,3.71002214180421,2.296695940038,0.558683861450964,0.558640494966502,-1.97326990633714,-0.51044533291794,-104.069238215977,59.2342747516062
3ge7,14.794218022988,8.61739197971477,0.999084268822381,0.990859254578278,0.322639975049063,0.322639568369489,0,0,11.3255525474158,2.1378308936386,1.98438002133256,1.98438002131823,11.2372801870602,5.55721617180937,0.780911914819914,0.675699102407753,0,0,-0.392555213010108,-0.546940804424598,-213.608036311874,115.611564275567
2v7a,8.3977937920138,7.96147037924996,0.0270123490703228,0.0270123489193206,0.0655026467618752,0.0355019739481084,5.23980411710991E-06,5.23980411710991E-06,12.9171023867586,2.99276517639354,6.70940205025622E-05,6.70896135554757E-05,1.99839873650623,1.99839861093221,1.27392978334438,1.27335167340682,0,0,0.0558608468287217,-0.141435319881638,-191.101717758848,82.9914743254565
4f2w,10.2235963111423,6.90905245425095,1.04614508293023,1.04614458286087,0.019649197550725,0.0196475500645387,0,0,13.0532271349712,1.14699328277249,0.237896449765948,0.237874233511512,5.60702557302412,3.63983179438197,0.999460004537831,0.999459995838202,0,0,-0.879398168914678,-0.22017809583983,-197.59307840456,96.0570215838892
4jia,6.07255850263543,5.53562767608198,0.0346455015588312,0.0346450174653379,0,0,1.41954975690527E-10,1.41952297566798E-10,25.589981709175,3.88848019069906,4.09349196093321E-05,4.09349118504237E-05,1.45969147296963,1.45941805298739,0.989724521176649,0.989724521176501,0,0,0.272236178843137,0.0493715908732075,-167.868284703744,75.386202399946
4ddk,10.6940962943211,7.36270342187006,0.488972846142631,0.488972830339196,0,0,3.25503556235418E-09,3.25503556235418E-09,10.1945201709033,2.09458691883096,0,0,0,0,1.10416795793962,1.1041677170786,0,0,-0.302157016207273,-0.157255921219658,-95.0474363700194,46.756641774746
1o3f,10.7028427165838,9.30942175377471,0.123965630674018,0.123863621755116,0.300250551319407,0.163801516348148,1.28209266489713E-10,1.28209266489713E-10,9.90558639569804,3.00258829914141,1.0341683096451E-08,9.71894063771069E-09,7.8773905847053,3.99540726645294,0.960316353684674,0.812911948036383,0,0,0.0625978272793731,-0.272883414201368,-141.70845976629,74.2971718679829
3k5v,3.36377625606491,3.36316447554895,1.87944552760955E-08,1.87939357846244E-08,0,0,0,0,23.9616170135808,3.57037465629739,0.787440914404569,0.787440913323921,0.234344810562459,0.126822368716758,1.02964009135487E-09,6.90292439181381E-10,0,0,-0.0391005257432348,-0.0156771724226974,-153.194546094966,70.0038095879858
4mme,10.7485561837187,8.71110043761297,1.70144689888761E-06,1.70143493840498E-06,0,0,0,0,17.0437918520501,2.10620942422987,1.00361899686088,1.00034305933781,2.00794408703757,1.93827610779862,0.000130979283539086,0.000130604810241224,2.29812026270239,0.999140877847292,-0.1207600371199,-0.101717566988004,-169.303613197711,94.4693080661631
3ueu,1.00063181697456,1.00063181570322,2.5627715534684E-15,2.52065955756758E-15,0,0,0,0,56.6330892541474,5.47604842747193,0,0,0,0,9.85743877597377E-17,8.40646794701468E-17,0,0,0.24808494846655,0.00239286756257552,-138.707853044931,63.8514091267615
1z9g,13.2604750188314,6.57237745683101,0.328286520430521,0.328216671313729,0,0,0,0,10.9577115382937,3.24800171250905,2.04623567696765E-06,2.04623483792648E-06,3.03156272307604,1.99897828415113,2.8067362038792,2.47756286104703,0,0,-0.302598109893433,-0.311862875130843,-124.392173360265,67.2470026356757
1oyt,7.50488296084573,6.78987310178901,0.000545909505954429,0.000545698634463901,0.114128896957768,0.0610048177097025,4.85888804787006E-15,4.85888804787006E-15,16.5336423751983,3.68762801488201,0.0472073301514834,0.0431572495523011,4.33735046756394,1.74578390046655,0.831419783239628,0.831419782661906,0,0,-0.314405954507641,-0.296049206067079,-180.729220253237,82.7223619266699
4kzu,7.26316774963185,5.21842731070544,0.282175079835185,0.282175076670368,0,0,3.04509295118181E-05,3.04509295118181E-05,18.1503903656777,2.45111516341044,1.16290105630975,1.13159233708172,0,0,0.975139105089356,0.975139046395572,0.0547399656885534,0.054729382721233,-0.181392402465229,-0.0403256746926715,-163.624995574129,83.3431013653415
4crc,19.3679712616249,14.8645657341958,0.557606450108642,0.536858018218556,0,0,9.88842667449545E-05,9.88842667369387E-05,12.0960626227596,3.30382668687664,1.00078617688147,1.00078596282455,0.0969573630466449,0.0965981541186792,2.76533725218433,2.53329051648661,3.51977905214911,0.999975131266029,-0.368043094121947,-0.125777220781516,-226.248728460516,113.963877938676
4gid,31.3773738958745,24.8726202193902,1.61480642072742,1.61473562196679,8.17700032167598E-07,6.5805493546469E-07,4.79563069210782E-14,4.79563069210782E-14,25.6072298013377,5.056583756365,1.00088890624457,0.999980153018803,6.68612420830303,3.90424437322167,1.72562401188222,1.70337396784832,0,0,-0.849471917243362,-0.370032100605152,-376.323692026451,192.69682203572
4ciw,9.45068416510997,5.80774943277262,2.50234853388042,2.41942464749148,0,0,0,0,12.4929867421658,2.11448443677186,0,0,6.18555828108625,3.21354817538374,5.0070334197616,3.5504801992547,0,0,-1.05651683108764,-0.0730993714723683,-129.878460480661,68.00586297614
4eo8,1.9957704501432,1.53395782913632,0.561254830278533,0.515547194354255,0.0412611423626554,0.022040250967913,6.97152319350695E-15,6.97152319350695E-15,35.4852930481487,5.79516689686581,3.04904621037855E-05,3.04904619268804E-05,3.48161065622316E-14,2.21839238787109E-14,0.801125617169874,0.794752665905373,0,0,0.0691834249729726,-0.0898508125775247,-168.791970024177,77.190089878734
1k1i,14.5303114140842,11.4074396448232,0.0184981884064185,0.0184981293708515,0.181355427064669,0.0708632086474621,1.57037454524148E-13,1.57037454524148E-13,10.2039515635512,3.86402855773428,1.2561578897758E-07,9.50120916517524E-08,6.31413331138039,2.99469824197555,1.16397099565103,1.16238604384671,0,0,-0.0621641321485254,-0.352563461856201,-147.839793798274,67.3361065237572
2iwx,3.63890611668522,3.63441057754443,0.0807895290223788,0.0807895281727828,0,0,0,0,11.7488149896163,2.26780277508685,1.29294265292107E-06,1.29294265292107E-06,0.884635537607455,0.804059825336469,0.934578101370812,0.93457795958297,0.999808937334547,0.999808792462495,-0.0446592420189763,-0.00731971647577747,-140.060837932068,63.7540970138351
1nc1,11.7639248920386,9.17303450360924,0.84758782418469,0.847587752892943,0,0,0,0,17.1538156399672,1.74736174191792,0.0118021551078254,0.0114226318977828,4.15466606126066,2.2506938891939,1.33665502276625,1.29124415311763,0,0,-0.357043385134229,-0.149921924065701,-202.523021377992,116.945113327657
2zda,9.02299136826136,7.22906250307086,0.000172051597853087,0.000171536191274186,0.141461623391945,0.0747550150403232,4.77377086547103E-14,4.77377086547103E-14,18.7290474085973,3.84287555159194,0.789004076794185,0.616960812456204,7.64398365292174,3.79419060739079,0.976135743240446,0.976135741044671,0,0,-0.214721487654922,-0.361209654069314,-193.528059660964,91.5377862946617
3n86,13.1788397226077,8.94914981218793,2.64149198320083,2.58983163155833,0,0,0,0,17.5409472707262,2.95605951319288,5.17648782791769E-05,5.17648782791769E-05,5.96208422634583,3.00001670792985,4.79530762857451,3.75908538457135,0,0,-0.474226010151595,-0.247447935568388,-207.611285193858,105.728579928619
3b65,10.8074673781511,7.62832233820583,0.00182198006440032,0.00182087287458929,0,0,0,0,39.0803217051183,3.80415884045311,1.69027355251195,1.12039349317796,1.52940574500636,1.47338970970028,0.0876093357814339,0.0873096302141962,0.54287152431614,0.351372386257051,-0.136317489847715,-0.0344931233285437,-225.771161003886,116.034802608265
3coz,10.3858976582807,9.4753823860397,1.1869620786015,1.16880554395604,0.000275351343254774,0.000275129213125515,2.98294080151281E-07,2.98294080151281E-07,7.53111776802115,1.23004673916817,0,0,6.61287762834374,3.86575064900437,4.21363993826954,4.10920159582136,0,0,1.09644007246044,0.0220556775589085,-214.584244859086,107.104297155952
4f9w,6.19702032614498,5.85743382037651,0.747728771513711,0.747728671690696,0,0,2.99916722326208,2.99916722326181,27.2640821504332,3.95152825459334,0,0,0,0,0.842401185421065,0.840031551468638,0,0,-0.129826074826326,-0.0657420002058033,-185.054112706815,90.4168465145449
5dwr,5.28794854156388,4.29346095092821,1.13139421822776,1.13139421792432,0.247010936435916,0.179366020302336,0.999999999983203,0.999999999983167,28.7405235202024,4.23845034322154,0.999912032155555,0.999912032103123,1.9623278664054,0.987129619021677,0.998767685270098,0.998767644790936,0,0,-0.967243179167278,-0.300575827158574,-209.138815693684,105.665394039203
4eky,14.5182241330984,10.2610597242726,1.99098147009957,1.97174225893902,0,0,0,0,10.9351193780077,2.96217146264877,0,0,6.74716223844514,4.55410592434526,3.8545011198675,3.64100674231173,0,0,0.109339826214885,0.102545157822933,-192.425999846487,104.589455248382
3utu,13.0369132981263,8.90673061179589,0.88052334944139,0.880517116633639,0.13976610397417,0.0719930603858941,2.98825311555879E-10,2.98825311555879E-10,22.4491578064603,4.99013852904494,0.381365052610539,0.207124008157101,8.07001915657905,3.50572420511641,0.98018744504187,0.980187395419951,0.986287126201832,0.944027940615701,-0.398795849976488,-0.318628759286365,-263.86876580567,130.303769884424
4qac,9.62054862473198,7.88548118576346,0.0233437977981964,0.0233437971034917,0,0,0,0,30.1134086703178,2.8619004386054,5.85625886034863,1.99999999972683,1.67673624423771,0.999482454251172,1.0452868389299E-06,1.04488330664396E-06,0,0,0.00701855511604326,0.00915115813588291,-193.525469855146,94.8181341623233
2xii,15.8160821517027,10.0869352283255,1.22481895644468,0.894829937816462,1.59194815810768,0.813265525942888,0,0,7.27402923478547,1.45581368746346,3.74363457428546E-07,3.64544770459513E-07,11.9651481426422,4.95954668849051,3.38591259208108,2.04913566748298,0,0,0.367111616179786,0.059805571470117,-179.91469051582,97.9148021800427
4x6p,23.6751607108698,17.1403131767437,0.239362162815275,0.183980071836378,1.82905366283808E-07,1.82905366283808E-07,7.03750774042513E-06,7.03750773726197E-06,13.0114943622212,3.58471293774152,0.184098913962297,0.184098665687373,1.80076413373818,1.8002676203567,1.55230417491269,1.42300347020354,3.55281660821207,0.999956458377044,0.414890514068848,0.0104230626185103,-240.860438072274,124.044681729041
1z95,14.8318334033671,11.0832782112195,5.26151473873363E-05,5.17439561790658E-05,0,0,0,0,35.4558167724899,3.816400239278,0.000596998918173488,0.000596998917769928,1.69294279841435,1.65459767948485,0.058027358352316,0.0445823282051304,0,0,-0.15250016230485,-0.0399390610649326,-220.61307970389,106.467463857642
4agn,10.8151681207492,7.94500599958875,4.48434311962267E-05,4.48430349465112E-05,0.0349620983754459,0.02300876455654,0,0,11.5793178583115,2.19125288491946,4.43087612007778E-15,3.90975245169606E-15,1.10210553661789,1.0269400896954,6.78157694428007E-10,6.77215692081758E-10,2.50402227303151,0.99999999999038,-0.826537032652746,-0.0988982541589436,-151.367035100548,78.258128693054
3pyy,6.96268534643533,5.68784621322547,1.05831963977006E-05,1.0583195030284E-05,0,0,0,0,19.7192219482774,2.81170753863578,7.70516433744831E-06,7.70515132309611E-06,2.03396030487604,1.0164749231768,5.74421359234335E-11,5.70030621015986E-11,0,0,0.141626872068019,-0.0343011743869055,-163.866940253691,84.9760780623099
3mss,1.18139508014395,1.18138715218274,1.72415066447564E-09,1.72406188541422E-09,0,0,0,0,19.5760482384008,2.65663746306974,8.87801693905709E-08,8.87769821431363E-08,1.0117988817103E-13,9.44261792725353E-14,2.92366160505334E-12,2.92333072197923E-12,0,0,0.136307542176381,0.00954860552463497,-122.036020286712,56.6150274446679
3arp,3.64002074664791,3.62752967838146,0.019791527362847,0.0197914932658245,0,0,3.04933667111631E-10,3.0493143093811E-10,23.4761549977039,3.24411696736263,1.18081568170227,1.10395792847555,0.039749863779381,0.0397498636724534,2.28369941697526E-10,2.28362821256662E-10,0,0,0.325082867699651,0.024809704747673,-201.522834005483,96.5406783865632
3b5r,11.0274983125343,8.36576153530416,0.557393810477687,0.557390788368792,0,0,0,0,39.1108035949156,4.0483492849427,1.18680700955843,1.04682043862082,1.66982326714012,1.64206812033442,0.236488803746879,0.156284452248904,0.964917984897834,0.96074751793291,-0.21530762869455,-0.0470855391477349,-222.434226929248,113.017675803047
3ui7,4.44510156302902,4.40004704938778,0.876187103317209,0.876182617479482,0.203654172309685,0.203522566498362,0,0,15.5228597664074,1.93416682155891,4.01321326482514,2.97986930443444,0.304645883238068,0.304623041045616,0.89317935880052,0.893179354608531,0,0,0.250684518913624,0.0359944146042379,-153.558001349437,72.6732167390597
1o0h,13.1163090289521,11.0426031069153,3.30908042109388,2.82874627108608,0.00140291961140368,0.0014014317972077,2.01698653863433E-13,2.01698653863433E-13,1.81796898057637,0.581094605113427,0,0,2.89078532738296,1.76740801394023,4.96250240702909,3.62360093073136,0,0,0.947006958288118,-0.0678828568718396,-117.771278148759,62.5595015649126
3rsx,4.12462750813891,3.83660277607525,2.21347742085152E-06,2.21270981451009E-06,0,0,0,0,8.93317507623709,1.79751613158496,2.42517027869649,2.24326806281589,1.40998770589985,0.843427413202025,2.30548117312782E-11,2.30363668273636E-11,0,0,-0.127302525959315,-0.055259325357525,-104.863287111326,53.1532466125471
4qd6,7.72165646066457,7.42718963250258,0.204038830416648,0.204038822836975,0,0,0.00392412533750361,0.00392412533750361,18.8252318172651,4.03492108768961,2.00000957714846,2.00000930101522,1.99358392343481,1.99358391329175,0.683394512998702,0.683394512998114,0,0,-0.36533802628696,-0.103642199678679,-145.173529684976,74.517819823375
1q8u,10.9833729139768,8.20087471676208,0.872070947919429,0.872070947492416,0.0529674244967598,0.0529663688205981,4.88675052846208E-11,4.88675052846208E-11,15.6991714559575,2.24431099625362,0.000158795108039034,8.40678920347895E-05,0.997432398297596,0.996644595526002,0.996936191787759,0.996936191787646,0,0,-0.771465871880383,-0.141001685038522,-163.569247239037,78.7772565412318
3tsk,17.6750296365513,13.8687785147888,0.236244099509814,0.236244083357587,0,0,0.266376648118995,0.266376647886604,16.3612129222545,4.7406138044316,1.02026855416919,1.02026854308322,2.98009637206733,2.98009021368731,2.01053595757178,1.9386423846902,0,0,-1.33029702632509,-0.170698006625728,-244.828520667099,114.097250743993
2cbv,8.87866398420645,4.77661816462182,0.727703931619038,0.543178506468341,1.85622559026125,0.883726136550334,0,0,2.71408329786396,0.340168572179,0,0,9.51574339411921,4.70793806666715,3.21036765335601,2.40131666023587,0,0,-0.273514541084949,-0.118916537705273,-105.04396540263,58.7414763621447
3gc5,13.4269653807551,8.39352265965501,0.302437417780604,0.296367133428694,0.958364821213499,0.95836368677613,0,0,6.96329960265288,0.967767356120754,1.97845339266271,1.97845339264562,10.2163950799503,5.55740611880314,1.00402493439956,0.812643146913262,0,0,-0.0296267315230922,-0.581735886936441,-157.537839450349,85.7034689673051
4ih5,5.48444929647573,5.48368384329531,1.57450594312935,1.57450558138379,0,0,0,0,13.4388793956876,2.23344418321272,1.00017757589607,1.00007041542859,1.50593790390481,1.50553160626054,1.10960742816985,1.1096074249724,0,0,-0.506154531996354,0.07384030812562,-99.0528845927461,44.397944617786
1p1n,14.3533570038348,7.71118502331137,1.06910527422225,0.786377422271691,0.687865258543801,0.687865254258393,0,0,14.595837259561,3.2796488149734,0,0,2.6829508691406,0.999999911217667,3.81627668173258,2.59374756882394,0,0,-0.900992081501071,-0.359901302109432,-119.906821175928,62.7728689162239
3ejr,15.1295013542869,11.7172210477321,2.72934511902444E-05,2.72308346637619E-05,1.24763676941865,0.925223718780422,0,0,6.83506449868084,1.35945208404685,2.25341810232409E-08,1.78715097480938E-08,4.08404646943801,2.36687569605852,0.0435545561543171,0.0435538750598868,0,0,1.50822397116398,0.515465935047364,-176.369965146869,101.438860374022
3ozt,8.78599859240112,7.07750020153711,0.73491008127076,0.734906677002597,0,0,1.00000080971587,0.999999999995824,9.54489428032502,1.55394674040732,0.986059629816903,0.986059625535076,4.20196101527955,3.30142052761039,2.34434966972484,2.34430188717207,0,0,0.778328664167553,0.990944758639674,-227.515055143323,125.224777482493
1mq6,22.7489058412321,16.3950215636127,6.02908287246064E-05,5.99374956755907E-05,0,0,4.09700654965141E-14,4.09700654965141E-14,17.210979826925,2.36897019579157,1.03144992538292,0.9999995789714,3.2946068247841,1.99994913270041,0.993742621005341,0.993742620812402,6.95261966661909,2.6474249107157,0.0933549011640371,-0.0579262766700363,-229.263311256534,119.456769013196
1ps3,15.7899653182783,9.37758283770565,7.41434724796553E-06,7.41373540756473E-06,0,0,0,0,0,0,0,0,8.58524948885151,4.83084457545546,5.98983209110879E-08,5.72008346145244E-08,0,0,-0.375849821642575,-0.627797277447165,-114.743998411031,66.8941178681069
1yc1,5.53132666269554,5.04592798779444,1.78689113424894,1.78689112233348,0,0,7.95884328862072E-05,7.95884186299272E-05,19.8694935747317,3.25246522689397,5.98123429067714E-07,5.98123429067714E-07,1.56152445805184,1.39181006503025,1.25774041956559,1.25773999847824,0,0,0.2992764973352,-0.109901827341921,-162.875618462141,77.9121973970543
4m0y,4.98972544434053,4.75062866034534,0.620431678445926,0.620431348283643,0,0,1.00083874290776,1.00083874290776,7.24493994304426,1.86712589665819,4.459865938178E-07,4.45905133957255E-07,3.16580993546489,2.99885767777276,0.995519792050155,0.99551979204811,0,0,0.0266431199842038,-0.0664073736389407,-126.57393024073,64.8373132596455
3arq,6.48507797852084,5.46817866345496,2.28493720102882E-05,2.28487482430744E-05,3.08223899318451E-08,2.77736356509785E-08,3.26741378945365E-14,3.26741378945365E-14,6.03193577882249,1.14072035704396,1.08737404006486,0.999834075593981,2.2473508765608,2.16175974686957,0.000518783237944864,0.000518104909849055,0,0,-0.551832947673171,-0.105576569555408,-156.948928804396,89.613515918591
4de2,13.8985292057775,9.74436810234511,0.646125665585189,0.646064147890933,0,0,2.00438150703679,1.99999999863105,3.48504966384783,1.20468112998161,0.167450373900024,0.167450373900024,0.414590704524709,0.414590226598044,3.04569408833954,2.92383880421418,0,0,-0.622688457152218,-0.103206698203645,-131.345301302736,63.6503126737797
4ivc,12.7676594413715,10.7679659469461,0.386808616208092,0.386808616185725,1.76508184007632E-12,1.76508184007632E-12,4.30049796513189E-13,4.30049796513189E-13,11.3440658249516,2.15378653284633,0.738249538244633,0.738249538244633,1.89933635264939,1.85415446567927,1.08030738495893,1.08030731407451,0,0,0.0403622065453286,-0.0557860478947562,-186.461551424841,90.2929884231401
1syi,16.1685671637437,10.4400945706343,2.74586240785419,1.64722400956834,0.840358494416696,0.805127173073366,0,0,10.9489696752374,1.98157216912002,0,0,3.52371354721365,1.93517656075858,4.9884813513059,3.54013995177566,0,0,-0.429091605715322,-0.393217102600124,-154.544693453396,86.5967625077007
4k77,7.92868041390102,5.83185530276935,0.208424890240728,0.208424890237914,0,0,9.47128745476545E-15,9.47128745476545E-15,5.40913125023304,1.44030062407846,1.37924027164963E-08,1.37924027164963E-08,1.00006542535239,1.000065377331,0.999990057330978,0.999990057330857,0,0,-0.269972736340912,-0.0715262477091177,-130.154673568071,57.6691903889149
2qnq,18.9890279711172,17.6330045818148,1.21926347670984,1.21924995574138,0,0,1.68228660569078E-12,1.68228660569078E-12,32.2453377745485,6.83967741742198,1.4628810182034E-13,1.4628810182034E-13,1.05390391851764,0.51262723279595,1.73507021428344,1.72604539265661,2.44417691279134,1.99943015754994,-0.790376385294027,-0.375879649041677,-278.834133614554,152.274349507743
2zb1,9.02423313148101,7.7843583821308,0.124412804415671,0.124412789069256,0,0,1.99822894058085,1.99822894058085,25.6770919220485,3.45561829019606,1.88376019373897,1.88376019341433,6.17820480437404E-06,4.22095564563555E-06,1.14161083536409,1.13130701072508,0,0,0.240034347675829,-0.0135810097273066,-210.100182102848,99.7916849806974
3fcq,20.1578706771521,12.0222291338944,2.18285639745263,2.18285634749185,0,0,0,0,6.43918251354696,1.8096471270093,3.49938420686253E-07,3.49081619765803E-07,0,0,1.9955571631522,1.99546901380403,0,0,-0.928317609640404,-0.756873763582791,-96.8117837095539,51.9206719011944
1lpg,19.488431001971,12.3526171040194,7.15787884352352E-06,7.15502621264241E-06,3.76290562079008,1.06362410198567,4.95169883851994E-07,4.95169883851994E-07,18.8136394417508,3.85702576211644,1.16992392863675,0.999997188103281,4.60804177512897,1.80935454977071,1.83578537380356E-07,1.79448318611325E-07,0,0,0.0832731475517441,-0.307419867340519,-260.218332655552,147.833759551661
2j7h,8.52634521904996,4.16309055744159,1.38254369180153,0.813677042074183,1.99833579286246,0.96720799567171,0,0,0,0,0,0,10.0865324111583,4.82465929584392,2.76193276053924,1.9710504869106,0,0,-0.304576174015751,-0.193910794799873,-94.8843994968946,50.5875452684607
1ydt,10.7945382367739,9.3900201787183,1.62518236282183,1.62518235113739,0.0418222257278809,0.0418222254895801,0.999999676363375,0.999999676362516,19.6575901110886,3.3544098708513,3.63692615627178E-05,2.61086264785205E-05,2.07547780665617,1.06560089925174,0.917162101506604,0.917162101506044,1.3332972254614,0.99962588252054,0.262294252479704,-0.111902641709936,-210.755189456174,105.422555660354
1bcu,5.56618110517564,4.17300459128681,1.8183966836592E-07,1.80798071545603E-07,0,0,2.84751579381189E-13,2.84751579381189E-13,3.79811645696737,1.1782701172486,2.17582607917715E-08,1.8777452111175E-08,2.20398575351875,1.6878924230683,4.5668183463592E-11,3.81802973996334E-11,0,0,0.064624455694744,-0.0120349683974012,-90.5833633400456,37.1677397409107
3g2n,7.10803192400114,4.98040062540946,1.47610494441004,1.47498863246144,0,0,8.0518623961294E-15,8.0518623961294E-15,4.35877700232239,1.35028068641762,2.49860702218841E-10,2.49860702218841E-10,7.08423902965131,4.92519121920076,2.54138982661893,2.34474647043179,0,0,0.185610257716852,0.152262795483805,-145.885563161162,67.2666892153383
1o5b,5.93020217143926,4.27495631309533,1.44221838920037E-06,1.44007106943377E-06,0.00750956787425467,0.00365533467413614,1.09446519245047E-13,1.06648857791739E-13,8.49743823749566,2.40383981244112,3.48221673397556E-08,3.07960718697792E-08,3.70085751618433,1.4664601876615,3.46405274949536E-06,3.46388122940489E-06,1.13038395933329,0.669783334405748,-0.528514861005851,-0.284882487283618,-108.532848201221,59.5437371051324
2p15,7.88077793649663,7.43877316442905,0.229952324201411,0.229952324180157,0,0,0,0,51.3010989073561,5.65732616115204,1.00160439328687,1.00156442414133,2.90157659863469,1.99999999964017,1.55696987169055,1.55696981157742,0,0,-0.131868953345424,-0.0229027241338987,-255.487740233649,109.473952606314
2qe4,4.45960611620003,4.45782113697079,0.0178479003013418,0.0178479002977333,0,0,0,0,27.2896228270599,3.21598090944711,1.00000000922773,1.00000000664998,3.45399381526649,1.9993495382518,0.508867332611438,0.508867291336135,0,0,-0.13097366097315,0.0466818974930239,-193.146302526399,90.3840687755209
2xj7,10.0555104214118,7.45210954152108,0.0147213733470435,0.0147211889420457,0.204990027227211,0.0766954698153854,0,0,2.52890475264746,0.347459146392971,0,0,4.97285308239457,3.94160799733481,1.32182708821537,1.32173863771227,0,0,-0.804556809791092,-0.190261071714243,-147.126483789893,75.5428391509461
3dx2,5.93223030413939,4.58964513962347,1.27321861104408E-05,1.09653607114731E-05,1.08405865536832,0.78267328067474,0,0,4.76164130540477,0.260065508708236,0,0,8.25759816304248,5.47803229296897,0.0192731383817619,0.0192487165881887,0,0,1.07667586541687,0.822619753380519,-120.097903882568,76.3045987552088
2qbq,7.82201641969886,7.38351210748831,1.516838924187,1.31883802515377,0,0,5.50422853562815E-05,5.50422853562815E-05,35.2229378117153,5.52802342083361,1.9606119479556,1.95700522856608,4.48890321271796E-08,3.97753866671811E-08,3.80697338622365,2.43318059672187,0.571986141078636,0.564951539466017,-2.63862920428622,-0.547623108852452,-176.866978193737,93.2564385355877
2yge,11.6491091348095,10.8142264767056,0.590128349383457,0.590127171995441,0,0,0,0,6.18673144356247,1.45120756156428,0,0,1.35303440734607,1.30677930482237,0.784900818340674,0.784510516731738,0,0,-0.395702622732784,-0.0815220618023653,-174.932015346518,76.274475632056
3u8k,11.0123810776072,8.25837714524135,7.19522767641392E-06,7.19240749958782E-06,2.66655921654337,0.777593233465655,0,0,6.05498434276456,0.92992509237333,0.693129377137959,0.693007446718794,2.54367209987066,0.977751953961589,1.17059611328201E-07,1.16787045788735E-07,0,0,0.0209146233233423,-0.0895561798519733,-157.717986996735,80.8511440861377
3prs,23.4411286034266,19.8950500522434,0.00259690581762158,0.00259686013801431,0,0,0,0,22.3093747520812,4.54261845184688,0.00850977448739207,0.00602946733199018,4.73198214240541,3.2193821707468,1.15883408214923,1.15883170099016,0,0,-0.327511533993014,-0.143845342112428,-281.221340257567,130.534676211988
2yki,12.8038617014736,10.8750517111119,0.000202945292255472,0.000202942896799233,0.0533332998569933,0.0469427302713883,6.55768342272742E-14,6.55768342272742E-14,31.1597467054259,3.95054758567426,4.89692285444156,2.1614523919705,5.09333549417002,3.93456844192469,0.115568145754632,0.115568083314005,0,0,-0.391665600039963,-0.163799471489449,-249.932977973833,119.883885572792
3wtj,12.7849651418878,8.48580968385533,0.137268938689477,0.137268924989778,0,0,0,0,14.9591579003543,1.63604662061155,1.00033054656322,0.9962933890394,1.01715827643573,0.990127644116284,0.467357780280864,0.467356777948237,2.94601492242426,0.999851327477949,-0.312260527726006,-0.111282779422035,-146.177361638876,80.2270587846349
2v00,9.52160913935088,6.7718799397096,0.414977999703114,0.414977928920626,0.0595207503159671,0.0591327452089082,0,0,6.92450940113204,1.23934507580757,0.000254150741772914,0.000177536118852653,5.01994421035612,2.65319319133794,0.0289222191083324,0.02892212577181,0,0,-2.17004907093194,-0.419417387760911,-106.232911151393,53.942055463272
3bgz,1.17926087845058,1.17926077843835,1.01744504219977,0.997279743381095,0,0,2.89237872318284E-05,2.89237872318284E-05,42.7348911036807,5.61379576019757,0.0511525764367402,0.0511525764367176,2.77631257889845E-13,1.5107462561864E-13,1.2935593072147,1.04731721395746,0,0,-0.469975631015812,-0.140343782989474,-157.561686659302,73.3029201117884
3oe4,11.2607227004258,9.45592736533535,2.55135866882396,2.55120785475559,0.000264676560613403,0.000144289357755749,1.00000067009794,1.00000000000055,11.2641956399104,1.84048299429672,4.03869765761796,2.98591651822933,4.13758457083598,3.4724258036159,2.16076418435381,2.16075478662794,0,0,0.789194896922617,1.52544559487168,-238.374585135218,134.728903226637
3fv2,13.7423770644375,7.6178688639333,2.5198570371652,1.34105877122141,0.546520254128238,0.546520253435186,0,0,16.5094956480083,3.11190875796056,0,0,5.83521160263164,2.13547988161324,5.03818213734137,3.59189953959233,0,0,-0.652872133914341,-0.475267187038796,-165.055157282298,91.6191863925773
2wtv,9.54078497280563,8.96889382963836,0.759854927116286,0.759854926001793,0,0,0.0253693011590127,0.0253693011590086,27.0796733568519,6.27792205132763,3.98362744859258E-05,3.98362743807409E-05,0.994081771732273,0.99408173796465,1.01326423827572,1.01326423713519,1.26240402760971,0.61513027626996,-0.126733385586022,-0.104239396008375,-198.538089503062,96.694018047466
3r88,2.33765118867251,2.23964104645436,0.977469229277696,0.977468843610037,0,0,0,0,9.42842575976569,1.88469424616643,0.999935919793729,0.999935910085788,1.09642952201761,0.983900003454751,1.04071921085672,1.04052707191716,0,0,-0.98294589852827,-0.165781122903901,-98.4357418992553,50.3735459034838
5c2h,9.33066283073602,8.6404040117264,0.000249988110224968,0.000247472846140051,0,0,2.63018811410621E-14,2.63018811410621E-14,21.3681972874145,2.89346836306473,1.79240740534073,1.79198160871519,1.69706826784193E-08,1.51288232288227E-08,0.500088780001985,0.50008877912092,1.18241588766507,0.981694945718074,-0.211851796311255,-0.0315330984286485,-236.266050048645,120.074558244135
4agq,11.6480590261029,8.85693015932609,0.000309339608605538,0.000309338859626375,0.0278098947822793,0.0278098947822793,0,0,14.3128571116085,2.91920479772346,5.41849847930535E-15,5.18972421737751E-15,1.05229743267029,1.05080150811579,3.99917531233127E-10,3.99892210562739E-10,2.62669828432371,0.999999999999944,-0.776465753948307,-0.114896367422301,-181.076982298204,92.3948393644724
3fv1,18.814009092933,10.4423192569186,3.28357193899194,2.17703956517203,0.609632340586227,0.605438839999194,0,0,16.7145742270732,3.06756638818436,0,0,5.53491071827107,2.08585124335795,4.93598768879551,3.43349446746009,0,0,-0.0941309069753705,-0.451286086430116,-186.075410941752,102.800028887391
4f09,4.7102494386736,4.60365571836369,0.480119006075997,0.480119006070923,0.000351512589452893,0.000351512589452893,1.38031813320723E-13,1.38031813320723E-13,9.30126878197044,1.37120683617222,3.32057683128609E-05,3.32057683128609E-05,1.00110669606129,1.00109660521991,0.999997265543205,0.999997265543175,0,0,0.462035866817034,-0.0501832550543605,-142.281961755285,67.448281356256
3up2,10.3765685115115,9.18438377412293,0.614059974735951,0.611033503539287,0,0,7.96371681883033E-10,7.95116672192483E-10,25.7535065629658,5.26984986195465,9.70897460658836E-05,9.70897460658836E-05,0.997706153508782,0.997706153497048,1.58386140902546,1.31954469494727,0,0,-1.06556981164927,-0.242593440949801,-174.892494400874,87.4754502217286
3kr8,10.1672835765926,8.2809652644785,0.645304996986874,0.645304996447585,0,0,0,0,12.7356669634679,1.9010692609553,0.173454281237166,0.172360617681779,1.05517475724917,0.999742355028643,0.755715574423761,0.755715474760503,0,0,0.66756380408544,-0.00914116815192344,-176.242482936816,90.8995750813698
4ddh,10.2074469493294,9.12706544465394,2.17877786874357,1.23338954251772,0,0,0.00364678626660068,0.00364678626660068,8.11437428527609,1.70005391568829,2.78550621199844E-15,2.78550621199844E-15,0,0,2.5817836875934,1.83197006127626,0,0,-0.561669113664063,-0.310351437906413,-120.325306606618,61.7399448236882
2wca,6.64286887477399,6.3460991626042,0.000713697766642006,0.000713595122332912,0,0,0,0,14.1164988760748,2.18855171194349,1.63109991501839E-05,1.35155089960305E-05,4.04059508412548,3.05164513901608,1.61787171091175,1.61786763205019,0,0,-0.364233242466431,-0.0892547856065511,-151.818477203356,83.9656934701227
1sqa,14.2090904898242,9.94773031891594,0.00216772084318644,0.00112590581095146,0.140030437942487,0.075510349988855,0.00026391790736493,0.00026391790736493,8.58032865973363,2.80849699669408,5.04953776703486E-10,2.78204879583935E-10,9.59009046963994,4.86980759681618,0.363141879677062,0.363141753073646,0,0,-0.114038958910031,-0.313611619845299,-158.6123500245,77.0379904497372
2ymd,10.9791115544391,7.86073196283276,0.0764391809691806,0.0764384417632153,1.91092371310497,0.865195376561159,0,0,8.75352894025941,1.12269441556343,1.00230740866937,1.00129025547409,5.1710427405926,2.94137211050941,0.96169360579587,0.961693393004212,0,0,-0.783721506482132,-0.156782760085358,-134.167594461894,68.6304857518853
4gkm,12.2868665214888,7.89166917768228,0.312293843536793,0.223211745445389,0,0,0,0,19.7525031301894,4.1172411953094,1.83093168491178E-05,1.83091102131477E-05,2.29362867622704E-06,2.26705344735793E-06,0.79217746404873,0.507161239369758,0,0,-2.8738192540606,-0.594374717899888,-139.670077351972,75.4768727762225
1a30,14.6170889613169,11.2293497597622,0.00105492959564381,0.00105490806960838,0.0929947058199028,0.0929947058199028,0,0,31.9465450886377,6.23208373297518,0,0,2.84087626699795,2.8368138604971,1.39645428352793,1.39644465723551,0,0,0.312204347199579,0.130688136549717,-149.467851269084,70.9037507520547
1u1b,21.3106877696027,18.4732311326487,2.19702693035775,2.17824956447605,6.68439436307533E-09,6.68439436307533E-09,3.08640302854782E-14,3.08640302854782E-14,3.430851161532,1.09155586525492,0,0,4.54628356087487,2.8235482182144,2.10123370749674,1.63923570388493,0,0,0.192585625074997,-0.0925846821518385,-173.96438493899,75.2769167218209
2zy1,10.567283483766,8.61521202379618,0.0433573241115057,0.0433365305481658,0,0,0,0,19.7038518792065,2.5429309259193,0.0490492013743632,0.0436237271037558,0.994464781641984,0.994446562233108,1.94501144301069,1.86585088558449,0,0,-0.51587561072979,-0.127460052625877,-166.041934619019,72.5295977148875
4w9h,15.2346682509585,11.7519333000748,0.792482301027733,0.79248209048276,0,0,0,0,11.7614968333572,2.07013593192576,1.01514386084743,1.01511964814779,3.05151439626276,2.00027996339652,0.24704967283162,0.247048260096876,0,0,-0.18729567765032,-0.122151890427033,-207.098125228734,110.899473692635
3E+093,10.615501298333,8.7816834754302,0.0821522341280002,0.0821516481657564,0.174253243434689,0.174253243434689,1.00000566830707,1.00000566830707,28.1826890050201,4.00097299315601,1.99997535104042,1.99997535104042,2.04702028756817,1.05416041230866,2.39859556826407,2.39859556641128,0,0,-0.0184700314855981,-0.102197309025193,-287.967281620692,139.85064304176
1qkt,4.3605685828047,4.33937449869736,8.45723595373145E-05,8.45723443252846E-05,0,0,0,0,27.6880665935101,3.37350081339807,0.999962862539972,0.999962861268486,3.55886433529419,1.99999868786683,1.03963757974826,1.03963723748384,0,0,-0.245804525891894,-0.0148712251000756,-165.518212025572,69.8550961401407
3pxf,2.992142119956,2.99213665495254,0.135880479455998,0.13588047047131,0,0,9.04366924446179E-05,9.04366924446179E-05,22.5644411707196,3.11674107056512,5.72801159626912E-10,5.63341610232258E-10,3.59868327935827E-07,3.59868269956108E-07,1.0337922804037,1.03379190795965,0,0,-0.00269442408508492,-0.0655651625290277,-106.108716571917,48.8865811867438
1h22,9.40196442683448,9.33162628691563,0.779853552401361,0.779762575847953,4.40583190821129,1.89331435029967,0,0,21.3334174346259,1.88057005084849,0,0,1.97508071043606,1.9750090824089,1.13110400491937,1.12902752048736,0,0,-1.65006506232657,-0.21500798248034,-248.640366479248,113.934823532928
3u8n,17.4804519098586,12.13108230926,0.0167825403123389,0.0167824643506135,3.1390893859163,0.850120189316874,0,0,9.82335855693048,1.49175433596106,0.834150612374889,0.833495658941168,2.30794076756534,0.971745651984045,1.70430806956699E-06,1.69840896999466E-06,2.9754986644782,0.999999495648841,-0.219592597387738,-0.113274348647998,-188.297503054151,106.93000307235
3nx7,8.90492769134205,8.72954854614072,0.0446598242684847,0.0446598023224982,0,0,0,0,5.78089098730567,1.55266055607267,0.0008080245205978,0.000808023210838305,3.71526311072206,1.91451935060268,1.37114661034001,0.790145115402958,0,0,-2.01989164205906,-0.723375642509339,-128.894416996576,61.8400318909192
4agp,12.6003478718505,9.71246326796738,4.5879764256529E-05,4.58792594585106E-05,0.0550324433676092,0.0330267416262118,0,0,15.2330329280834,3.05293113448549,4.47340391614604E-15,3.76120200178515E-15,0.127735681687838,0.127735485903412,1.21327510598513E-09,1.21276706060614E-09,2.46701389261023,0.999999999999781,-0.733300446725666,-0.110263617833548,-178.361839840164,90.9947955852744
3gnw,13.9220402510115,12.042364377272,2.34650750280483,2.34642941138297,0,0,4.89424500848815E-14,4.89424500848815E-14,18.8927543284346,3.28865708170355,1.96175609888178,1.95932188966997,1.9061295619462,0.999307148742997,1.65015236508576,1.64544792015828,0,0,-0.277045947115248,-0.0656296782830782,-232.029977721917,112.956676733777
3uex,2.97199107685714,2.9719909353276,1.8147507772622E-05,1.81475077522618E-05,0,0,0,0,69.7918023734169,6.95133403930645,0,0,0,0,0.909481576684496,0.909481576660855,0,0,-0.0532790532256944,-0.0147983674292058,-196.862365326955,91.5574940071065
4gr0,28.1050098287899,18.8402408024471,0.0467817681772857,0.0467816430397595,0,0,6.57704245459457E-05,6.5770424468457E-05,19.8552689499014,5.04291061437452,0.031204017402299,0.0312039422272451,1.99985715480211,1.99985449200114,1.46792759497281,1.46789029711764,0.655014769648626,0.637111264562416,-0.779601759335396,-0.563879323951923,-291.605006932988,143.264971846774
4djv,16.7149019165688,11.9065955010792,0.0331354442617817,0.0330843596677239,0,0,0,0,21.6110486893927,4.10079021684008,3.61943536387684,1.61966795895224,2.98692679013744,1.62137621848023,2.29176627488999E-09,2.04671465694508E-09,0,0,-0.446869995971294,-0.337819424334419,-176.838450723946,91.1348312377433
4ih7,6.54556988621278,6.16809563948316,1.93678722500617,1.93678099086913,0,0,0,0,18.3068749670872,2.7284188809348,1.0000051019887,1,0,0,0.998202863074161,0.998202859657119,0,0,0.660290980910794,0.00557943610532901,-136.417274737072,68.6356952240307
3kgp,4.14581680445821,3.6642208019551,1.83295117907681E-05,1.78100805735274E-05,0.216020779531838,0.216004229830245,2.18671930158558E-13,2.14495076873326E-13,4.78320515922367,1.6143391853788,1.10728660440334E-08,9.62862748534092E-09,1.98831163540558,0.997743502484076,0.00129797634782786,0.00129796253280663,0,0,0.0595095868095405,-0.139482209998676,-79.933952585963,39.2844032050766
2y5h,11.0200801885862,8.44482354111486,0.00016644101286572,0.000166383460825168,3.53182647947244,0.977998506834691,2.99414713331001E-13,2.99414713331001E-13,6.59190435642103,1.09291590666731,6.53630970830994E-07,5.46076955516012E-07,1.2135409078004E-07,1.21325006418595E-07,0.758883937409062,0.758883928321463,3.05789311338356,0.999642771511205,0.0623052630086536,-0.0599264655989455,-197.219942350768,99.2134642194186
3g0w,16.2369913237759,12.9827632082654,0.000766239062715415,0.000766235699720998,0,0,0,0,28.2051399143326,2.96569976024571,0.00252433361649041,0.00252156265282259,1.16406402791191,0.997912475007346,0.0247129765701755,0.0225100071288961,0.976608250514447,0.971025302226047,-0.277554209455522,-0.071669066814981,-199.737376146339,98.1646220976638
4lzs,1.58650993193866,1.58645031670065,0.971813375389034,0.971813375266223,0,0,0,0,9.43957546587087,1.24755066501227,0.8543684608166,0.854329829247488,1.39999310446555,1.39999308392427,0.871143544963823,0.871143517345241,0,0,0.0525921957209896,-0.0405021845736408,-109.29185152664,50.3180901194539
3udh,9.57504293376379,6.64681862461662,2.14978761288681E-10,2.10167566805181E-10,0.0015469978470423,0.00154699773963269,0,0,9.60158214672546,1.27015431961256,0.0531965130178755,0.0515301309671792,2.61841029540342,1.74573788355727,2.74533263763203E-09,2.73990961613184E-09,0,0,-0.63012490107849,-0.302616474695644,-100.620012640788,50.4964507915264
3uew,2.91101326624066,2.91101325016134,0.00979624130065024,0.00979624128738117,0,0,0,0,59.8976058789629,6.16546820551907,0,0,0,0,0.0576059664242212,0.0575949601851506,0,0,0.169089248534127,-0.00376234620557492,-169.439993689682,77.7975857091272
3dxg,7.41660739518767,7.16874948235583,0.0029643666914397,0.00296435191693409,0,0,0,0,0.458431811689742,0.0805009267472158,0,0,2.88786157168718,2.88572892396394,0.124899930546801,0.124899921610582,0,0,-0.318767597326148,-0.0542148923779272,-67.9026991202845,28.0695560326885
4ea2,5.95422994792821,5.92106634759094,5.94233066526034E-06,5.94231361076302E-06,0.182853488304863,0.11794575802886,0,0,23.7833077479158,3.42385674564737,0,0,1.49659979812638,1.49647947624365,0,0,0,0,0.248350528976054,0.0295020665820615,-222.656393257798,107.402954014584
4j28,6.03228152600542,4.5498018269496,0.856793787055101,0.80085767192736,1.59525030666169,0.961767152194626,0,0,6.15022813756789,0.617955086862806,0.83824132364397,0.836547844419112,9.04252641709363,3.94482291209652,2.61277608762734,2.03515996568378,0,0,0.220110778703172,0.0802995210324583,-108.19414456668,58.1490810188207
4eor,8.29424006461874,7.70959159993469,0.00555911926087065,0.0055591192582273,0.71714963036414,0.683023208826075,1.04041331900893E-08,1.04040912155518E-08,18.2673316617696,3.37120515460094,0.082297066641884,0.0822961150661782,2.95603674492868,2.95603660790108,1.93974994946581,1.93974994937182,0,0,0.527490360033125,-0.0443237734424839,-192.498609360904,91.5873548951445
2wbg,10.7605236480781,5.98987973727454,0.47580573558212,0.408787102721782,0,0,0,0,9.90414408639173,1.26872141275645,0,0,8.03127255109305,3.7576991199104,3.28717693505319,2.46772044289061,0,0,0.16942631174821,-0.0006499825608863,-171.350383065655,94.7056755673791
2pog,6.17316438274231,5.17524144176926,0.0681174122411057,0.068117411954792,0,0,0,0,31.2797157379875,3.22027803131127,1.00003578283071,1.00002885192477,4.21481137558686,1.99999992328387,0.769151243688565,0.769151056446282,0,0,-0.204274973165787,-0.0367011860702912,-167.890239612862,71.5797247423877
4pcs,6.34100188767152,5.05237299549936,0.163400154781554,0.128047373480662,1.41151954625844,0.817133476505749,0,0,9.68103947967462,0.98165874663821,1.00450561262202,0.999757892060816,8.0350166652715,2.97423160992434,1.62797276010925,1.06617536581398,0,0,0.848173919649091,-0.0516659507342142,-104.436730724059,51.6441342894784
1E+066,6.57632109033697,6.05841132951895,0.85382047240308,0.853820377986325,0,0,0,0,24.026226192564,2.13576035094074,4.9440279123263,1.99989276231434,1.57180162658958E-07,8.78083254030805E-08,8.00172260512313E-13,7.2429027024078E-13,0.451979319331481,0.451954834601247,-0.0228120382323176,0.00198176891443914,-195.519415185265,99.4239429414789
4jsz,5.44097616050201,4.3858180918306,0.66931803321956,0.669318033120291,0,0,1.00019616549414,1,0.0466536578194602,0.0413877432501942,2.47154748999809E-10,2.42895848134533E-10,0.582084110129062,0.566112810089616,0.131342212938193,0.131342203705974,0,0,0.118909156709048,0.0280996865204194,-61.2176375672015,27.5812923258295
4wiv,1.25423904575086,1.25398902987847,0.898881739370994,0.898881739363604,0,0,0,0,19.9515427092192,3.38688145206145,0.000797897169711146,0.000749559525576902,3.36822839073965E-13,3.30166641983543E-13,0.989415565951863,0.989413378268809,0,0,-0.181973556258863,-0.0277759704646667,-138.53000743395,62.3211278526216
1qf1,16.2877281544839,10.6100355603268,0.939497049604092,0.938580165476118,0,0,0,0,18.4356618265495,4.23574280739919,2.36156479555639E-06,2.3615475543574E-06,4.92273874023642,2.92083102729528,2.47856553851283,2.30278434846271,0,0,-0.822948853245168,-0.593260365274116,-192.54537020743,100.285202209456
3ebp,4.20483781632703,3.9512844394127,0.000105369062287158,0.000105365435072562,0.113677607644554,0.0878666487661895,0,0,15.2840339485272,1.92650467289678,1.96250050801179,1.00074492041444,0.114657968416,0.114654640731682,1.7299984011952E-09,1.35602651669252E-09,1.28341050771233,0.99804071016081,0.404904999407333,0.0217499696534534,-143.422117477404,72.2472254724542
3ivg,14.0075459490775,11.8439940097408,2.08529421509509,2.08528250223564,0,0,8.5588428984351E-08,8.5588428984351E-08,17.8258643776218,3.1099216116973,0.000689663850320639,0.000689663797687307,0.517543448058464,0.517500844121837,3.48423343830956,2.96092994079463,0,0,-0.790262353185111,-0.218122401070548,-219.670644528983,118.044270093458
3qqs,10.0472174130753,7.04668849902294,0.592718092345343,0.465789183715551,0,0,0,0,18.3413654252891,3.90985193946577,0.000314311642472184,0.000314310589267972,3.59665803378564E-09,3.46455060835751E-09,0.566930212408886,0.559902745091394,0,0,-2.39579350095477,-0.477062669397269,-131.671576921217,68.3616301159104
1eby,23.7186375120786,21.4969149667765,0.328668548449833,0.328548580287348,0,0,9.96889672698004E-10,9.96889672698004E-10,29.7877374472589,5.2717809539995,2.12011021667462E-14,2.12011021667462E-14,7.02995639682935,5.29232546914152,1.48381674873916,1.48381409225487,0,0,0.295329835792977,-0.11746944926738,-323.074562783672,153.803414858028
3o9i,17.2341797897422,14.4044290664073,0.850378104099491,0.850048926618808,0,0,9.26770714310726E-10,9.26770714310726E-10,23.7079400945622,4.77687080913678,1.96697452978004E-13,1.96697452978004E-13,2.00657953671756,1.40165241001865,1.92053437215905,1.90392101830915,0,0,0.249349050961682,-0.0639874790647418,-293.380956547005,133.856060326771
4ivd,9.52807656426776,7.2975667931018,0.356847450433992,0.356847450357943,1.97770085841117E-10,1.97770085841117E-10,3.17269136536632E-14,3.17269136536632E-14,12.1316991440708,2.49593574628499,0.00175419957121153,0.00175419957121153,2.00134639721301,1.9699665748435,1.11401516656854,1.11401516172744,0,0,0.33166950153606,-0.0439394338350921,-188.832168633198,93.2360599772698
3b1m,10.6434423889161,8.56920633275401,3.91395957294636E-08,3.88786362108492E-08,0,0,5.1186490577846E-06,5.1186490577846E-06,32.0951337280566,4.3745174704224,0.000522281979069095,0.000511007786790344,0.262881501126283,0.262881486058928,3.13555489114158E-08,3.1343558368165E-08,0,0,0.235854591648736,-0.00487960855712733,-237.795876967343,108.709073636745
3zt2,9.85253609126771,9.54871498883949,2.60225579038159,1.92951359500102,0,0,1.70673403003586E-11,1.70673403003586E-11,17.3738164316768,3.31889099599666,0.391498389265938,0.391435496744693,0,0,1.790091003935,1.6868067317999,0,0,-0.136266949451754,-0.165870809809386,-142.28804105983,70.1497121907489
3nw9,16.018620873918,12.6279471469521,1.70430714090334,1.70399739220927,0.000732693889117815,0.000399703766303281,1.00000091968282,1.00000000000225,16.6635824862615,2.83613068824351,2.80500049089542,1.64344597744789,5.04760401790247,4.11994726991887,1.83509436289827,1.83509379169717,0,0,0.837987089029828,1.30446728742169,-278.990949549441,155.851385094005
5tmn,18.3337778538893,12.7102253916854,0.0146513370245699,0.014033416302077,0,0,0,0,19.0340550133754,3.80791295316695,0.00639327935247471,0.00635078291625599,4.78872700900868,2.12425581540867,2.63668615517289,2.33911503333406,0,0,1.09746899292521,-0.409958891313196,-185.738899938623,81.3356275472516
4twp,9.95764796298926,9.21013451968829,2.26004662374003,2.26004635814627,0,0,7.62735982067823E-06,7.62735982067823E-06,20.183704657936,3.1222826529229,1.00814695890408,1.00805802305496,1.96298439773039,1.95978622261879,1.88360083248084,1.88349897200406,0,0,0.257532243834785,0.0542700710291907,-209.161081187938,108.944306144561
2qbp,11.7952469228864,9.71982290877563,1.61131099337825,1.57147194403733,0,0,2.94180464010017E-05,2.94180464010017E-05,33.8474256988705,5.20148372131237,1.97996793604793,1.97309928896247,0.000935870624963183,0.000935801944768091,3.30607336810821,2.29173161346806,0.840550655914408,0.838787478697805,-2.46753899288571,-0.542229313796577,-207.499566774088,109.292046588972
3u5j,5.38027546992809,5.37818877664012,0.000190468979893988,0.000190468955273924,0,0,0,0,17.8401186427681,3.07035471036783,0.00314965675557019,0.00312092310350917,0,0,1.36655767480057E-06,1.3665575947423E-06,6.50163886617789E-06,4.25205074962281E-06,0.0497783292990716,0.0077382764357657,-134.902014609112,62.7109250240012
3d4z,11.5466917744574,8.0694849411688,6.3798530893504E-08,6.17948611496011E-08,0.0712301119815004,0.0522719555539135,0,0,0,0,0.284782909970203,0.284775187475564,7.75950653819479,4.78103662356956,1.82325116835768E-07,1.76798663084199E-07,0,0,1.49164183474499,0.845694916208674,-114.066104803607,69.8372989233222
3rr4,11.1105320222983,6.93029437786261,0.771402387848855,0.770545686172869,0.0185260788996789,0.0185224149478822,0,0,6.14372487394008,0.792736677774765,1.99241294709999,1.99241294709897,7.56960357385599,3.82573717893464,0.932270206998793,0.782147944171783,0,0,0.0733497904801135,-0.242782302868018,-140.134293121479,78.9071947328318
3pww,24.9492687511197,18.9964532312295,0.0110291144867242,0.0110290840346293,0.179278256483822,0.179278255874592,0,0,25.4584470363262,5.56192102184438,1.00008639393157,0.999958724099414,5.85152569486741,4.84431810332689,1.0011113823264,0.997090188078214,0,0,-1.42298838186148,-0.355004535375962,-276.494920446959,127.863065784447
4k18,1.09834228726703,1.09795913390559,0.16323866836,0.162971774650956,0,0,0.999889538304993,0.999889538304993,24.8270139212549,3.86965930097228,0.000568539190306069,0.000568538763840992,0.0868315494131182,0.0851357191705265,1.50468716155584,1.50468566886611,0,0,-0.278539283214438,-0.0411385364689236,-180.79599116551,85.8523994441308
2xys,6.71832168290503,5.77490418730831,0.500450348332779,0.500450345789155,2.51734366990015,0.976594171476999,0,0,12.6341274448323,1.79429426487284,3.09940447143904E-08,1.53260374854517E-08,1.21024749758677,1.16587163281039,0.000668327995946526,0.000667987210251236,0,0,-0.453140182244756,-0.116568331523361,-174.493777532912,90.4325094762426
2w66,9.52453178256662,7.18251815887145,0.184805234789689,0.184804946647073,0.285864487911203,0.109659588478947,0,0,1.00713026001172,0.106469256783757,0,0,6.11509216498383,4.89247682791634,1.06083908846563,1.06070609883278,0,0,-0.293465979940018,-0.103852887441764,-149.617050658394,85.9664312711047
4cig,11.4565575580533,11.4041582771791,2.43180397443879,1.97059240106843,0,0,3.01886557882043E-12,3.01886557882043E-12,16.274222117661,4.71496249003552,0.000322488551128403,0.00032232159522254,0.998434597031069,0.998434597002224,1.87264714225636,1.71810423965079,0,0,-0.354677907852179,-0.194706461703667,-182.635480042046,88.9293052835822
2wn9,13.4087190356485,10.7918452228593,0.922207004511928,0.922206148285279,0,0,0,0,8.45028272159669,1.64759544284672,2.01527363715979,1.99999116914653,2.94328184196,0.99999999924663,0.0031999306335258,0.00317941180036485,0,0,0.112764381411129,-0.0358420410178983,-133.442420625052,67.6933893595269
3ary,1.95615179932503,1.48668344558482,8.44125614207714E-05,8.44099738595957E-05,0,0,3.30282826602033E-14,2.91980619320736E-14,4.25104755247199,0.506914531076453,4.0111840647503,1.99997830705726,6.01156168265887E-05,6.00106325720606E-05,3.99589871154335E-12,3.52476857451823E-12,0,0,0.0628026145560102,0.00403616033833456,-89.9141978050518,49.5228816115894
3ehy,10.9928206399148,10.4131141160257,0.003585198939175,0.00358515753661304,0,0,0,0,5.79076652626369,2.18644632710815,0.00798432194683765,0.00798432167561376,0.000617017988501886,0.000503871302824006,1.30891118472217,0.737944089084773,0,0,-2.07198809543922,-1.14898355705003,-126.522925293639,65.3972018972577
1c5z,5.07163900372689,2.92600428957485,3.14605189322588E-10,2.8109601112718E-10,0.0233437589277001,0.0090838858183268,3.24578996155855E-14,2.94428058609137E-14,5.97424312139324,1.99723251927926,1.78885901742345E-08,1.61634890837951E-08,4.91668817961118,1.9640137087041,0.000268518282362257,0.000244791398059448,0,0,-0.542831321742099,-0.329693451451035,-78.7100953454668,36.7027222251828
2vw5,8.9047025140522,8.35486242582444,1.58062972123733,1.5806290602212,0,0,1.13074379182469,1,12.6980718860368,2.72048538102014,2.4983266344673E-09,2.4983266344673E-09,1.88232274359446,1.875960170159,1.42899361421786,1.42899344865377,0,0,-0.140214517498011,-0.132794006620725,-197.428628720163,90.3065501037276
3rlr,7.88523404974611,5.14106696208856,0.561001247375093,0.561001221307208,0,0,2.8170400958789E-15,2.8170400958789E-15,20.2103726011678,3.2370506734731,0.0988786110925829,0.0988785959712421,1.27888683959816,0.999683411769644,1.08684121851001,1.08684121832688,0.467309129397051,0.465825504734897,-0.120936282994222,-0.0880304788198051,-156.124801060987,76.8778507889014
5a7b,11.8444906305365,8.80331013376318,0.00127419280277305,0.00127419073738314,0.0430733192668303,0.0430733192668303,0,0,12.4620407112472,2.36467544968383,1.21982387256494E-14,1.21982387256494E-14,1.78124618630247,0.988179832963044,5.03381898336861E-10,5.01307107912868E-10,0,0,-0.923762879606151,-0.131685267231556,-184.898793931698,95.8968802386159
4de3,12.4352136302222,8.64728329635329,0.747941743751103,0.747918705002424,0,0,2.01945596090029,1.9999999881208,4.00709220268075,1.39212493844645,0.0243283206596987,0.0243283206596987,0.0162434955860382,0.0162432956905185,2.93794960143996,2.80052291128812,1.0631252387895,0.999871527651641,-0.260385109808369,-0.0875229960070067,-121.507598372541,63.1077397746603
4bkt,11.096468758812,7.56748807179944,0.867080712937027,0.867080412571929,0,0,0,0,3.30766481270218,0.414745746449242,1.99942479414275,0.999999953627643,2.98515179280183,1.99999122203046,0.851524304976361,0.851523418804752,0,0,0.382686507126254,-0.0680723972230856,-110.178814051925,55.9165035857013
1pxn,10.0065747145278,9.95971215649525,0.358524273941675,0.35847203482579,0,0,0.993259116814103,0.993259116813737,12.2859951808029,1.86015830730205,0.000357782233944999,0.00034667800467448,1.16560192297605,1.165548607853,1.06178017836702,1.06176468084016,0,0,-0.0217125346085492,-0.0902697615377401,-174.795698136923,89.84191232829
2wnc,8.461084687287,7.52932804323084,5.00455362900657E-06,5.00299035237626E-06,3.64423468645909,0.963114910902476,0,0,14.1054369716086,2.1575890476175,0.788359508737308,0.788359505663856,0.994924641229728,0.994923022746173,1.65160024624938E-07,8.82992200780159E-08,0,0,-0.440458369003718,-0.10143175739836,-158.412165588826,82.2030092236343
2xnb,9.94166718304578,8.9363109740076,0.0298151265209601,0.0298151265139733,0,0,4.11002142788437E-12,4.00901585806785E-12,12.2421962288683,1.74233628682267,0.00010723772622064,7.65485703435631E-05,0.999138763357413,0.999138763058911,1.98795570800242,1.98795564656265,0,0,-0.137563280235607,-0.123929414211322,-186.175225449007,87.3877805455169
2xb8,9.97356081958228,7.95968333686632,1.24303573043271,1.19140737482435,0,0,0,0,19.8380637788083,3.10624853199725,0.999992543083253,0.999992543083253,6.00331230659918,2.99999952904303,3.79320320889132,3.05624604329106,0,0,-0.13750653994963,-0.243476703279079,-185.003713725634,97.0838141088419
3gr2,0.634880191239998,0.632817564479821,0.0635434144819288,0.0635433463521808,0,0,5.17372233984489E-15,5.17372233984489E-15,4.27159751389514,1.15682558672618,1.80895465303374E-05,1.80895465302128E-05,0,0,2.46365554090626,2.4594241592309,0,0,0.210056109258857,0.0979775662050726,-62.5744238700541,29.7338449532149
4w9c,12.3329707961933,9.84880325232089,0.681701787637817,0.681700999341277,0,0,0,0,11.2752491191926,2.10202498982464,1.47169137493386,1.47163425617207,2.82990676598136,1.99998350888523,0.0983609049813548,0.0983605599005491,0,0,0.0342901121479314,-0.0818235702330724,-159.138659139802,77.7708133892646
3myg,12.7630836622038,10.7725245800568,2.48576874918115,2.48574497791572,7.69811770719192E-10,7.69811770719192E-10,0.99999992545546,0.99999992545546,10.9701699308626,2.07942615952354,0.0274424223728836,0.0274424223728836,2.45446769075338,2.45314285685395,0.0294651293821218,0.029464553106309,0,0,0.726561608620664,0.138733257971792,-192.09867413547,99.0152209538308
3oe5,10.1560458170932,8.54208678859331,1.38838049219041,1.38836617318795,0,0,1.000000557122,0.99999999999991,14.419022075373,2.33629922184258,2.41630809379277,1.99721231264512,4.19776600446564,3.5534521909702,2.16171823238296,2.14851394726261,0,0,0.732998123115726,0.970848024537439,-237.80560103599,132.726297459514
1gpn,7.3887595311898,6.30953466525669,0.999357523220513,0.999357361491885,1.44092985430206,0.845512071465233,0,0,6.91095074875097,0.522541577737042,0,0,1.00010076608261,0.999999914657041,3.18753479892252E-06,2.83274074125894E-06,0,0,-0.633957038160006,-0.0684924282920146,-162.095098933849,79.863025011071
4f3c,9.77466440359503,6.88437134871812,1.01766445552677,1.01766414862392,0.03409805629261,0.034016309388459,0,0,20.4080837313588,2.01516308555253,0.048340664386412,0.0481854173954941,5.8426153767466,3.8900167924919,1.00000043268446,1.00000040944864,0,0,-1.02976765222009,-0.303759826095882,-237.953665516709,120.912788638653
1w4o,11.0577510101722,9.19210392077536,2.27746155487827,1.7291183937445,0,0,0,0,0.65136201166212,0.161778949744165,0,0,1.9874776373461,1.88973983065111,3.46060151141602,2.88783010207774,0,0,-0.0419711497561907,-0.141966805669848,-96.8196846161034,47.7604677508584
3nq9,3.02580611823447,3.02580360215187,1.69100355052923E-14,1.5761172603461E-14,0,0,0,0,32.4382718715364,3.92594377302825,0,0,0,0,9.61481302084782E-14,6.12447404371474E-14,0,0,0.0762198181017948,-0.0202512198372385,-77.2994419755549,34.7741925175288
3qgy,5.63227101223342,5.59859446364915,0.661129955661636,0.66112963932068,0,0,0.000558698603826183,0.000558698603826183,19.1526533935768,3.72124941625273,1.2209073925451,1.2200568460514,0.983106541901881,0.983106541884143,1.02252204560477,1.02252204560078,0,0,0.356224375724679,-0.0143037566216298,-163.284001995322,78.7960399860463
3kwa,3.82489729107686,2.85858467543987,0.737058856359044,0.735907932862133,0.336604436662477,0.17001567135296,0,0,4.89541571705254,0.886210547020721,0,0,4.64152311209018,2.45418379518714,0,0,0,0,3.16695596463756,0.772666654326861,-155.7552384608,100.516252464448
2al5,12.8846221315151,8.0759283059552,2.97967870675238,1.69085829215229,0.465332298010099,0.465332297592129,0,0,9.79395402187172,1.87366913040195,0,0,3.13303390556416,1.67143473738124,5.03071600140733,3.54986802093667,0,0,-0.390695852904287,-0.390208724914344,-126.720679900282,72.6922415057244
3b68,12.2783960431925,9.60068007557332,0.000648896882404073,0.000630817875120958,0,0,0,0,34.2949417421433,3.54863835755585,2.69647080537002,1.99831553842093,1.92119244407185,1.81391310783462,0.0678240043460079,0.0492862589476957,0,0,-0.146080418086568,-0.00998432505379372,-253.043315685086,123.468876351118
4cra,13.5965908070069,9.84416364751768,1.48582659338491,1.48469319375507,0,0,3.94491046271259E-07,3.94491038330933E-07,12.1424424920371,3.66145125020417,5.34790251921577E-06,5.33844653323704E-06,3.14949822823679,2.73001212483116,1.45743508703868,1.14166147032327,0,0,-0.440420830079529,-0.033204154353283,-197.654052477071,88.0765404444775
1r5y,7.77633229991192,5.26585921651017,0.099954378049394,0.0979247605189255,6.39635770916833E-06,4.0705603939984E-06,0,0,5.6235365137216,0.747079580162428,0.996184140934877,0.996184140704341,7.13435646490816,3.82866801420975,0.788760764112389,0.649748571284043,0,0,0.0219018134910101,-0.333104965741285,-106.652649234627,60.7768815663685
3syr,10.4615780986467,7.87224285535659,1.5522847698149,1.55090551107902,0,0,0,0,0.67176571193688,0.241676520232566,0,0,6.72013437282111,4.68672477971922,4.37281410762753,4.16058694372911,0,0,-0.575399471428772,-0.0573983060766158,-136.820650190502,66.4429679954233
4cr9,9.0724021179387,4.49376852519232,9.31288311173001E-08,9.27331681015839E-08,0,0,1.42344829562664E-11,1.42259007001846E-11,5.71717974299203,1.40190109637298,1.46099150942826E-08,1.23810259776161E-08,1.31225644287266,0.755065478487238,1.1002553458595E-07,1.10025420822983E-07,0,0,0.324444436689711,0.0206529365788957,-91.9714434367201,39.9631628709965
3d6q,5.8748576853997,5.68272884208212,0.00369082983102195,0.00369081788737147,0,0,0,0,0.480108148915025,0.10926633393212,0,0,2.86769819506054,2.8210333247405,0.666604037096924,0.657993509546249,0,0,0.217544560112739,0.0131354720157679,-71.6065346794232,29.7706915454755
4kzq,6.08707075162685,4.67146037220686,0.673612485042123,0.673612484050192,0,0,1.21240904702738E-05,1.21240904702738E-05,13.6682945709432,1.70721711935285,1.58995493163128,1.53557642972687,0.000601913768887164,0.000601888554888131,0.976806163536081,0.976806129015075,0,0,-0.313051261962087,-0.0470166613861103,-154.643621735098,77.6528277743457
3coy,9.98035210662905,8.8953747820954,2.22987631920378,2.22897367046206,0.00911681986862578,0.00904435744384914,9.02001566505879E-07,9.02001566505879E-07,9.92550310144896,1.52351933480289,0,0,6.18403970027966,3.91158043636423,4.09140284036996,4.02106479790675,0,0,0.568392192475836,-0.0261411970304546,-232.405036575827,115.599584180547
3arv,2.79456627900896,2.03159802105513,6.40842394671019E-06,6.40427336554354E-06,0,0,1.62219416530896E-11,1.61820406854453E-11,12.5381413095077,1.51929362030682,5.98556823246347,2.99993861895804,0,0,7.90566461683219E-09,7.89406484892808E-09,0,0,0.243291713491764,0.00710203881107247,-115.769844689678,61.1939908108601
3ag9,8.5906602852131,7.0184302285619,2.47185249603712,2.47080215081738,0.0821179948370631,0.0821086214590452,2.19883413366272E-11,2.19883413366272E-11,20.3143165916254,3.05373809089828,0.000205389656760896,0.000205389656760896,5.5913342243802,4.77296727064196,2.00534149125139,1.99317143592896,0,0,-1.41495852212327,-0.635034855733696,-239.169325886537,104.358239764264
1g2k,13.1182875596281,11.5101229967519,1.26313991996446,1.26083301341245,0,0,8.63060271815078E-11,8.63060271815078E-11,26.7123895259485,5.24962372897878,2.48051665070207E-13,2.48051665070207E-13,2.58650034779549,1.21445964030926,2.06580433563907,2.03839255665555,0,0,0.281598249083098,-0.159698913264842,-292.499857604946,136.937660180975
2c3i,2.09814706796246,2.09814286204821,0.269653400226036,0.269639990200544,0.199009584200571,0.199009584200236,0.999999999652851,0.999999999652851,23.4072828461457,2.94396778420068,0.0175056093725113,0.0175056093724727,1.4842885064477E-05,1.48416172508723E-05,6.01647181230512E-11,5.94725861326203E-11,0,0,-0.545382546271849,0.00253214943416285,-172.208666354406,81.9774668342449
3n7a,9.01730777892916,5.21586742330028,2.05238068561873,2.03972079283391,0,0,0,0,13.8567940024955,2.42622602806186,0,0,5.96276780608609,2.99999929038409,4.41042783199367,3.29032081135741,0,0,-0.85675751516706,-0.266540247153936,-99.4866314502333,53.2950828307857
3fur,7.53100294831723,6.30298166808836,2.45894043360404,2.45894039347242,0,0,1.66409767702388E-07,1.66409767702388E-07,38.5265940946446,5.26599783524848,0.713745800204771,0.713731459553698,0.702558452054488,0.702553738352109,0.269697322784106,0.266718287157793,5.39547614304299,2.29935319276859,-0.0946084895620898,0.0804961861175754,-226.643174867174,114.826138937224
2wer,5.13835600526696,5.13652514570372,0.000150082467185788,0.000142247418845458,0,0,7.5399270280151E-15,7.5399270280151E-15,11.9121746697489,2.1026476258661,8.26131734817339E-07,8.26131734817339E-07,0.911257075497415,0.823853883510362,0.727023450167525,0.727022814578405,0.978527102796976,0.978526999520543,0.31852212246101,0.011099559559264,-150.848698093225,75.0550949188933
4llx,1.0376649941935,1.0376645137566,0.428799376616719,0.428799376432854,0,0,0,0,6.7938705614432,0.773603677945213,1.12033698868781,0.999999973097178,0.841163474951798,0.841159381258932,0.998264372970122,0.998264372655963,0,0,-0.023120375905825,-0.0278322308387407,-63.2688910176013,27.3177999151255
3l7b,7.86448691513914,5.53639490353852,1.23492425332988,1.23255620433661,0,0,0,0,0.670126205270928,0.256029465631094,0,0,5.09634681272164,3.00377875618913,3.43377134186379,3.12997074725552,0,0,-0.226984264331218,-0.107920132335913,-129.611161558717,59.1905383393614
3uuo,1.56103210318089,1.18099666357621,0.77391649992625,0.773915038990507,0.0858556151738818,0.0495713260440311,0,0,12.107942845213,1.54307939474123,4.02369518280898,2.99961225367808,0.808584386003244,0.808584384869714,0.579549344223327,0.579549343301657,0,0,0.890353552140763,0.101052357454867,-123.910939268789,52.8477972170005
1q8t,9.88341668547566,7.82141934673023,0.807321928949079,0.80732192832618,2.52119747372368E-05,2.52089292431022E-05,0,0,6.83624577490122,1.44663999981775,0.0252039314564361,0.0251966646123253,0.999910550378439,0.999910148186376,0.965034213829992,0.965034213829533,0,0,-0.395875559814243,-0.12328378262022,-133.142343263674,60.1321777614627
4u4s,8.05869086224036,4.57557640042106,0.301529957214277,0.301529956797591,0,0,1.81464891126415E-14,1.54899525425391E-14,2.90391583241063,0.686701680760608,5.16365098104558E-16,5.16365098104558E-16,1.00000883621577,0.999998109204341,2.68100233520644E-07,2.14443438342348E-07,0,0,-0.391964888880398,-0.0331873911541367,-114.656381341441,57.3869813623977
3b27,1.45652694425277,1.42582447302707,0.0163916469200324,0.0163916468098228,0,0,1.38005259154904E-09,1.37992717592346E-09,14.8362281197063,2.38370172638822,0.168968081738711,0.168968081342638,1.70212508975773,0.999907479020643,0.0887827676392387,0.0887774073999924,1.3773942313756E-05,1.28911002587302E-05,0.0202312134388011,-0.0425163550728337,-108.357567393655,51.2033234540054
2w4x,5.27584750553604,5.18157754162255,0.00278089416119996,0.00278085911376253,0,0,0,0,4.6668875483004,0.424785802226321,0,0,5.25594671459502,4.24939636028769,1.30130345174641,1.30129406577567,0,0,-0.01566572646454,-0.0480895723887036,-116.562829706289,58.6437219782185
3jya,0.999593553164736,0.999593552751162,5.60315098522292E-07,4.52099784798045E-07,0.850188738301252,0.850188738301252,7.5717474670864E-08,7.5717474670864E-08,20.1716223147911,2.22920326479789,0.000110494858839002,0.000110494858839002,4.83728886342555E-12,2.74927555138897E-12,0.321727324227687,0.316990851533174,1.5036298212005,1.50265398536127,-0.677190357686526,-0.0460340948483178,-121.745250834085,59.7028164790305
1ydr,7.62902003097663,5.27419560464421,0.699201140970649,0.699201140901801,0.000184169972781012,0.000184169927630364,3.33402517471922E-11,3.33402517471922E-11,14.2692847542427,1.82282082937245,0.999707014856544,0.99966734454815,1.66387181059368,0.998840484294854,0.999820965814841,0.999820965814587,0,0,-0.124733274048461,-0.106867756391456,-156.95652156183,80.6398146581363
3gbb,12.0437476369954,7.38678214411888,2.09841001165206,1.01345310103598,0.700445130356517,0.700445130263413,0,0,18.4299264403099,3.33890497983747,0,0,2.59535095056639,0.999941607871398,4.39132656500346,2.74713358766038,0,0,-0.0405668286744045,-0.374265903129009,-150.547124676281,80.2035526814043
3uo4,16.3262722977394,12.8690382354234,1.40395483756844,1.28992475703184,0,0,3.87076542687491E-09,3.87068182666536E-09,26.1840950648834,5.99150496435743,0.000464315816947756,0.000464315816947756,0.995351894917606,0.995351894886192,1.50784456677979,1.28055534440146,0,0,-0.669266862709972,-0.258439950453481,-191.106542557789,101.069609321006
3ao4,5.23856253536314,4.05591736535175,1.52533807404879E-06,1.52497852635372E-06,0,0,9.13419372033299E-11,9.13419372033299E-11,7.35003606312275,1.16509495837455,6.48572142935629E-06,2.86942581082782E-06,1.95279297836495,0.990444401422873,3.17454916257739E-08,3.15779650678625E-08,0,0,-0.243409821856294,-0.0588878729133918,-134.803583986221,76.0062334996943
1bzc,10.3785496317386,7.02685475542692,2.04057912229987,0.970540607965047,0,0,1.00042261908205,1.00042261908172,17.6577949387962,3.15946410160107,2.8316115577378,1.83716143880752,0.941054791810131,0.936057303623248,6.05545764845003,3.59172822356564,0,0,-1.23559764520116,-0.252874964258454,-174.022992057465,99.346064166559
4ogj,4.2847599734834,4.28475905203913,0.400351317093759,0.400351317087351,0,0,4.12352168836523E-10,4.12352168836523E-10,22.2545639280269,4.0550420306644,0.722440056994171,0.722431475066751,1.8112819399421,1.81128193994036,0.987059909679015,0.987059908829103,0,0,-0.198764675980063,-0.0780930065192164,-142.735982338209,61.1654124243766
5c28,4.02405525846044,3.37106762535589,0.00227099400543457,0.0022667571984018,0,0,0,0,12.9513829032098,1.44874479163041,1.00006843920187,0.999988665788864,4.74024921929933E-08,4.73099492785586E-08,0.999503721106596,0.99950372108246,1.6338422028688,0.999999859026706,-0.092319891184086,-0.0103366162179017,-94.660887900067,46.1331293968074
1s38,7.86974582003716,5.77449801715732,0.227272726382751,0.224218967858039,0.0184415004534684,0.0184252418701216,0,0,8.16111984469818,1.05255470505967,0.99999999036491,0.999999990108049,5.41179332856105,2.46954107636179,1.36067453070812,0.904515876121118,0,0,-0.410468066197832,-0.298428470292586,-109.172862058028,56.0009494704938
3zso,16.181539005925,13.9840984358446,2.44371147002002,2.02094626761864,0,0,1.6008224815654E-11,1.07014794980844E-11,19.1325115871332,5.48194138325339,0.0486959110507572,0.0474507013768623,0.999436333167377,0.999436333138309,2.76846765860627,2.57631256239254,0,0,-0.295426198116778,-0.198928433359468,-204.210100949129,99.4835006511771
4abg,8.21803444449266,6.09617945626613,3.08197187155202E-07,3.07902627251899E-07,0.0949020633908613,0.0947965427472954,2.9552017906581E-13,2.9552017906581E-13,2.46260783082011,0.746604920806221,1.13368045609678E-08,1.0064875669527E-08,2.60633798391084,0.998248987574508,0,0,0,0,-0.111294577323388,-0.183905650929694,-103.605760929363,47.1121497075575
3f3a,10.5916401837926,6.30438296189027,0.00268405545383879,0.00259284657737507,0.948017865276323,0.947319415358289,0,0,13.4078636544306,1.82425019134206,4.41529665226717,1.99999999999319,3.78097395700157,1.12895885023334,0.13392125152228,0.133758277658151,0,0,-0.999148541735048,-0.241952342275486,-130.954510242075,74.0884408920375
3ryj,5.14519163291492,3.88045876135005,0.0700711710892455,0.0700652213057705,0,0,0,0,11.4084525741367,1.95488629337876,8.33543827380991E-08,7.71945556371462E-08,1.03495101726191,1.00000003551917,0.428857247791747,0.428811092265561,0,0,-0.0691217646609313,-0.431286692678287,-102.708628985662,49.6873236208405
4de1,13.5423988269035,10.0896375483203,0.355408193572315,0.355144791756096,0,0,2.00357319977349,1.99999998566859,2.59863787438605,0.837739876434566,0.160189269370513,0.160189269370513,1.51036963553025,1.51035592003461,3.07249039775778,2.90699266306558,0,0,0.0668780244633635,-0.0706672135451681,-124.887199787863,65.3516881683384
4dli,5.27517562410124,5.01785530283414,7.1731814989596E-05,6.97212179481615E-05,0,0,0.000265967524032615,0.000265967524032615,19.9025334262426,2.87648002027422,3.26003743100874,2.00913716842127,0.915040576993464,0.890386297280806,3.47903921315272E-09,3.46944402163141E-09,0,0,0.160501441777614,-0.0311190166204635,-169.269738700623,80.6654427806383
1vso,15.7783289554984,8.52900617356212,2.21694181017411,1.39298963859364,0.890633483923129,0.85887940392768,1.25234488258553E-12,1.25234488258553E-12,14.9462910735553,2.55319994825862,0.183504327856367,0.183504294941438,2.98002479359671,0.999819489824236,3.58284410876894,2.85516024302205,0,0,-0.431404180427405,-0.371499108170757,-118.347356800553,62.7680408645288
3E+092,11.2968387350796,9.77882176849905,1.17936927199778,1.17936913647755,0,0,1.00000000008802,1.00000000008802,30.4225098374099,3.8283327925424,0.704948549545485,0.704948549544758,0.972726960190647,0.972589894995121,2.6560581580235,2.52110042383426,0,0,0.0322970639832895,-0.0863990266262021,-230.795987033175,112.128236830255
2zcq,8.17722449484258,7.33628231918971,0.320679555094105,0.316944774554636,0,0,0,0,18.6241722831705,2.63339273357682,1.9480343971214,1.0658390301083,0,0,2.98048776912525,2.50544900721758,0,0,-0.763504164972301,-1.01129430715137,-169.944722931332,93.1476963573298
3cj4,9.61105680740064,7.15427115903518,0.14285469086984,0.142852475410829,0,0,1.16411822473226E-10,1.16411822473226E-10,17.4009321957332,3.1892445088263,0.937740403861579,0.937679678760728,2.57521020609115E-05,2.57471820561116E-05,2.18856460263258,2.18844249818565,0.859033135624024,0.811979710555227,-1.0820620915598,-0.211693350664928,-146.995337580013,76.755128039186
3bv9,6.74168617878155,6.09446095298262,0.000483064568754003,0.000483064102161959,0.0947584808345739,0.0537761905296934,0,0,20.9861188413583,4.6856614464811,0,0,4.79076513404035,2.72497845375759,4.76411013826201E-06,4.76335698087106E-06,0,0,-1.11537309155458,-0.360418664235165,-203.233517642239,83.7175783308597
2vkm,30.0175660615048,24.3080753994902,0.022184849274862,0.0221170353455889,3.78329082497795E-06,3.78219877613229E-06,8.20181432046863E-11,8.20181432046863E-11,25.9069295319113,5.02102429055818,2.28074962384594,1.99995423367653,6.22627314085762,3.93343265750931,1.99510281282551,1.97299220162177,0,0,-0.947745893775239,-0.288737075988698,-362.498457568654,194.135565086307
1uto,5.68952945193321,4.26395623138613,9.58593702211572E-07,5.96296778300199E-07,0.202934303803659,0.17190264422066,5.94634004065655E-15,5.94634004065655E-15,2.10513769063161,0.84640015629752,3.49222696351035E-11,3.48387011059721E-11,2.28446273530805,0.982884868989638,0,0,0,0,0.112764025808121,-0.101447332301507,-73.4168856918553,31.2757091927519
1y6r,10.4981652322678,6.82470057279374,0.285427731982904,0.285427722352619,0.0578234241852359,0.0578234229237199,0,0,12.9601622643801,1.1469711199298,0.00322543162026935,0.00167604458100511,6.88498641756259,4.04977998761779,0.84532312069977,0.839704579146057,0,0,-1.02264567018317,-0.28656521819035,-190.062689701849,96.0827096048935
4j3l,6.80154112538261,5.58841739574264,1.02003776822154,1.02003776504304,0,0,1.10419945915912E-13,1.10419945915912E-13,18.4336068001085,3.04401698804137,1.41831292553871,1.08046229134437,2.17430676328911,0.999139175188554,0.995002460038785,0.995002217039855,2.09266967101565,0.999918371777048,0.25918675952369,-0.0410357312899819,-184.351342487784,96.6939336528434
2r9w,8.76752934589803,7.38300332911054,0.25526994958772,0.255101686870296,0,0,5.08644203157551E-11,5.08626614801025E-11,18.281899856291,5.51548850709095,0.999999360917465,0.999999360899428,0,0,2.26635449153007,2.0764493937328,0,0,-0.861164818983968,-0.211886609991656,-129.910632347382,69.4184047499453
2xbv,21.7648369950988,15.3684286868503,0.01152111124611,0.0115210332081411,0,0,2.08331502898973E-13,2.08331502898973E-13,11.4289754168251,1.66718008688099,1.13365169524867,1.00000856374492,3.28762674672035,1.99986150334372,3.47439315375591E-05,3.47408426481072E-05,2.91766910158844,0.999620552118782,-0.363951796066797,-0.0843136750633023,-242.69210289282,129.139852482248
4ty7,16.816576405365,10.9021683976842,0.87727514866276,0.877260201988685,1.5376147065192E-05,6.76935673797368E-06,1.86651658639552E-08,1.86651658639552E-08,12.3491315892289,3.3551658906574,0.0721499934288437,0.0721499934277464,4.5236301849735,2.04281880140095,1.13615536093224,0.907164472313435,8.2668675978949E-05,8.25496307086905E-05,0.243949475076399,-0.160752886785108,-216.045597414973,106.41191685796
2cet,13.3034554273861,7.0018100287342,1.17613406631489,0.850872416041063,0.00588544708521912,0.00574824871725443,0,0,5.97836964925507,0.95183309363468,0.37827766316061,0.376508334117996,9.46867853008113,4.52148542154978,3.08048982051545,2.42417743137007,0,0,-0.0227359282195715,0.0365511839007336,-168.846240798479,88.9468771966556
4mgd,4.4626150022039,4.46218623591654,3.942723729893E-06,3.94271736107004E-06,0,0,0,0,31.7781716978696,3.25416335590687,1.00000236029032,1.00000235461846,2.37030744182394,1.44236313611036,0.756074652544689,0.756074645940492,1.00047475049047,1.00047423169288,-0.158623421765847,-0.120093273863024,-147.955939951739,64.2493641297034
5aba,8.06962654822509,7.11742854226513,0.000383793451821846,0.000383791622914419,0.0526161956566878,0.0323819558451468,0,0,10.5907203515946,1.92073727235018,4.18676905318228E-15,1.61486215007479E-15,0.579772921750897,0.579771384760859,1.80577124672693E-09,1.80575329689984E-09,4.84971551491787,1.98912541600228,-0.700779149489257,-0.0976623112017556,-126.689181244411,67.0568606164338
4owm,5.27822759699603,4.89443459382527,1.01088526279405,1.01088521758904,0,0,0,0,9.14238100922712,2.0461285731732,0.999654647359031,0.999654646114272,4.91180652555427E-06,4.7910982903106E-06,0.256021893977668,0.179169745509628,0,0,-1.04145959669808,-0.150435027238625,-69.6233814757243,35.8070825479662
3jvs,9.53476420402377,8.11418347699578,2.88012143627435E-06,2.88011549736371E-06,0,0,0,0,18.9297736074226,4.02622468231735,0.999999784799525,0.999999784799491,4.34696097377233,2.40342969448152,8.2224927059686E-12,8.16678486710622E-12,0,0,-0.377961961078112,-0.0927488049856744,-165.167854691375,91.9879995930086
2p4y,13.1526589300468,10.8420711407491,0.0550395543089516,0.0550395525670889,0,0,2.66881275977354E-13,2.66881275977354E-13,42.0086307480035,6.55742038142142,5.57883295362887E-07,5.57790722089754E-07,0,0,0.61999656986438,0.61999652447815,0.0521708601743876,0.0423333462969136,-0.532846969589431,-0.16084303917297,-262.896987071109,128.212755260921
3uev,2.55735718837165,2.55735499832205,0.0408179765658426,0.0408105603580703,0,0,0,0,60.8683123106917,6.25110158087283,0,0,0,0,0.0287113729788547,0.0282714897841662,0,0,0.0348787845190708,-0.0429762236929097,-163.33868431778,77.2135201442939
3wz8,20.0819908991956,15.946376112707,0.281774249066669,0.281774205400588,0,0,0,0,20.3194865863269,4.279759122985,1.00150231612395,1.0014952384261,3.12080102971706,2.24015235127323,1.04769815575077,1.04013558068254,0,0,-0.214183543680407,-0.139256502163894,-193.142805131047,94.7431165795942
3zdg,10.3765838998877,7.44175657236238,2.60439209311597E-05,2.60439207199499E-05,3.2748369336874,0.987210027145927,0,0,10.5251086932232,0.822830813847125,0,0,1.00306647760621,0.995676055129998,1.07889399318235E-08,9.85106558171687E-09,0,0,-0.239859029008525,-0.0862521644950551,-155.844693932016,85.8838198051644
3g31,0.549159624761861,0.549129381199318,2.9361261251322E-07,2.93336511408342E-07,0,0,0,0,9.68511838450516,2.96777009840853,0,0,0,0,6.31721478781875E-05,6.31611687019718E-05,0,0,-0.557620039951684,-0.0884945341653439,-58.5830287004896,25.1770894440282
1gpk,6.70985071511747,5.75002062383358,0.206821480240736,0.206820595052044,0.412345698899988,0.219181652000275,0,0,8.3084891322644,0.624201850697858,0,0,2.75844418995739,1.99378899469205,0.109714597756775,0.109709585866842,0,0,-0.523514772818001,-0.0404673701365365,-146.300513015816,67.3320208167666
4ivb,9.95451624794365,7.92914282507928,0.271050271974664,0.271050271948728,6.46240231426054E-11,6.46240231426054E-11,6.14377683964521E-14,6.14377683964521E-14,10.8667264472383,2.15379079746558,0.00662723449487285,0.00662723449487285,1.98521364366751,1.95427556286645,1.07828566107579,1.07828565888293,0,0,0.420924045648354,-0.0185938583700394,-165.246672225724,75.6367248276357
1h23,8.35852722678239,8.34119776817574,0.814187948070687,0.814175055688859,3.97250745202673,1.73581695400539,0,0,27.0661889223597,2.26957038432018,0,0,1.97690263636577,1.9764019559203,1.17783202245394,1.17780525502331,0,0,-1.34271072112644,-0.194238938904217,-262.335441392461,118.727697240294
4w9i,12.0908510062867,9.88653784760426,0.455004506479188,0.454998610043117,0,0,0,0,9.31734585239817,1.70611984722995,1.73164637377534,1.73162636874294,2.93023991791925,2.00000217485668,0.349424202152323,0.349419758755449,0,0,0.0413123583026322,-0.0970026567765899,-184.236379180733,93.2137082575072
2xdl,5.63819949786832,5.51705858802614,0.436034198079521,0.436034197304543,0,0,1.47473082816551E-13,1.47473082816551E-13,7.16896553439069,1.31983934310384,2.8653888247697E-07,2.8653888247697E-07,0.00314245311355131,0.00314243857840794,0.857226052108023,0.857224511863622,0,0,0.105822379077496,-0.0210920147784953,-131.932962920877,62.3287617781243
3p5o,4.46944846023893,4.43877412689656,0.000516180666355297,0.000516180165522189,0,0,0,0,16.9873693949788,3.24766884720045,0.00313605254560342,0.00312114312365256,0.0442021461583349,0.0442021459246621,1.34051539626278,1.3405153928392,1.21631758155292,0.779916107665033,-0.0215243825429859,-0.024600486545491,-168.680203928953,82.1736071356921
4rfm,9.90388773742383,9.55981258584389,0.685592899255765,0.68559284916273,0,0,3.08727231353403E-07,3.08727231353403E-07,14.583428762614,2.10808981391477,1.00019350141662,1.00015806308482,1.99419568799051,1.96619569093853,0.691631528640114,0.691631528637347,0,0,0.00136870752883361,0.0139652164471658,-202.159667520337,95.2475666990019
4kz6,4.35811908188117,3.35701418004181,1.33277579565764,1.01267461276734,0,0,0,0,8.29254596954316,2.55588688540277,0,0,4.76923820857565E-06,4.76919791207681E-06,1.72461238741969,1.46690704468713,0,0,-0.721105171046806,-0.166673544595186,-91.2906973792467,42.8902167321297
3acw,6.08801798261835,6.02955931276141,1.04878719066237,1.04878715414542,0.242067220998739,0.130694882851995,0,0,25.2673811150827,3.05148130199254,1.00004030438787,1.00002017840725,1.00019606857518,1.00019602165002,7.91306080245306E-10,7.91215420289951E-10,0,0,-0.289137667711835,-0.0337580765860342,-179.313055721245,81.706566262343
3twp,1.96071563790729,1.93651124070287,0.166592275866161,0.166592037046853,0,0,0,0,10.3633375346701,1.95492593109423,0.0167096050406936,0.0167096049240963,0.995777714172853,0.995757757382109,1.49076785916704,1.49076771989715,0,0,-1.36124927492338,-0.179015673124873,-64.7842848327893,32.7667277552218
4hge,5.72034459861667,4.7249580830318,0.0777118862030495,0.0777118859974323,0,0,6.99553521051924E-09,6.99553521051924E-09,9.06147731716446,2.14538245085362,5.51804774132114E-11,5.51804774132114E-11,1.07581641250826,0.541883515022032,0.978027165385403,0.978027165384344,1.83109709039893,0.979779082831777,0.161347777143781,0.0218909876591777,-175.329898756457,89.5414685978036
2weg,4.02197035222278,3.68247148045894,0.00693275279585013,0.00690253920166199,0,0,0,0,7.69039087348924,1.48180703095141,1.12715194602962E-05,1.1268768928743E-05,2.00541925499317,0.99999999938466,0.685649361633879,0.65271680331255,0,0,0.175517999697186,0.0989830551500329,-80.102827299814,39.9152928381693
3dx1,5.84763457529019,4.11708756667138,4.21741872051628E-05,4.15523500345079E-05,1.11251991539649,0.818936906396219,0,0,1.54750597005017,0.108405063683641,0,0,6.9595905745678,3.68186455096314,1.0694333834029E-08,9.64907279780561E-09,0,0,1.03121906031434,0.695628310263203,-86.6797786849655,54.4765026644926
