PDB code, PI_COUNT, NI_COUNT, AR_COUNT, H_COUNT, HBD_COUNT, HBA_COUNT, XBD_COUNT, XBA_COUNT, HVY_ATOM_COUNT, ROT_BOND_COUNT, TOTAL_HYD, LOGP, TPSA, ENV_HBA_OCC_SUM, ENV_HBA_OCC_MAX, ENV_HBD_OCC_SUM, ENV_HBD_OCC_MAX, PI_AR_SCORE_SUM, PI_AR_SCORE_MAX, AR_PI_SCORE_SUM, AR_PI_SCORE_MAX, H_H_SCORE_SUM, H_H_SCORE_MAX, AR_AR_SCORE_SUM, AR_AR_SCORE_MAX, HBD_HBA_SCORE_SUM, HBD_HBA_SCORE_MAX, HBA_HBD_SCORE_SUM, HBA_HBD_SCORE_MAX, XBD_XBA_SCORE_SUM, XBD_XBA_SCORE_MAX, ES_ENERGY, ES_ENERGY_SQRD_DIST, VDW_ENERGY_ATT, VDW_ENERGY_REP
3jvr,1.0,0.0,3.0,14.0,3.0,2.0,2.0,0.0,23.0,4.0,5.017244610987,4.3653071205524006,68.25999999999999,13.390674504848848,9.760477362637229,2.46533913975378e-05,2.465338834540876e-05,0.0545851207509448,0.0545851207509448,0.0,0.0,15.464041038607858,2.761543235964682,0.9999973960512284,0.9999973960509312,3.72771866534544,1.995970889362543,2.677781429573504e-12,2.677469228654428e-12,1.218259332935132,1.021902573850027,-0.7178889375706812,-0.1449969333243992,-133.29972347862414,71.25216593301127
3ozs,1.0,0.0,2.0,9.0,6.0,12.0,0.0,0.0,33.0,7.0,3.511678027533,-0.3873302267252002,184.14,10.947146642126723,9.349000778991952,0.6743631476673315,0.6743628469070295,0.3391284342639752,0.2780230234936635,1.0000010643717336,1.0000000000000262,13.379062954614398,2.162361909260193,2.124153331587592,1.9486848241613848,4.501835979926703,3.51345504099492,1.221497839366385,1.2214945444594885,0.0,0.0,0.5005835683331362,1.0396082155023771,-226.3867347042395,123.58285403128252
4e5w,2.0,0.0,3.0,9.0,3.0,4.0,0.0,0.0,28.0,3.0,3.406418487199,2.2359008679582004,72.5,18.12731597516543,14.378044047837587,0.5419596340861689,0.5419596284267606,9.42476734295073e-11,9.42476734295073e-11,7.708812945037314e-14,7.50876976004268e-14,10.150741019050177,1.757035845295486,0.0072510684257858,0.0072510684257858,2.0516437247026404,1.985926668328342,0.9998797088137754,0.9998797088053388,0.0,0.0,0.6803042066211905,-0.0978270701217844,-214.1363615436303,103.19185196942723
2fvd,0.0,0.0,2.0,14.0,3.0,8.0,0.0,0.0,30.0,6.0,4.225842724873999,1.4096272582569995,135.89,10.459649769013517,9.265059211414371,1.1325761415187156e-05,1.1325599039624716e-05,0.0,0.0,0.0057224751124208,0.0057224751124101,16.872860680070122,2.608318958114484,0.0048189927749109,0.0048179577957228,1.999942410081839,1.999942402539601,1.5444920300055942,1.5425023859415918,0.0,0.0,0.0146164019869102,-0.0947698654537149,-188.10543066650297,91.26750663109225
2brb,0.0,0.0,4.0,16.0,2.0,4.0,0.0,0.0,25.0,5.0,5.262465281506,3.795869345862599,71.18,8.297788172902166,7.905107598337187,0.2164954776009413,0.2164954661961837,0.0,0.0,2.319300240432337e-12,2.319300240432337e-12,17.702418353039576,3.6330997996785177,8.531725439197981e-05,8.53172543905898e-05,2.7874471728162363e-06,2.7874413979398774e-06,0.5106071598581895,0.5106071460981506,0.0,0.0,-0.1021500297676075,-0.0495787900509787,-152.14773742641816,71.7669144641814
4m0z,0.0,0.0,3.0,10.0,5.0,5.0,0.0,0.0,24.0,4.0,2.942919280687,0.3224813667406999,125.26,9.608242922567886,8.4347071926984,0.8024155815662246,0.8024155542763332,0.0,0.0,0.0,0.0,16.827179666722746,1.8767051083292383,0.998212673738758,0.9979648881774006,4.830434151354375,2.9572022065229997,1.1736122759224257,1.1736118438236265,0.0,0.0,0.4151688206603299,-0.0831735884070496,-199.57546804395596,104.1200951008826
3zsx,1.0,1.0,3.0,22.0,2.0,5.0,0.0,0.0,34.0,10.0,9.037603613983,6.6365940072642,86.14000000000001,12.770730806845751,10.881258414809372,2.995281904728556,2.059701420250107,0.0,0.0,6.129760157871762e-12,6.129760157871762e-12,18.070179650516,4.626538898694963,0.0009206352109826,0.0009202330052524,0.9994118967929304,0.999411896744842,2.8211022771109944,2.6906494643768286,0.0,0.0,-0.573936388780586,-0.2159034763876367,-161.03786554011012,73.493290850301
3e5a,1.0,0.0,3.0,14.0,4.0,5.0,0.0,0.0,33.0,7.0,4.611199120789,3.0150383967367995,128.57,9.827702030304248,9.741512890887051,0.9378352797686136,0.93783454127869,0.0049639086822985,0.0049639086822985,1.7913453515539442e-12,1.7610176225665293e-12,22.23608418285963,3.257729424646047,0.99992853257397,0.9999285064470956,2.141418876354663,1.9583608057337771,1.230259776452585,1.2302597764525225,0.0,0.0,0.2377128727203704,0.3570365735208746,-218.3584648291693,107.96404370612944
4gfm,0.0,0.0,1.0,8.0,1.0,2.0,2.0,0.0,18.0,2.0,3.14939904753,1.8977211649494,58.53,9.136967119496216,7.87200066147205,0.0147103334830152,0.0147103333750312,0.0,0.0,1.4249886798465053e-07,1.4249886798465053e-07,5.339621700506281,1.910192845329697,0.0,0.0,0.0002924557009915,0.0002924554729051,0.9999999947446072,0.9999999947445944,2.927113302420058,1.7823760654171354,0.1473906028781935,-0.0283692664184618,-130.17882447797035,68.55561312552592
2br1,0.0,0.0,4.0,16.0,2.0,6.0,0.0,0.0,29.0,7.0,5.122694821006,3.5035346174353994,89.64,9.051612716645016,8.848603115566863,0.7483817057758579,0.7483816276486996,0.0,0.0,2.949633077757465e-14,2.949633077757465e-14,16.706204333222516,3.5116622811313127,0.2499157875950617,0.2499157875950617,9.678503993686452e-06,9.678296621586144e-06,0.6632282230569356,0.6632282229536569,0.0,0.0,0.2593948364638535,-0.040892416959563,-161.77363747834974,74.7850012443008
4e6q,2.0,0.0,4.0,11.0,3.0,3.0,0.0,0.0,25.0,3.0,3.629903235579,2.9425438833288,52.190000000000005,6.51130920637545,6.473658223415449,0.0911797133397303,0.0911796995340838,0.0014462583093663,0.0014462583093663,0.9763999926442324,0.9763999926442304,10.421928577342907,2.179300714588765,6.924872290656114e-06,6.924872290656114e-06,1.0000902711795092,1.0000532749067372,0.9318129194842436,0.9318129194838962,0.0,0.0,0.7794094437136465,-0.0224932101365649,-179.89626309941607,82.62480200186306
4j21,0.0,0.0,2.0,12.0,3.0,1.0,1.0,0.0,20.0,1.0,4.211654886881,3.2016984372692,55.120000000000005,7.967714418914595,6.653026412541772,0.4819588751145376,0.4819588737543943,0.0,0.0,7.051704793647033e-14,7.051704793647033e-14,16.402804245068776,2.840769007522397,1.345648230435851,1.0019022190093498,2.114806159078386,0.9993782182181108,0.9927667983549404,0.9927667692926884,2.025693918855437,0.999986528416203,0.067434507937883,-0.0408277570921592,-163.38428074809454,84.90944678324497
1nvq,1.0,0.0,5.0,16.0,4.0,6.0,0.0,0.0,36.0,2.0,5.273373285630999,2.6159886491314,94.26,17.892652172021965,14.993922322743751,0.0291369971325328,0.0291369918916736,0.0301799150457727,0.0301796964725085,0.9620460753602724,0.9620460753602724,20.53079146815074,3.568089336402503,0.0046138215467816,0.0046138212211494,3.907027457764293,2.9526547460024406,0.7659111398456976,0.7659111250605086,0.0,0.0,-0.5683243108463623,-0.258285391161488,-222.0709999390127,107.22370504832315
3ge7,2.0,0.0,2.0,10.0,9.0,3.0,0.0,0.0,26.0,6.0,3.532348331438,2.153892434315,99.7,14.794218022988028,8.61739197971477,0.9990842688223812,0.9908592545782784,0.3226399750490633,0.3226395683694891,0.0,0.0,11.325552547415752,2.1378308936386032,1.9843800213325604,1.9843800213182343,11.23728018706024,5.557216171809372,0.7809119148199144,0.6756991024077534,0.0,0.0,-0.3925552130101075,-0.5469408044245984,-213.60803631187417,115.6115642755666
2v7a,1.0,0.0,3.0,13.0,3.0,5.0,0.0,0.0,35.0,6.0,4.220372596503,2.0377120689956,95.0,8.3977937920138,7.961470379249959,0.0270123490703227,0.0270123489193205,0.0655026467618752,0.0355019739481083,5.2398041171099125e-06,5.2398041171099125e-06,12.917102386758648,2.992765176393537,6.70940205025622e-05,6.708961355547565e-05,1.9983987365062288,1.998398610932212,1.2739297833443757,1.2733516734068189,0.0,0.0,0.0558608468287216,-0.1414353198816379,-191.10171775884808,82.9914743254565
4jia,1.0,0.0,2.0,16.0,3.0,4.0,0.0,0.0,31.0,5.0,5.5571240534160005,4.281826429360101,56.57,6.072558502635425,5.53562767608198,0.0346455015588311,0.0346450174653378,0.0,0.0,1.419549756905267e-10,1.4195229756679839e-10,25.58998170917497,3.8884801906990623,4.093491960933209e-05,4.0934911850423685e-05,1.4596914729696258,1.4594180529873877,0.989724521176649,0.9897245211765014,0.0,0.0,0.2722361788431365,0.0493715908732074,-167.86828470374422,75.38620239994597
3k5v,0.0,0.0,3.0,16.0,3.0,7.0,0.0,0.0,27.0,6.0,5.034950463014,2.9935866782547005,90.13,3.363776256064912,3.363164475548952,1.879445527609551e-08,1.8793935784624422e-08,0.0,0.0,0.0,0.0,23.961617013580792,3.570374656297385,0.7874409144045685,0.7874409133239211,0.2343448105624586,0.1268223687167584,1.0296400913548676e-09,6.902924391813808e-10,0.0,0.0,-0.0391005257432348,-0.0156771724226973,-153.19454609496623,70.00380958798578
4kzu,0.0,0.0,2.0,13.0,0.0,2.0,1.0,0.0,18.0,1.0,4.532863361917,4.3227007513979,26.3,7.263167749631846,5.218427310705441,0.2821750798351853,0.2821750766703683,0.0,0.0,3.0450929511818147e-05,3.0450929511818147e-05,18.150390365677712,2.451115163410443,1.1629010563097486,1.1315923370817194,0.0,0.0,0.9751391050893558,0.9751390463955716,0.0547399656885533,0.054729382721233,-0.1813924024652287,-0.0403256746926714,-163.62499557412875,83.34310136534154
4eo8,1.0,1.0,1.0,13.0,1.0,3.0,0.0,0.0,27.0,6.0,8.226471880778,5.603618494869702,87.13,1.9957704501431976,1.5339578291363207,0.5612548302785325,0.5155471943542554,0.0412611423626553,0.0220402509679129,6.971523193506951e-15,6.971523193506951e-15,35.48529304814871,5.795166896865807,3.049046210378552e-05,3.049046192688035e-05,3.4816106562231635e-14,2.218392387871088e-14,0.8011256171698743,0.794752665905373,0.0,0.0,0.0691834249729726,-0.0898508125775246,-168.791970024177,77.19008987873401
4f9w,0.0,0.0,4.0,17.0,0.0,3.0,0.0,0.0,25.0,3.0,5.716143919224001,4.7591385396165,41.91,6.197020326144982,5.857433820376514,0.7477287715137108,0.7477286716906956,0.0,0.0,2.999167223262083,2.9991672232618094,27.2640821504332,3.951528254593339,0.0,0.0,0.0,0.0,0.8424011854210648,0.8400315514686383,0.0,0.0,-0.129826074826326,-0.0657420002058033,-185.05411270681492,90.41684651454491
5dwr,1.0,0.0,3.0,18.0,4.0,6.0,0.0,0.0,32.0,4.0,5.9770762270620015,4.594087030116101,82.52000000000001,5.287948541563876,4.293460950928213,1.1313942182277568,1.1313942179243195,0.2470109364359156,0.1793660203023359,0.9999999999832028,0.9999999999831666,28.7405235202024,4.238450343221537,0.9999120321555544,0.9999120321031232,1.9623278664054016,0.9871296190216764,0.9987676852700984,0.998767644790936,0.0,0.0,-0.967243179167278,-0.3005758271585742,-209.1388156936841,105.6653940392033
4eky,0.0,0.0,0.0,6.0,5.0,7.0,0.0,0.0,24.0,3.0,4.195306826117,-0.139859286443,139.56,14.518224133098402,10.261059724272611,1.9909814700995667,1.971742258939022,0.0,0.0,0.0,0.0,10.935119378007675,2.962171462648765,0.0,0.0,6.747162238445142,4.554105924345262,3.854501119867496,3.6410067423117294,0.0,0.0,0.1093398262148849,0.1025451578229327,-192.4259998464866,104.58945524838155
3pyy,0.0,0.0,3.0,14.0,2.0,5.0,0.0,0.0,25.0,3.0,4.151269949798,2.3406927291576007,76.02000000000001,6.962685346435326,5.687846213225467,1.0583196397700608e-05,1.0583195030283991e-05,0.0,0.0,0.0,0.0,19.7192219482774,2.811707538635784,7.705164337448313e-06,7.70515132309611e-06,2.033960304876043,1.016474923176797,5.744213592343353e-11,5.700306210159861e-11,0.0,0.0,0.1416268720680193,-0.0343011743869054,-163.86694025369127,84.97607806230992
3mss,1.0,0.0,2.0,12.0,4.0,2.0,0.0,0.0,21.0,6.0,3.746368107386,2.7861640304568,65.97,1.1813950801439466,1.1813871521827355,1.7241506644756434e-09,1.7240618854142191e-09,0.0,0.0,0.0,0.0,19.576048238400805,2.656637463069744,8.878016939057086e-08,8.877698214313629e-08,1.011798881710301e-13,9.442617927253527e-14,2.9236616050533427e-12,2.9233307219792267e-12,0.0,0.0,0.1363075421763807,0.0095486055246349,-122.03602028671165,56.61502744466786
4qd6,0.0,0.0,4.0,23.0,4.0,6.0,0.0,0.0,35.0,7.0,7.675512949205,5.367932434829699,128.38,7.721656460664565,7.4271896325025795,0.2040388304166476,0.2040388228369746,0.0,0.0,0.0039241253375036,0.0039241253375036,18.825231817265088,4.03492108768961,2.0000095771484565,2.000009301015215,1.9935839234348067,1.9935839132917468,0.6833945129987021,0.6833945129981139,0.0,0.0,-0.3653380262869601,-0.1036421996786793,-145.17352968497605,74.51781982337496
1q8u,1.0,0.0,2.0,10.0,2.0,3.0,0.0,0.0,22.0,2.0,3.263941478177,1.0169676830974,75.26,10.983372913976782,8.200874716762083,0.8720709479194291,0.8720709474924159,0.0529674244967598,0.052966368820598,4.8867505284620805e-11,4.8867505284620805e-11,15.699171455957476,2.244310996253615,0.000158795108039,8.406789203478945e-05,0.9974323982975964,0.9966445955260024,0.9969361917877592,0.9969361917876456,0.0,0.0,-0.7714658718803825,-0.1410016850385215,-163.56924723903677,78.77725654123178
3gc5,2.0,0.0,2.0,6.0,10.0,3.0,0.0,0.0,20.0,3.0,1.759691706376,0.945232349487,110.73000000000002,13.426965380755146,8.393522659655012,0.3024374177806039,0.2963671334286935,0.9583648212134992,0.9583636867761302,0.0,0.0,6.96329960265288,0.967767356120754,1.978453392662706,1.978453392645616,10.216395079950338,5.557406118803142,1.0040249343995555,0.8126431469132619,0.0,0.0,-0.0296267315230922,-0.5817358869364414,-157.53783945034945,85.70346896730506
4ih5,0.0,0.0,3.0,10.0,3.0,4.0,0.0,0.0,17.0,3.0,3.789717964344,3.1507655317867,78.52,5.484449296475734,5.48368384329531,1.5745059431293495,1.5745055813837932,0.0,0.0,0.0,0.0,13.43887939568756,2.2334441832127245,1.000177575896069,1.0000704154285904,1.5059379039048082,1.5055316062605368,1.109607428169853,1.1096074249724022,0.0,0.0,-0.5061545319963535,0.07384030812562,-99.05288459274612,44.39794461778598
3ozt,0.0,0.0,1.0,6.0,5.0,10.0,0.0,0.0,31.0,6.0,2.633008540362,-0.7133567999214198,185.38,8.78599859240112,7.077500201537107,0.7349100812707595,0.7349066770025968,0.0,0.0,1.0000008097158746,0.999999999995824,9.544894280325025,1.5539467404073206,0.9860596298169032,0.9860596255350756,4.2019610152795455,3.3014205276103885,2.344349669724844,2.344301887172069,0.0,0.0,0.7783286641675525,0.990944758639674,-227.51505514332257,125.22477748249324
4m0y,0.0,0.0,3.0,10.0,5.0,4.0,0.0,0.0,22.0,3.0,3.0128045109370003,0.4686487309543007,116.03,4.989725444340529,4.7506286603453445,0.6204316784459255,0.6204313482836429,0.0,0.0,1.0008387429077634,1.0008387429077634,7.244939943044258,1.867125896658191,4.459865938178e-07,4.459051339572552e-07,3.1658099354648934,2.998857677772759,0.9955197920501548,0.9955197920481096,0.0,0.0,0.0266431199842038,-0.0664073736389406,-126.5739302407301,64.83731325964553
4ivc,1.0,0.0,3.0,9.0,3.0,5.0,0.0,0.0,24.0,4.0,3.231854573193,1.8720611650577,91.76999999999998,12.767659441371515,10.767965946946124,0.3868086162080916,0.3868086161857246,1.765081840076318e-12,1.765081840076318e-12,4.3004979651318886e-13,4.3004979651318886e-13,11.34406582495156,2.1537865328463286,0.7382495382446327,0.7382495382446327,1.8993363526493847,1.854154465679265,1.0803073849589284,1.080307314074514,0.0,0.0,0.0403622065453285,-0.0557860478947562,-186.46155142484116,90.29298842314006
4k77,0.0,0.0,1.0,7.0,2.0,3.0,0.0,0.0,18.0,2.0,2.6289601071029995,1.38063790920134,66.91,7.928680413901023,5.831855302769346,0.2084248902407282,0.2084248902379138,0.0,0.0,9.471287454765452e-15,9.471287454765452e-15,5.409131250233036,1.4403006240784555,1.3792402716496292e-08,1.3792402716496292e-08,1.0000654253523935,1.0000653773310044,0.9999900573309776,0.9999900573308572,0.0,0.0,-0.2699727363409122,-0.0715262477091177,-130.15467356807056,57.66919038891493
1ydt,1.0,0.0,3.0,15.0,3.0,3.0,1.0,0.0,27.0,8.0,5.349776839103,3.0165368628198,84.05,10.794538236773894,9.390020178718297,1.6251823628218345,1.6251823511373866,0.0418222257278808,0.04182222548958,0.9999996763633748,0.9999996763625164,19.657590111088613,3.3544098708512986,3.636926156271779e-05,2.6108626478520507e-05,2.0754778066561723,1.0656008992517358,0.9171621015066036,0.917162101506044,1.3332972254613966,0.9996258825205404,0.2622942524797035,-0.111902641709936,-210.75518945617392,105.4225556603539
3g2n,0.0,0.0,1.0,6.0,5.0,6.0,0.0,0.0,20.0,3.0,1.908126668818,-1.8042058560258,119.25,7.108031924001137,4.980400625409462,1.4761049444100376,1.474988632461441,0.0,0.0,8.051862396129402e-15,8.051862396129402e-15,4.358777002322388,1.3502806864176178,2.498607022188412e-10,2.498607022188412e-10,7.084239029651308,4.925191219200761,2.541389826618928,2.344746470431787,0.0,0.0,0.1856102577168517,0.1522627954838049,-145.88556316116205,67.26668921533833
3oe4,1.0,0.0,3.0,7.0,6.0,11.0,0.0,0.0,33.0,6.0,3.042921408819,-0.9154910119539998,209.92,11.260722700425786,9.455927365335349,2.5513586688239607,2.551207854755585,0.0002646765606134,0.0001442893577557,1.0000006700979376,1.0000000000005458,11.264195639910431,1.8404829942967176,4.038697657617962,2.985916518229326,4.137584570835984,3.472425803615897,2.1607641843538112,2.1607547866279364,0.0,0.0,0.7891948969226165,1.525445594871682,-238.37458513521835,134.7289032266369
2wtv,0.0,1.0,4.0,23.0,1.0,7.0,1.0,0.0,34.0,4.0,9.407774870141,7.135337652679599,84.31,9.54078497280563,8.968893829638363,0.7598549271162862,0.7598549260017933,0.0,0.0,0.0253693011590126,0.0253693011590085,27.07967335685188,6.277922051327625,3.983627448592578e-05,3.983627438074092e-05,0.9940817717322732,0.9940817379646496,1.0132642382757242,1.0132642371351943,1.262404027609707,0.6151302762699598,-0.1267333855860224,-0.1042393960083752,-198.53808950306217,96.69401804746596
3r88,0.0,1.0,1.0,6.0,2.0,4.0,0.0,0.0,14.0,3.0,3.75079192099,2.3082007051651,78.62,2.3376511886725067,2.23964104645436,0.9774692292776956,0.977468843610037,0.0,0.0,0.0,0.0,9.42842575976569,1.884694246166428,0.9999359197937286,0.999935910085788,1.0964295220176072,0.9839000034547514,1.0407192108567154,1.0405270719171598,0.0,0.0,-0.98294589852827,-0.1657811229039007,-98.43574189925528,50.373545903483794
4f09,2.0,0.0,3.0,6.0,4.0,3.0,0.0,0.0,19.0,1.0,1.933664531603,0.7946203468004999,64.36,4.710249438673601,4.603655718363692,0.4801190060759965,0.4801190060709232,0.0003515125894528,0.0003515125894528,1.3803181332072266e-13,1.3803181332072266e-13,9.301268781970435,1.3712068361722238,3.3205768312860915e-05,3.3205768312860915e-05,1.001106696061287,1.0010966052199095,0.9999972655432048,0.9999972655431748,0.0,0.0,0.4620358668170339,-0.0501832550543605,-142.28196175528478,67.44828135625599
3up2,0.0,1.0,3.0,17.0,2.0,8.0,0.0,0.0,28.0,7.0,7.433092653732999,5.598179062016899,93.21,10.37656851151148,9.184383774122928,0.6140599747359508,0.6110335035392873,0.0,0.0,7.963716818830328e-10,7.951166721924833e-10,25.7535065629658,5.269849861954648,9.70897460658836e-05,9.70897460658836e-05,0.9977061535087824,0.9977061534970476,1.5838614090254572,1.319544694947272,0.0,0.0,-1.065569811649269,-0.2425934409498009,-174.8924944008739,87.47545022172856
3kr8,0.0,0.0,1.0,11.0,1.0,6.0,0.0,0.0,21.0,2.0,3.38361977421,1.9214855736194,66.76,10.167283576592578,8.2809652644785,0.6453049969868735,0.6453049964475854,0.0,0.0,0.0,0.0,12.73566696346786,1.9010692609553028,0.1734542812371658,0.1723606176817793,1.0551747572491672,0.9997423550286432,0.7557155744237614,0.7557154747605034,0.0,0.0,0.6675638040854402,-0.0091411681519234,-176.24248293681643,90.89957508136976
4gkm,0.0,2.0,2.0,13.0,1.0,4.0,0.0,0.0,20.0,4.0,8.193863549005,6.554598664087001,80.31,12.286866521488845,7.891669177682284,0.3122938435367931,0.2232117454453888,0.0,0.0,0.0,0.0,19.75250313018944,4.117241195309402,1.83093168491178e-05,1.8309110213147725e-05,2.2936286762270423e-06,2.267053447357933e-06,0.7921774640487298,0.5071612393697583,0.0,0.0,-2.873819254060601,-0.5943747178998884,-139.67007735197166,75.47687277622252
2zy1,0.0,0.0,2.0,12.0,1.0,4.0,0.0,0.0,24.0,8.0,3.773016944787,1.7674155841636003,123.67999999999998,10.567283483765989,8.615212023796184,0.0433573241115056,0.0433365305481657,0.0,0.0,0.0,0.0,19.703851879206507,2.542930925919304,0.0490492013743631,0.0436237271037557,0.994464781641984,0.994446562233108,1.9450114430106904,1.865850885584486,0.0,0.0,-0.5158756107297897,-0.1274600526258765,-166.04193461901878,72.52959771488754
3e93,1.0,0.0,4.0,18.0,3.0,4.0,0.0,0.0,37.0,5.0,5.854048925443001,3.978138574796001,84.21000000000001,10.615501298332973,8.7816834754302,0.0821522341280001,0.0821516481657564,0.1742532434346889,0.1742532434346889,1.000005668307069,1.0000056683070655,28.182689005020062,4.000972993156014,1.9999753510404217,1.9999753510404217,2.04702028756817,1.0541604123086583,2.3985955682640654,2.398595566411281,0.0,0.0,-0.0184700314855981,-0.1021973090251927,-287.9672816206924,139.8506430417596
3pxf,0.0,0.0,3.0,14.0,1.0,3.0,0.0,0.0,21.0,3.0,4.448433154182,2.820142073121,95.33,2.9921421199559965,2.992136654952543,0.1358804794559977,0.1358804704713104,0.0,0.0,9.043669244461788e-05,9.043669244461788e-05,22.564441170719604,3.116741070565119,5.72801159626912e-10,5.633416102322583e-10,3.598683279358266e-07,3.598682699561082e-07,1.0337922804036994,1.0337919079596527,0.0,0.0,-0.0026944240850849,-0.0655651625290276,-106.10871657191684,48.88658118674376
3gnw,0.0,0.0,4.0,23.0,2.0,7.0,0.0,0.0,44.0,5.0,7.309534294362999,4.597596954636,117.21,13.92204025101148,12.042364377272026,2.346507502804832,2.3464294113829745,0.0,0.0,4.8942450084881514e-14,4.8942450084881514e-14,18.8927543284346,3.288657081703552,1.9617560988817768,1.959321889669972,1.9061295619462049,0.9993071487429972,1.650152365085758,1.6454479201582752,0.0,0.0,-0.277045947115248,-0.0656296782830782,-232.02997772191657,112.95667673377712
4ih7,0.0,0.0,1.0,10.0,0.0,1.0,0.0,0.0,17.0,2.0,4.469332162615,3.1819036508076004,29.43,6.545569886212779,6.168095639483158,1.9367872250061653,1.9367809908691287,0.0,0.0,0.0,0.0,18.30687496708718,2.728418880934804,1.000005101988695,1.0,0.0,0.0,0.9982028630741612,0.9982028596571192,0.0,0.0,0.6602909809107936,0.005579436105329,-136.41727473707166,68.63569522403073
4ea2,2.0,0.0,0.0,15.0,4.0,0.0,0.0,0.0,24.0,9.0,5.5217841679832,3.979980189778799,33.22,5.9542299479282095,5.921066347590944,5.9423306652603386e-06,5.942313610763015e-06,0.1828534883048626,0.1179457580288599,0.0,0.0,23.783307747915803,3.4238567456473725,0.0,0.0,1.4965997981263777,1.49647947624365,0.0,0.0,0.0,0.0,0.2483505289760537,0.0295020665820614,-222.6563932577978,107.40295401458398
4eor,1.0,0.0,3.0,14.0,5.0,6.0,0.0,0.0,28.0,6.0,5.387123040653,3.2224259347088,145.51,8.294240064618744,7.709591599934687,0.0055591192608706,0.0055591192582272,0.71714963036414,0.6830232088260754,1.0404133190089317e-08,1.0404091215551764e-08,18.26733166176958,3.3712051546009434,0.082297066641884,0.0822961150661781,2.956036744928684,2.9560366079010763,1.9397499494658064,1.9397499493718195,0.0,0.0,0.5274903600331253,-0.0443237734424838,-192.4986093609035,91.58735489514451
3ebp,1.0,0.0,2.0,12.0,4.0,5.0,1.0,0.0,28.0,2.0,4.063079201895,2.6227857134742,91.43,4.204837816327033,3.951284439412697,0.0001053690622871,0.0001053654350725,0.1136776076445544,0.0878666487661894,0.0,0.0,15.28403394852724,1.926504672896781,1.962500508011788,1.0007449204144412,0.1146579684159996,0.1146546407316816,1.7299984011952044e-09,1.356026516692523e-09,1.283410507712329,0.9980407101608104,0.4049049994073326,0.0217499696534534,-143.42211747740424,72.24722547245419
3qqs,0.0,2.0,2.0,12.0,1.0,4.0,0.0,0.0,19.0,4.0,7.781124762979999,6.141859878062,80.31,10.04721741307526,7.046688499022944,0.5927180923453426,0.4657891837155505,0.0,0.0,0.0,0.0,18.341365425289062,3.909851939465766,0.0003143116424721,0.0003143105892679,3.596658033785639e-09,3.4645506083575076e-09,0.5669302124088863,0.5599027450913938,0.0,0.0,-2.395793500954771,-0.4770626693972694,-131.67157692121697,68.36163011591044
4ivd,1.0,0.0,3.0,11.0,3.0,5.0,0.0,0.0,25.0,5.0,3.91277861986,2.4185475367097,91.76999999999998,9.528076564267757,7.297566793101801,0.3568474504339923,0.3568474503579429,1.9777008584111726e-10,1.9777008584111726e-10,3.1726913653663186e-14,3.1726913653663186e-14,12.131699144070826,2.49593574628499,0.0017541995712115,0.0017541995712115,2.001346397213012,1.9699665748435,1.1140151665685405,1.1140151617274403,0.0,0.0,0.3316695015360596,-0.0439394338350921,-188.83216863319848,93.23605997726976
3zt2,0.0,1.0,2.0,13.0,0.0,5.0,0.0,0.0,23.0,2.0,5.966318083696001,4.743726453967601,69.67,9.852536091267714,9.548714988839494,2.602255790381594,1.9295135950010156,0.0,0.0,1.7067340300358562e-11,1.7067340300358562e-11,17.37381643167684,3.3188909959966635,0.3914983892659379,0.3914354967446932,0.0,0.0,1.790091003934995,1.6868067317999034,0.0,0.0,-0.1362669494517542,-0.1658708098093859,-142.28804105983014,70.14971219074891
3nw9,1.0,0.0,4.0,15.0,6.0,10.0,0.0,0.0,38.0,6.0,4.855049940961999,1.7260876035544,164.10000000000002,16.01862087391801,12.627947146952057,1.704307140903341,1.7039973922092655,0.0007326938891178,0.0003997037663032,1.0000009196828237,1.0000000000022515,16.663582486261532,2.836130688243513,2.805000490895418,1.6434459774478911,5.047604017902472,4.119947269918866,1.8350943628982717,1.835093791697172,0.0,0.0,0.8379870890298281,1.3044672874216912,-278.99094954944087,155.8513850940052
4twp,0.0,0.0,4.0,15.0,2.0,4.0,0.0,0.0,28.0,5.0,4.705414831524,4.082664196632601,95.97,9.957647962989263,9.210134519688292,2.260046623740028,2.260046358146265,0.0,0.0,7.627359820678226e-06,7.627359820678226e-06,20.183704657936044,3.122282652922895,1.0081469589040797,1.0080580230549565,1.962984397730386,1.959786222618788,1.8836008324808355,1.883498972004064,0.0,0.0,0.2575322438347845,0.0542700710291906,-209.16108118793784,108.9443061445613
3rr4,2.0,0.0,2.0,5.0,6.0,3.0,0.0,0.0,18.0,2.0,1.514590710576,0.1871780639206998,97.06,11.110532022298282,6.930294377862612,0.7714023878488548,0.7705456861728688,0.0185260788996789,0.0185224149478822,0.0,0.0,6.143724873940084,0.7927366777747649,1.9924129470999856,1.9924129470989715,7.569603573855992,3.825737178934635,0.9322702069987928,0.7821479441717831,0.0,0.0,0.0733497904801134,-0.2427823028680183,-140.13429312147895,78.90719473283175
4k18,0.0,0.0,3.0,17.0,2.0,7.0,0.0,0.0,29.0,5.0,5.458692583018999,3.5612186731068007,103.83,1.0983422872670283,1.0979591339055874,0.1632386683599995,0.162971774650956,0.0,0.0,0.9998895383049932,0.9998895383049932,24.827013921254878,3.869659300972277,0.000568539190306,0.0005685387638409,0.0868315494131182,0.0851357191705264,1.504687161555838,1.504685668866111,0.0,0.0,-0.2785392832144377,-0.0411385364689236,-180.79599116551,85.85239944413078
4cig,1.0,1.0,4.0,24.0,2.0,5.0,0.0,0.0,37.0,10.0,9.509379114173,7.2907365326625,86.14000000000001,11.45655755805331,11.404158277179086,2.431803974438787,1.9705924010684304,0.0,0.0,3.018865578820425e-12,3.018865578820425e-12,16.274222117661,4.714962490035516,0.0003224885511284,0.0003223215952225,0.9984345970310692,0.9984345970022244,1.8726471422563569,1.7181042396507866,0.0,0.0,-0.3546779078521792,-0.1947064617036669,-182.6354800420464,88.92930528358224
1pxn,0.0,0.0,3.0,8.0,3.0,4.0,0.0,0.0,22.0,4.0,2.626647267096,1.7304563488993,111.2,10.006574714527774,9.959712156495245,0.3585242739416754,0.3584720348257897,0.0,0.0,0.9932591168141032,0.9932591168137372,12.28599518080287,1.8601583073020476,0.0003577822339449,0.0003466780046744,1.1656019229760457,1.1655486078529982,1.0617801783670224,1.061764680840157,0.0,0.0,-0.0217125346085492,-0.0902697615377401,-174.79569813692294,89.84191232828995
2xnb,1.0,0.0,2.0,8.0,3.0,3.0,0.0,0.0,27.0,4.0,2.479509685571,0.5017114954214001,103.27,9.941667183045784,8.936310974007602,0.0298151265209601,0.0298151265139732,0.0,0.0,4.110021427884366e-12,4.0090158580678486e-12,12.242196228868334,1.7423362868226715,0.0001072377262206,7.654857034356308e-05,0.9991387633574133,0.9991387630589108,1.987955708002416,1.987955646562653,0.0,0.0,-0.1375632802356065,-0.1239294142113217,-186.1752254490074,87.38778054551685
3myg,2.0,0.0,3.0,9.0,5.0,6.0,0.0,0.0,30.0,8.0,3.541905304889,1.5671148724379005,138.46999999999997,12.763083662203815,10.772524580056794,2.485768749181153,2.485744977915721,7.698117707191923e-10,7.698117707191923e-10,0.99999992545546,0.99999992545546,10.970169930862562,2.079426159523542,0.0274424223728836,0.0274424223728836,2.4544676907533765,2.4531428568539497,0.0294651293821217,0.029464553106309,0.0,0.0,0.7265616086206642,0.1387332579717923,-192.09867413546996,99.01522095383083
3oe5,0.0,0.0,2.0,10.0,5.0,10.0,0.0,0.0,31.0,7.0,3.846950356908,0.0968283307235002,203.26,10.15604581709319,8.542086788593314,1.3883804921904117,1.3883661731879524,0.0,0.0,1.000000557122004,0.9999999999999102,14.41902207537297,2.336299221842584,2.4163080937927712,1.9972123126451176,4.197766004465642,3.553452190970204,2.1617182323829622,2.148513947262608,0.0,0.0,0.7329981231157255,0.9708480245374388,-237.80560103598955,132.72629745951372
3qgy,0.0,0.0,5.0,18.0,3.0,4.0,0.0,0.0,30.0,4.0,5.803718942663,3.6070953631578,134.59,5.63227101223342,5.59859446364915,0.6611299556616359,0.66112963932068,0.0,0.0,0.0005586986038261,0.0005586986038261,19.152653393576795,3.721249416252728,1.220907392545102,1.220056846051404,0.9831065419018812,0.983106541884143,1.0225220456047688,1.0225220456007804,0.0,0.0,0.3562243757246793,-0.0143037566216298,-163.28400199532177,78.79603998604631
1r5y,1.0,0.0,1.0,5.0,6.0,2.0,0.0,0.0,13.0,0.0,1.423664555187,-0.7243934861968,95.11,7.776332299911916,5.265859216510173,0.099954378049394,0.0979247605189255,6.396357709168331e-06,4.0705603939984e-06,0.0,0.0,5.623536513721595,0.7470795801624279,0.9961841409348772,0.9961841407043406,7.134356464908157,3.8286680142097542,0.7887607641123893,0.6497485712840426,0.0,0.0,0.0219018134910101,-0.3331049657412854,-106.65264923462732,60.77688156636846
3syr,0.0,0.0,0.0,2.0,5.0,8.0,0.0,0.0,20.0,2.0,0.340810221752,-3.76543743826976,139.56,10.461578098646742,7.8722428553565855,1.5522847698148976,1.5509055110790229,0.0,0.0,0.0,0.0,0.6717657119368804,0.2416765202325656,0.0,0.0,6.720134372821106,4.68672477971922,4.3728141076275255,4.160586943729105,0.0,0.0,-0.5753994714287723,-0.0573983060766158,-136.82065019050182,66.44296799542329
4kzq,0.0,0.0,2.0,11.0,1.0,3.0,0.0,0.0,18.0,1.0,3.427381394318,3.118374249749,46.53,6.087070751626852,4.671460372206863,0.6736124850421226,0.6736124840501915,0.0,0.0,1.2124090470273843e-05,1.2124090470273843e-05,13.668294570943203,1.7072171193528471,1.5899549316312824,1.535576429726873,0.0006019137688871,0.0006018885548881,0.9768061635360812,0.9768061290150748,0.0,0.0,-0.3130512619620869,-0.0470166613861102,-154.64362173509775,77.65282777434572
3ag9,4.0,0.0,2.0,17.0,25.0,18.0,0.0,0.0,67.0,32.0,9.840615819821,1.9375114946323,384.49,8.590660285213096,7.018430228561897,2.471852496037117,2.470802150817377,0.0821179948370631,0.0821086214590452,2.1988341336627178e-11,2.1988341336627178e-11,20.31431659162537,3.053738090898277,0.0002053896567608,0.0002053896567608,5.591334224380196,4.772967270641958,2.0053414912513863,1.9931714359289576,0.0,0.0,-1.4149585221232668,-0.635034855733696,-239.16932588653748,104.3582397642641
2c3i,1.0,0.0,2.0,13.0,2.0,3.0,0.0,0.0,23.0,5.0,4.251704068878,3.2907286395724995,61.06,2.098147067962455,2.098142862048206,0.2696534002260359,0.2696399902005436,0.1990095842005713,0.1990095842002363,0.999999999652851,0.999999999652851,23.407282846145662,2.943967784200676,0.0175056093725112,0.0175056093724727,1.4842885064476956e-05,1.4841617250872294e-05,6.016471812305117e-11,5.947258613262029e-11,0.0,0.0,-0.5453825462718488,0.0025321494341628,-172.20866635440552,81.9774668342449
3l7b,0.0,0.0,0.0,2.0,5.0,7.0,0.0,0.0,19.0,2.0,0.446401141562,-2.3205144841517598,126.11,7.864486915139144,5.536394903538515,1.2349242533298848,1.2325562043366145,0.0,0.0,0.0,0.0,0.6701262052709276,0.2560294656310936,0.0,0.0,5.096346812721636,3.0037787561891327,3.433771341863786,3.1299707472555163,0.0,0.0,-0.2269842643312181,-0.1079201323359125,-129.61116155871747,59.19053833936137
1q8t,1.0,0.0,1.0,7.0,4.0,2.0,0.0,0.0,18.0,3.0,2.499820208992,1.3328392338588997,69.63,9.883416685475662,7.821419346730232,0.8073219289490791,0.8073219283261798,2.5211974737236797e-05,2.5208929243102187e-05,0.0,0.0,6.836245774901215,1.4466399998177475,0.0252039314564361,0.0251966646123253,0.9999105503784388,0.9999101481863762,0.965034213829992,0.9650342138295334,0.0,0.0,-0.3958755598142426,-0.1232837826202198,-133.1423432636738,60.1321777614627
3jya,1.0,0.0,2.0,8.0,2.0,1.0,2.0,0.0,16.0,0.0,3.14360543794,2.06172319232814,71.31,0.9995935531647364,0.999593552751162,5.603150985222923e-07,4.52099784798045e-07,0.8501887383012515,0.8501887383012515,7.571747467086398e-08,7.571747467086398e-08,20.171622314791133,2.2292032647978863,0.000110494858839,0.000110494858839,4.837288863425548e-12,2.74927555138897e-12,0.3217273242276866,0.3169908515331743,1.5036298212004968,1.502653985361269,-0.6771903576865259,-0.0460340948483177,-121.74525083408524,59.702816479030496
1ydr,1.0,0.0,2.0,8.0,2.0,3.0,0.0,0.0,20.0,2.0,2.718005182046,0.4710313869663999,75.26,7.629020030976633,5.27419560464421,0.6992011409706487,0.6992011409018014,0.000184169972781,0.0001841699276303,3.3340251747192196e-11,3.3340251747192196e-11,14.269284754242731,1.8228208293724495,0.999707014856544,0.9996673445481497,1.6638718105936805,0.998840484294854,0.9998209658148406,0.9998209658145872,0.0,0.0,-0.1247332740484613,-0.1068677563914559,-156.9565215618298,80.63981465813632
3uo4,0.0,1.0,4.0,20.0,2.0,4.0,0.0,0.0,29.0,6.0,8.52664145604,6.9618311452816,83.97999999999999,16.32627229773935,12.869038235423442,1.4039548375684407,1.2899247570318384,0.0,0.0,3.870765426874906e-09,3.8706818266653556e-09,26.184095064883373,5.991504964357432,0.0004643158169477,0.0004643158169477,0.9953518949176056,0.995351894886192,1.5078445667797884,1.2805553444014568,0.0,0.0,-0.6692668627099722,-0.2584399504534809,-191.10654255778945,101.06960932100569
1s38,1.0,0.0,1.0,7.0,4.0,2.0,0.0,0.0,13.0,0.0,1.948745623507,0.3459442883969,69.09,7.869745820037159,5.774498017157316,0.2272727263827512,0.2242189678580394,0.0184415004534684,0.0184252418701215,0.0,0.0,8.161119844698183,1.0525547050596684,0.99999999036491,0.9999999901080492,5.411793328561048,2.4695410763617933,1.360674530708119,0.9045158761211184,0.0,0.0,-0.4104680661978319,-0.2984284702925857,-109.17286205802829,56.000949470493765
3zso,1.0,1.0,4.0,28.0,2.0,7.0,0.0,0.0,44.0,13.0,10.805959822301,7.94244905413,104.60000000000002,16.181539005925,13.9840984358446,2.443711470020021,2.020946267618644,0.0,0.0,1.6008224815654048e-11,1.0701479498084403e-11,19.13251158713315,5.481941383253394,0.0486959110507571,0.0474507013768622,0.999436333167377,0.9994363331383084,2.768467658606266,2.576312562392538,0.0,0.0,-0.2954261981167778,-0.1989284333594675,-204.21010094912876,99.48350065117712
4dli,0.0,0.0,3.0,13.0,3.0,2.0,0.0,0.0,21.0,3.0,4.267876661715,2.9928797789975,63.83,5.275175624101239,5.017855302834144,7.173181498959601e-05,6.972121794816148e-05,0.0,0.0,0.0002659675240326,0.0002659675240326,19.902533426242577,2.876480020274218,3.2600374310087434,2.0091371684212733,0.9150405769934638,0.8903862972808061,3.479039213152717e-09,3.4694440216314062e-09,0.0,0.0,0.1605014417776141,-0.0311190166204635,-169.26973870062324,80.66544278063834
3e92,0.0,0.0,3.0,17.0,1.0,4.0,0.0,0.0,26.0,4.0,5.521715537106,4.8309490531434,68.02,11.29683873507956,9.778821768499052,1.1793692719977844,1.1793691364775494,0.0,0.0,1.000000000088017,1.000000000088017,30.422509837409905,3.828332792542396,0.7049485495454848,0.7049485495447584,0.9727269601906464,0.9725898949951212,2.6560581580234985,2.521100423834261,0.0,0.0,0.0322970639832894,-0.086399026626202,-230.79598703317507,112.12823683025542
3cj4,0.0,1.0,1.0,10.0,1.0,4.0,1.0,0.0,25.0,5.0,6.021857615580001,4.334085107872501,83.55,9.611056807400638,7.154271159035182,0.1428546908698395,0.1428524754108291,0.0,0.0,1.1641182247322638e-10,1.1641182247322638e-10,17.40093219573317,3.1892445088262984,0.9377404038615792,0.937679678760728,2.5752102060911477e-05,2.5747182056111637e-05,2.188564602632576,2.1884424981856525,0.8590331356240238,0.8119797105552273,-1.0820620915598014,-0.2116933506649278,-146.99533758001323,76.75512803918603
4j3l,0.0,0.0,2.0,13.0,2.0,3.0,1.0,0.0,26.0,5.0,4.524847990359,3.2525074453342,67.42999999999999,6.801541125382609,5.58841739574264,1.0200377682215402,1.02003776504304,0.0,0.0,1.1041994591591197e-13,1.1041994591591197e-13,18.433606800108457,3.0440169880413745,1.4183129255387124,1.0804622913443669,2.1743067632891107,0.999139175188554,0.9950024600387845,0.9950022170398546,2.092669671015648,0.9999183717770476,0.25918675952369,-0.0410357312899819,-184.35134248778365,96.69393365284336
4owm,0.0,1.0,1.0,7.0,2.0,3.0,0.0,0.0,11.0,1.0,4.072067681147,2.7820407332493,60.16,5.278227596996033,4.894434593825269,1.0108852627940514,1.0108852175890417,0.0,0.0,0.0,0.0,9.142381009227115,2.046128573173202,0.9996546473590304,0.999654646114272,4.911806525554273e-06,4.7910982903106e-06,0.2560218939776678,0.1791697455096279,0.0,0.0,-1.0414595966980775,-0.1504350272386249,-69.62338147572426,35.807082547966225
3jvs,0.0,0.0,3.0,19.0,3.0,4.0,0.0,0.0,30.0,5.0,7.526105712087999,4.5355677633482,116.05,9.53476420402377,8.114183476995777,2.8801214362743506e-06,2.8801154973637074e-06,0.0,0.0,0.0,0.0,18.929773607422614,4.026224682317348,0.9999997847995252,0.9999997847994904,4.346960973772332,2.403429694481523,8.222492705968602e-12,8.166784867106222e-12,0.0,0.0,-0.3779619610781122,-0.0927488049856743,-165.167854691375,91.9879995930086
4ivb,1.0,0.0,3.0,9.0,3.0,5.0,0.0,0.0,23.0,3.0,3.231854573193,1.5386829306369003,91.76999999999998,9.95451624794365,7.92914282507928,0.2710502719746641,0.2710502719487275,6.462402314260544e-11,6.462402314260544e-11,6.143776839645208e-14,6.143776839645208e-14,10.866726447238348,2.153790797465584,0.0066272344948728,0.0066272344948728,1.9852136436675112,1.954275562866452,1.0782856610757905,1.0782856588829262,0.0,0.0,0.4209240456483535,-0.0185938583700393,-165.246672225724,75.63672482763566
4rfm,0.0,0.0,3.0,13.0,2.0,9.0,0.0,0.0,36.0,5.0,4.329104272386999,1.6904470619845005,118.11999999999998,9.903887737423831,9.559812585843888,0.6855928992557645,0.6855928491627296,0.0,0.0,3.0872723135340284e-07,3.0872723135340284e-07,14.583428762614028,2.108089813914773,1.0001935014166166,1.000158063084818,1.9941956879905052,1.966195690938525,0.6916315286401143,0.6916315286373467,0.0,0.0,0.0013687075288336,0.0139652164471657,-202.15966752033663,95.24756669900192
3acw,1.0,0.0,2.0,14.0,2.0,1.0,0.0,0.0,21.0,2.0,4.490143609803999,3.3173305736990004,24.67,6.0880179826183545,6.029559312761406,1.0487871906623747,1.0487871541454186,0.2420672209987389,0.1306948828519954,0.0,0.0,25.267381115082724,3.0514813019925366,1.0000403043878685,1.0000201784072518,1.0001960685751825,1.0001960216500227,7.913060802453057e-10,7.912154202899511e-10,0.0,0.0,-0.2891376677118347,-0.0337580765860341,-179.31305572124518,81.706566262343
3twp,0.0,1.0,1.0,6.0,1.0,3.0,0.0,0.0,10.0,1.0,3.89056238149,3.0469476058161,54.370000000000005,1.9607156379072888,1.9365112407028748,0.1665922758661609,0.1665920370468534,0.0,0.0,0.0,0.0,10.363337534670144,1.954925931094231,0.0167096050406936,0.0167096049240963,0.9957777141728532,0.9957577573821094,1.4907678591670446,1.490767719897154,0.0,0.0,-1.3612492749233758,-0.179015673124873,-64.7842848327893,32.76672775522183
4hge,0.0,0.0,2.0,10.0,2.0,6.0,1.0,0.0,25.0,3.0,3.595986054111,1.4167515931826815,74.55000000000001,5.720344598616668,4.724958083031801,0.0777118862030494,0.0777118859974323,0.0,0.0,6.995535210519244e-09,6.995535210519244e-09,9.061477317164456,2.1453824508536203,5.518047741321142e-11,5.518047741321142e-11,1.075816412508256,0.5418835150220319,0.9780271653854028,0.9780271653843444,1.831097090398933,0.9797790828317768,0.1613477771437812,0.0218909876591777,-175.32989875645683,89.54146859780359
