Ligand,PI_COUNT,NI_COUNT,AR_COUNT,H_COUNT,HBD_COUNT,HBA_COUNT,XBD_COUNT,XBA_COUNT,HBD_N3_COUNT,HBD_N2_COUNT,HBD_Nar_COUNT,HBD_Nam_COUNT,HBD_Npl3_COUNT,HBD_N4_COUNT,HBD_O3_COUNT,HBD_S3_COUNT,HBA_N3_COUNT,HBA_N2_COUNT,HBA_N1_COUNT,HBA_Nar_COUNT,HBA_Npl3_COUNT,HBA_O3_COUNT,HBA_O2_COUNT,HBA_Oco2_COUNT,HBA_S3_COUNT,HBA_S2_COUNT,TOTAL_HYD,LOGP,ENV_HBA_N_OCC_SUM,ENV_HBA_N_OCC_MAX,ENV_HBA_O_OCC_SUM,ENV_HBA_O_OCC_MAX,ENV_HBA_S_OCC_SUM,ENV_HBA_S_OCC_MAX,ENV_HBD_N_OCC_SUM,ENV_HBD_N_OCC_MAX,ENV_HBD_O_OCC_SUM,ENV_HBD_O_OCC_MAX,ENV_HBD_S_OCC_SUM,ENV_HBD_S_OCC_MAX,PI_AR_SCORE_SUM,PI_AR_SCORE_MAX,AR_PI_SCORE_SUM,AR_PI_SCORE_MAX,H_H_SCORE_SUM,H_H_SCORE_MAX,AR_AR_SCORE_SUM,AR_AR_SCORE_MAX,HBD_HBA_N_SCORE_SUM,HBD_HBA_N_SCORE_MAX,HBD_HBA_O_SCORE_SUM,HBD_HBA_O_SCORE_MAX,HBD_HBA_S_SCORE_SUM,HBD_HBA_S_SCORE_MAX,HBD_N3_HBA_N_SCORE_SUM,HBD_N3_HBA_N_SCORE_MAX,HBD_N3_HBA_O_SCORE_SUM,HBD_N3_HBA_O_SCORE_MAX,HBD_N3_HBA_S_SCORE_SUM,HBD_N3_HBA_S_SCORE_MAX,HBD_N2_HBA_N_SCORE_SUM,HBD_N2_HBA_N_SCORE_MAX,HBD_N2_HBA_O_SCORE_SUM,HBD_N2_HBA_O_SCORE_MAX,HBD_N2_HBA_S_SCORE_SUM,HBD_N2_HBA_S_SCORE_MAX,HBD_Nar_HBA_N_SCORE_SUM,HBD_Nar_HBA_N_SCORE_MAX,HBD_Nar_HBA_O_SCORE_SUM,HBD_Nar_HBA_O_SCORE_MAX,HBD_Nar_HBA_S_SCORE_SUM,HBD_Nar_HBA_S_SCORE_MAX,HBD_Nam_HBA_N_SCORE_SUM,HBD_Nam_HBA_N_SCORE_MAX,HBD_Nam_HBA_O_SCORE_SUM,HBD_Nam_HBA_O_SCORE_MAX,HBD_Nam_HBA_S_SCORE_SUM,HBD_Nam_HBA_S_SCORE_MAX,HBD_Npl3_HBA_N_SCORE_SUM,HBD_Npl3_HBA_N_SCORE_MAX,HBD_Npl3_HBA_O_SCORE_SUM,HBD_Npl3_HBA_O_SCORE_MAX,HBD_Npl3_HBA_S_SCORE_SUM,HBD_Npl3_HBA_S_SCORE_MAX,HBD_N4_HBA_N_SCORE_SUM,HBD_N4_HBA_N_SCORE_MAX,HBD_N4_HBA_O_SCORE_SUM,HBD_N4_HBA_O_SCORE_MAX,HBD_N4_HBA_S_SCORE_SUM,HBD_N4_HBA_S_SCORE_MAX,HBD_O3_HBA_N_SCORE_SUM,HBD_O3_HBA_N_SCORE_MAX,HBD_O3_HBA_O_SCORE_SUM,HBD_O3_HBA_O_SCORE_MAX,HBD_O3_HBA_S_SCORE_SUM,HBD_O3_HBA_S_SCORE_MAX,HBD_S3_HBA_N_SCORE_SUM,HBD_S3_HBA_N_SCORE_MAX,HBD_S3_HBA_O_SCORE_SUM,HBD_S3_HBA_O_SCORE_MAX,HBD_S3_HBA_S_SCORE_SUM,HBD_S3_HBA_S_SCORE_MAX,HBA_HBD_N_SCORE_SUM,HBA_HBD_N_SCORE_MAX,HBA_HBD_O_SCORE_SUM,HBA_HBD_O_SCORE_MAX,HBA_HBD_S_SCORE_SUM,HBA_HBD_S_SCORE_MAX,HBA_N3_HBD_N_SCORE_SUM,HBA_N3_HBD_N_SCORE_MAX,HBA_N3_HBD_O_SCORE_SUM,HBA_N3_HBD_O_SCORE_MAX,HBA_N3_HBD_S_SCORE_SUM,HBA_N3_HBD_S_SCORE_MAX,HBA_N2_HBD_N_SCORE_SUM,HBA_N2_HBD_N_SCORE_MAX,HBA_N2_HBD_O_SCORE_SUM,HBA_N2_HBD_O_SCORE_MAX,HBA_N2_HBD_S_SCORE_SUM,HBA_N2_HBD_S_SCORE_MAX,HBA_N1_HBD_N_SCORE_SUM,HBA_N1_HBD_N_SCORE_MAX,HBA_N1_HBD_O_SCORE_SUM,HBA_N1_HBD_O_SCORE_MAX,HBA_N1_HBD_S_SCORE_SUM,HBA_N1_HBD_S_SCORE_MAX,HBA_Nar_HBD_N_SCORE_SUM,HBA_Nar_HBD_N_SCORE_MAX,HBA_Nar_HBD_O_SCORE_SUM,HBA_Nar_HBD_O_SCORE_MAX,HBA_Nar_HBD_S_SCORE_SUM,HBA_Nar_HBD_S_SCORE_MAX,HBA_Npl3_HBD_N_SCORE_SUM,HBA_Npl3_HBD_N_SCORE_MAX,HBA_Npl3_HBD_O_SCORE_SUM,HBA_Npl3_HBD_O_SCORE_MAX,HBA_Npl3_HBD_S_SCORE_SUM,HBA_Npl3_HBD_S_SCORE_MAX,HBA_O3_HBD_N_SCORE_SUM,HBA_O3_HBD_N_SCORE_MAX,HBA_O3_HBD_O_SCORE_SUM,HBA_O3_HBD_O_SCORE_MAX,HBA_O3_HBD_S_SCORE_SUM,HBA_O3_HBD_S_SCORE_MAX,HBA_O2_HBD_N_SCORE_SUM,HBA_O2_HBD_N_SCORE_MAX,HBA_O2_HBD_O_SCORE_SUM,HBA_O2_HBD_O_SCORE_MAX,HBA_O2_HBD_S_SCORE_SUM,HBA_O2_HBD_S_SCORE_MAX,HBA_Oco2_HBD_N_SCORE_SUM,HBA_Oco2_HBD_N_SCORE_MAX,HBA_Oco2_HBD_O_SCORE_SUM,HBA_Oco2_HBD_O_SCORE_MAX,HBA_Oco2_HBD_S_SCORE_SUM,HBA_Oco2_HBD_S_SCORE_MAX,HBA_S3_HBD_N_SCORE_SUM,HBA_S3_HBD_N_SCORE_MAX,HBA_S3_HBD_O_SCORE_SUM,HBA_S3_HBD_O_SCORE_MAX,HBA_S3_HBD_S_SCORE_SUM,HBA_S3_HBD_S_SCORE_MAX,HBA_S2_HBD_N_SCORE_SUM,HBA_S2_HBD_N_SCORE_MAX,HBA_S2_HBD_O_SCORE_SUM,HBA_S2_HBD_O_SCORE_MAX,HBA_S2_HBD_S_SCORE_SUM,HBA_S2_HBD_S_SCORE_MAX,XBD_XBA_SCORE_SUM,XBD_XBA_SCORE_MAX,ES_ENERGY,ES_ENERGY_SQRD_DIST,VDW_ENERGY
3fv2_172,1.0,2.0,0.0,2.0,0.0,0.0,0.0,0.0,0.0,0.0,0.0,0.0,0.0,3.0,2.0,0.0,0.0,0.0,0.0,0.0,0.0,4.0,0.0,4.0,0.0,0.0,0.679683881758,-2.388039074552,4.384022255610314,2.999084583575484,14.255803541611074,7.997738833813238,4.397867117227125e-10,4.3978667874753335e-10,7.054514400329866,4.673983349846987,0.5163692101431675,0.5139948474076595,2.5141424200647228e-21,2.5141424200647228e-21,0.6056516062444014,0.6056516057501348,0.0,0.0,1.6306576017319636,0.3363695211954447,0.0,0.0,0.0,0.0,0.0,0.0,0.0,0.0,0.0,0.0,0.0,0.0,0.0,0.0,0.0,0.0,0.0,0.0,0.0,0.0,0.0,0.0,0.0,0.0,0.0,0.0,0.0,0.0,0.0,0.0,0.0,0.0,0.0,0.0,0.0,0.0,0.0,0.0,9.230033006210337e-10,9.169624127703487e-10,3.1676603650653585,0.9999875303770422,9.151432552469457e-20,9.151432552469457e-20,2.9661769627590762e-18,2.1128079742815256e-18,3.060172624282833,1.1509234765733347,2.8502742976706337e-12,2.8502419554622295e-12,0.0,0.0,0.0,0.0,0.0,0.0,0.0,0.0,0.0,0.0,0.0,0.0,0.0,0.0,0.0,0.0,0.0,0.0,0.0,0.0,0.0,0.0,0.0,0.0,0.0,0.0,0.0,0.0,0.0,0.0,0.0,0.0,0.0,0.0,0.0,0.0,0.0,0.0,0.0,0.0,0.0,0.0,0.9911346254921046,0.9911346254877876,0.0144379284264319,0.0120635953245687,2.5141424200647228e-21,2.5141424200647228e-21,0.0,0.0,0.0,0.0,0.0,0.0,4.025290534505723,2.650929907832731,0.0077141935772899,0.0077141933798817,0.0,0.0,0.0,0.0,0.0,0.0,0.0,0.0,0.0,0.0,0.0,0.0,0.0,0.0,0.0,0.0,-0.6447889898709265,-0.4609202907306576,-72.9257497887922
3fv2_177,1.0,2.0,0.0,2.0,0.0,0.0,0.0,0.0,0.0,0.0,0.0,0.0,0.0,3.0,2.0,0.0,0.0,0.0,0.0,0.0,0.0,4.0,0.0,4.0,0.0,0.0,0.679683881758,-2.388039074552,2.940589511850717,2.5873517143787312,15.81617301779092,7.881098273599521,4.4745159876166315e-10,4.4745158494240276e-10,6.13580108895825,3.985485998787893,0.3551168445349072,0.3544234124386923,2.933005250341696e-20,2.933005250341696e-20,0.1863893902737221,0.1863892634126021,0.0,0.0,1.6612732966239914,0.3401510174066773,0.0,0.0,0.0,0.0,0.0,0.0,0.0,0.0,0.0,0.0,0.0,0.0,0.0,0.0,0.0,0.0,0.0,0.0,0.0,0.0,0.0,0.0,0.0,0.0,0.0,0.0,0.0,0.0,0.0,0.0,0.0,0.0,0.0,0.0,0.0,0.0,0.0,0.0,2.0493884167923427e-11,1.9841931141623582e-11,2.8855154820214803,0.999999197333575,9.213276975291744e-19,3.746756278422051e-19,2.0635472347639885e-18,1.241436244766016e-18,2.8055207550787857,1.0103553284180202,5.8013602424667615e-12,5.80134774862543e-12,0.0,0.0,0.0,0.0,0.0,0.0,0.0,0.0,0.0,0.0,0.0,0.0,0.0,0.0,0.0,0.0,0.0,0.0,0.0,0.0,0.0,0.0,0.0,0.0,0.0,0.0,0.0,0.0,0.0,0.0,0.0,0.0,0.0,0.0,0.0,0.0,0.0,0.0,0.0,0.0,0.0,0.0,0.9999614986918294,0.9999614986766124,0.0097986972241217,0.0091053347924412,0.0,0.0,0.0,0.0,0.0,0.0,0.0,0.0,3.4661940332180845,1.8584731806781305,0.0008076336813175,0.0008075736735381,0.0,0.0,0.0,0.0,0.0,0.0,0.0,0.0,0.0,0.0,0.0,0.0,0.0,0.0,0.0,0.0,-0.1411444455448085,-0.3771400950309654,-72.68164776253063
3fv2_200,1.0,2.0,0.0,2.0,0.0,0.0,0.0,0.0,0.0,0.0,0.0,0.0,0.0,3.0,2.0,0.0,0.0,0.0,0.0,0.0,0.0,4.0,0.0,4.0,0.0,0.0,0.679683881758,-2.388039074552,2.761243608502077,2.518373362788316,13.480363669449742,7.2217299478879795,7.635566003913893e-09,7.635566000528921e-09,7.1985420279317,4.658477759849221,0.5091369802705374,0.5091366651093284,4.403392767563625e-20,4.403392767563625e-20,0.091088890888908,0.0910888121909583,0.0,0.0,1.680672942546721,0.3385079102302957,0.0,0.0,0.0,0.0,0.0,0.0,0.0,0.0,0.0,0.0,0.0,0.0,0.0,0.0,0.0,0.0,0.0,0.0,0.0,0.0,0.0,0.0,0.0,0.0,0.0,0.0,0.0,0.0,0.0,0.0,0.0,0.0,0.0,0.0,0.0,0.0,0.0,0.0,3.741173522849355e-11,3.677639522072883e-11,2.901932187303155,0.99727318684559,1.4095923073116185e-18,5.297549983427806e-19,1.4886042034143598e-18,1.4886042034143598e-18,1.66236712673023,0.971020808044488,2.410454050659629e-11,2.4104538233405284e-11,0.0,0.0,0.0,0.0,0.0,0.0,0.0,0.0,0.0,0.0,0.0,0.0,0.0,0.0,0.0,0.0,0.0,0.0,0.0,0.0,0.0,0.0,0.0,0.0,0.0,0.0,0.0,0.0,0.0,0.0,0.0,0.0,0.0,0.0,0.0,0.0,0.0,0.0,0.0,0.0,0.0,0.0,0.9929574497510444,0.99295744969527,0.087867161053474,0.0878671594177215,0.0,0.0,0.0,0.0,0.0,0.0,0.0,0.0,4.527249877818475,2.7445882717428915,0.0046478024156283,0.0046474998822695,0.0,0.0,0.0,0.0,0.0,0.0,0.0,0.0,0.0,0.0,0.0,0.0,0.0,0.0,0.0,0.0,0.2306257951880586,-0.3678096566434888,-66.76402511933144
3fv2_298,1.0,2.0,0.0,2.0,0.0,0.0,0.0,0.0,0.0,0.0,0.0,0.0,0.0,3.0,2.0,0.0,0.0,0.0,0.0,0.0,0.0,4.0,0.0,4.0,0.0,0.0,0.679683881758,-2.388039074552,4.579707631534936,2.992954086302448,15.564893713026338,8.363216103376725,1.7023022043665628e-10,1.7023017118119584e-10,7.724258020932821,5.052863674113753,0.4303961209109725,0.4278455584811663,2.6926275206721146e-21,2.6926275206721146e-21,0.541771257071413,0.5199796368840182,0.0,0.0,1.6106477177152507,0.2791685088671238,0.0,0.0,0.0,0.0,0.0,0.0,0.0,0.0,0.0,0.0,0.0,0.0,0.0,0.0,0.0,0.0,0.0,0.0,0.0,0.0,0.0,0.0,0.0,0.0,0.0,0.0,0.0,0.0,0.0,0.0,0.0,0.0,0.0,0.0,0.0,0.0,0.0,0.0,6.86152999846157e-09,6.851345045545282e-09,3.476362588582549,0.9997696694647352,2.5491394434778694e-19,2.022020799348056e-19,3.8327231508693684e-18,3.3284775258500307e-18,3.058676939179038,1.1382362568261677,7.832913104112344e-13,7.832426181357246e-13,0.0,0.0,0.0,0.0,0.0,0.0,0.0,0.0,0.0,0.0,0.0,0.0,0.0,0.0,0.0,0.0,0.0,0.0,0.0,0.0,0.0,0.0,0.0,0.0,0.0,0.0,0.0,0.0,0.0,0.0,0.0,0.0,0.0,0.0,0.0,0.0,0.0,0.0,0.0,0.0,0.0,0.0,0.9385421537610412,0.9385421537543484,0.0211298341370429,0.0185799859893235,2.6926275206721146e-21,2.6926275206721146e-21,0.0,0.0,0.0,0.0,0.0,0.0,4.349171464492313,2.9618813368853014,0.0035135155035884,0.0035135150009478,0.0,0.0,0.0,0.0,0.0,0.0,0.0,0.0,0.0,0.0,0.0,0.0,0.0,0.0,0.0,0.0,-0.9603698638515104,-0.4854818293232107,-69.70243198412459
3fv2_302,1.0,2.0,0.0,2.0,0.0,0.0,0.0,0.0,0.0,0.0,0.0,0.0,0.0,3.0,2.0,0.0,0.0,0.0,0.0,0.0,0.0,4.0,0.0,4.0,0.0,0.0,0.679683881758,-2.388039074552,4.497799672716172,2.9411451702056635,14.260602537121102,8.021436849011188,2.659829832664004e-09,2.659829821653677e-09,7.704770372215222,5.280152390355323,0.4657318478487839,0.4657246113407444,0.0,0.0,0.5340781044974918,0.5340781039469212,0.0,0.0,1.6263181133008218,0.2888910579630501,0.0,0.0,0.0,0.0,0.0,0.0,0.0,0.0,0.0,0.0,0.0,0.0,0.0,0.0,0.0,0.0,0.0,0.0,0.0,0.0,0.0,0.0,0.0,0.0,0.0,0.0,0.0,0.0,0.0,0.0,0.0,0.0,0.0,0.0,0.0,0.0,0.0,0.0,6.618041076093515e-10,6.594004859816046e-10,3.191171937618475,0.9999169959185068,3.7476547098176524e-19,3.0828671912981863e-19,2.8121072333927833e-18,2.6170426373252446e-18,2.6998151471635925,1.006550501748341,6.993593164047852e-12,6.993582254657183e-12,0.0,0.0,0.0,0.0,0.0,0.0,0.0,0.0,0.0,0.0,0.0,0.0,0.0,0.0,0.0,0.0,0.0,0.0,0.0,0.0,0.0,0.0,0.0,0.0,0.0,0.0,0.0,0.0,0.0,0.0,0.0,0.0,0.0,0.0,0.0,0.0,0.0,0.0,0.0,0.0,0.0,0.0,0.9992505028813832,0.9992505027953156,0.0271972394272507,0.0271901422114839,0.0,0.0,0.0,0.0,0.0,0.0,0.0,0.0,3.98671917576649,2.4996765658157445,0.0049335656004217,0.0049335650173876,0.0,0.0,0.0,0.0,0.0,0.0,0.0,0.0,0.0,0.0,0.0,0.0,0.0,0.0,0.0,0.0,-0.1033914410999267,-0.4634481468553577,-71.67736301306664
3fv2_408,1.0,2.0,0.0,2.0,0.0,0.0,0.0,0.0,0.0,0.0,0.0,0.0,0.0,3.0,2.0,0.0,0.0,0.0,0.0,0.0,0.0,4.0,0.0,4.0,0.0,0.0,0.679683881758,-2.388039074552,3.296811981699596,2.9999458233851626,13.39566097180963,8.4749630178138,5.1855996414486574e-11,5.1855992803748094e-11,5.868215706995694,5.122795121676622,0.0207807331750771,0.0207773672046981,7.487958852499558e-21,7.487958852499558e-21,0.6628766774901815,0.6443828937841173,0.0,0.0,1.6765420580444756,0.3345357027672719,0.0,0.0,0.0,0.0,0.0,0.0,0.0,0.0,0.0,0.0,0.0,0.0,0.0,0.0,0.0,0.0,0.0,0.0,0.0,0.0,0.0,0.0,0.0,0.0,0.0,0.0,0.0,0.0,0.0,0.0,0.0,0.0,0.0,0.0,0.0,0.0,0.0,0.0,1.7555258029006998e-07,1.7507921230008827e-07,3.406929722864437,0.9999574258539188,5.981654602244036e-20,5.981654602244036e-20,1.2293572969616885e-17,9.876327691857137e-18,2.018909946263568,1.0835511157355162,1.1038102096324784e-14,1.103594515119716e-14,0.0,0.0,0.0,0.0,0.0,0.0,0.0,0.0,0.0,0.0,0.0,0.0,0.0,0.0,0.0,0.0,0.0,0.0,0.0,0.0,0.0,0.0,0.0,0.0,0.0,0.0,0.0,0.0,0.0,0.0,0.0,0.0,0.0,0.0,0.0,0.0,0.0,0.0,0.0,0.0,0.0,0.0,0.2256651110936757,0.2256651109630864,0.014263299350837,0.0142632353929089,7.487958852499558e-21,7.487958852499558e-21,0.0,0.0,0.0,0.0,0.0,0.0,2.205237354545353,1.996261428285042,0.0020299581103418,0.0020299371647311,0.0,0.0,0.0,0.0,0.0,0.0,0.0,0.0,0.0,0.0,0.0,0.0,0.0,0.0,0.0,0.0,-0.4616214697985903,-0.3577457249585691,-47.64036978440408
3fv2_409,1.0,2.0,0.0,2.0,0.0,0.0,0.0,0.0,0.0,0.0,0.0,0.0,0.0,3.0,2.0,0.0,0.0,0.0,0.0,0.0,0.0,4.0,0.0,4.0,0.0,0.0,0.679683881758,-2.388039074552,2.1354938459823345e-08,2.09736171286382e-08,16.769050245188073,9.637479499915656,0.0002742101307761,0.0002742101307761,1.060173162910651,1.0601727207369105,0.175698350135268,0.1756981318960118,2.841934012011781e-19,2.841934012011781e-19,0.0004129969157678,0.0004091082452899,0.0,0.0,2.0159531357571323,0.3415268903177246,0.0,0.0,0.0,0.0,0.0,0.0,0.0,0.0,0.0,0.0,0.0,0.0,0.0,0.0,0.0,0.0,0.0,0.0,0.0,0.0,0.0,0.0,0.0,0.0,0.0,0.0,0.0,0.0,0.0,0.0,0.0,0.0,0.0,0.0,0.0,0.0,0.0,0.0,0.0,0.0,8.055949382680171e-07,7.860403208554849e-07,0.0002742101050034,0.0002742101050034,1.8775701950740017e-11,1.8205897700051015e-11,5.377439757766301,1.9992558888459917,4.3255538632885595e-20,4.2931550401647646e-20,0.0,0.0,0.0,0.0,0.0,0.0,0.0,0.0,0.0,0.0,0.0,0.0,0.0,0.0,0.0,0.0,0.0,0.0,0.0,0.0,0.0,0.0,0.0,0.0,0.0,0.0,0.0,0.0,0.0,0.0,0.0,0.0,0.0,0.0,0.0,0.0,0.0,0.0,0.0,0.0,0.0,0.0,3.770796192322956e-05,3.77069463458108e-05,0.0032511116325088,0.0032509217116047,0.0,0.0,0.0,0.0,0.0,0.0,0.0,0.0,0.6775921310981364,0.6775920882822194,0.0567393325107375,0.0567393210764981,2.64348667251979e-19,2.64348667251979e-19,0.0,0.0,0.0,0.0,0.0,0.0,0.0,0.0,0.0,0.0,0.0,0.0,0.0,0.0,0.2574964663511496,0.1325623533603095,-60.06355156640827
3fv2_412,1.0,2.0,0.0,2.0,0.0,0.0,0.0,0.0,0.0,0.0,0.0,0.0,0.0,3.0,2.0,0.0,0.0,0.0,0.0,0.0,0.0,4.0,0.0,4.0,0.0,0.0,0.679683881758,-2.388039074552,0.0001741654026775,0.0001422142177648,21.14228895236203,12.967486427300468,8.510694053118366e-05,8.510694053117716e-05,0.5890430088763219,0.5349050314173959,1.0628682520804835,1.0602333925517518,5.605812292272958e-20,5.605812292272958e-20,0.0936833833399188,0.0488775051108202,0.0,0.0,2.1008719608552004,0.3415149421577654,0.0,0.0,0.0,0.0,0.0,0.0,0.0,0.0,0.0,0.0,0.0,0.0,0.0,0.0,0.0,0.0,0.0,0.0,0.0,0.0,0.0,0.0,0.0,0.0,0.0,0.0,0.0,0.0,0.0,0.0,0.0,0.0,0.0,0.0,0.0,0.0,0.0,0.0,9.524977949966712e-19,9.524977949966712e-19,0.891141378705323,0.7409062147385845,7.127516176923543e-14,7.127499495899853e-14,4.365620523844803e-10,4.3520305963473285e-10,4.947834476890864,1.9962897440488208,2.105640883300844e-19,2.0558160452921291e-19,0.0,0.0,0.0,0.0,0.0,0.0,0.0,0.0,0.0,0.0,0.0,0.0,0.0,0.0,0.0,0.0,0.0,0.0,0.0,0.0,0.0,0.0,0.0,0.0,0.0,0.0,0.0,0.0,0.0,0.0,0.0,0.0,0.0,0.0,0.0,0.0,0.0,0.0,0.0,0.0,0.0,0.0,0.0229509852927054,0.0229506335936767,0.006134686278765,0.0050933021446797,0.0,0.0,0.0,0.0,0.0,0.0,0.0,0.0,3.764602423228447e-09,3.764417956875035e-09,0.0459788575328567,0.045978123864707,5.0565853834085246e-20,5.0565853834085246e-20,0.0,0.0,0.0,0.0,0.0,0.0,0.0,0.0,0.0,0.0,0.0,0.0,0.0,0.0,0.4577285691718999,0.2134866448135266,-29.879481245177704
3fv2_42,1.0,2.0,0.0,2.0,0.0,0.0,0.0,0.0,0.0,0.0,0.0,0.0,0.0,3.0,2.0,0.0,0.0,0.0,0.0,0.0,0.0,4.0,0.0,4.0,0.0,0.0,0.679683881758,-2.388039074552,4.298056609166354,2.925911995631477,15.20885685682012,9.40299454637874,1.1204192065325314e-12,1.1204134278397288e-12,6.096938477933934,4.159242053556194,0.2662225612765487,0.2662208419948632,3.6656795320840744e-20,3.6656795320840744e-20,0.755283928803244,0.7552839287409837,0.0,0.0,1.6432396143454773,0.3377959027548184,0.0,0.0,0.0,0.0,0.0,0.0,0.0,0.0,0.0,0.0,0.0,0.0,0.0,0.0,0.0,0.0,0.0,0.0,0.0,0.0,0.0,0.0,0.0,0.0,0.0,0.0,0.0,0.0,0.0,0.0,0.0,0.0,0.0,0.0,0.0,0.0,0.0,0.0,2.798385084463093e-09,2.7779559299840173e-09,3.374356749600224,0.9999729832540244,2.8415342560113344e-20,2.8415342560113344e-20,1.2079005506064453e-17,1.0066293910630008e-17,2.266505827004252,1.3932066386345894,8.799474354852453e-14,8.799154683123571e-14,0.0,0.0,0.0,0.0,0.0,0.0,0.0,0.0,0.0,0.0,0.0,0.0,0.0,0.0,0.0,0.0,0.0,0.0,0.0,0.0,0.0,0.0,0.0,0.0,0.0,0.0,0.0,0.0,0.0,0.0,0.0,0.0,0.0,0.0,0.0,0.0,0.0,0.0,0.0,0.0,0.0,0.0,0.5972235291349482,0.5972235291315668,0.0082047383222753,0.0082047229110384,2.996862590295082e-20,2.996862590295082e-20,0.0,0.0,0.0,0.0,0.0,0.0,2.9825831325461905,1.84064141851337,0.0060478288210225,0.0060478282492162,0.0,0.0,0.0,0.0,0.0,0.0,0.0,0.0,0.0,0.0,0.0,0.0,0.0,0.0,0.0,0.0,-0.5078395003002343,-0.410318251629469,-67.10304772092182
3fv2_424,1.0,2.0,0.0,2.0,0.0,0.0,0.0,0.0,0.0,0.0,0.0,0.0,0.0,3.0,2.0,0.0,0.0,0.0,0.0,0.0,0.0,4.0,0.0,4.0,0.0,0.0,0.679683881758,-2.388039074552,1.3529335090118244,1.3189258513371218,13.22483192437131,8.36783980700751,1.550952048237543e-05,1.550952048236949e-05,2.7089576649681315,1.883041215277229,0.086662895733844,0.0861492612290829,3.9177262266324862e-19,3.9177262266324862e-19,0.0004112634037742,0.0004081523799197,0.0,0.0,1.7156910795988491,0.3412680068913002,0.0,0.0,0.0,0.0,0.0,0.0,0.0,0.0,0.0,0.0,0.0,0.0,0.0,0.0,0.0,0.0,0.0,0.0,0.0,0.0,0.0,0.0,0.0,0.0,0.0,0.0,0.0,0.0,0.0,0.0,0.0,0.0,0.0,0.0,0.0,0.0,0.0,0.0,0.0,0.0,0.0380085540443794,0.0379886595846014,1.5509520333780335e-05,1.5509520333780335e-05,0.0017060925298037,0.0017044488131346,4.275273612686504,1.87071291635696,8.787486155625187e-19,8.787486155625187e-19,0.0,0.0,0.0,0.0,0.0,0.0,0.0,0.0,0.0,0.0,0.0,0.0,0.0,0.0,0.0,0.0,0.0,0.0,0.0,0.0,0.0,0.0,0.0,0.0,0.0,0.0,0.0,0.0,0.0,0.0,0.0,0.0,0.0,0.0,0.0,0.0,0.0,0.0,0.0,0.0,0.0,0.0,0.3035630004165469,0.2797545071390149,0.075204827621666,0.0746912270650213,0.0,0.0,0.0,0.0,0.0,0.0,0.0,0.0,2.34486028457867e-07,2.344767482136718e-07,0.0046232647514463,0.0046232396179886,3.679030226184913e-19,3.679030226184913e-19,0.0,0.0,0.0,0.0,0.0,0.0,0.0,0.0,0.0,0.0,0.0,0.0,0.0,0.0,0.0007129811205985,-0.2785881102705055,4.521680299764353
3fv2_429,1.0,2.0,0.0,2.0,0.0,0.0,0.0,0.0,0.0,0.0,0.0,0.0,0.0,3.0,2.0,0.0,0.0,0.0,0.0,0.0,0.0,4.0,0.0,4.0,0.0,0.0,0.679683881758,-2.388039074552,6.239814181170754e-08,5.5865424076102715e-08,16.956532714075948,9.972044593279636,0.0007592428844119,0.0007592428844118,1.7872898967704614,1.742958130741976,0.1535897029540258,0.1529896232078818,0.0,0.0,3.234525799533861e-09,3.233743559721448e-09,0.0,0.0,2.3062037440403778,0.3486222210299759,0.0,0.0,0.0,0.0,0.0,0.0,0.0,0.0,0.0,0.0,0.0,0.0,0.0,0.0,0.0,0.0,0.0,0.0,0.0,0.0,0.0,0.0,0.0,0.0,0.0,0.0,0.0,0.0,0.0,0.0,0.0,0.0,0.0,0.0,0.0,0.0,0.0,0.0,0.0,0.0,1.0607837343388495,0.9511196547308916,8.265429882787967e-14,8.265408416587115e-14,1.7076322295835953e-12,1.4051271452506709e-12,3.0560473647346558,1.051945197501254,2.6079401031345087e-18,2.1811264236863472e-18,0.0,0.0,0.0,0.0,0.0,0.0,0.0,0.0,0.0,0.0,0.0,0.0,0.0,0.0,0.0,0.0,0.0,0.0,0.0,0.0,0.0,0.0,0.0,0.0,0.0,0.0,0.0,0.0,0.0,0.0,0.0,0.0,0.0,0.0,0.0,0.0,0.0,0.0,0.0,0.0,0.0,0.0,0.846764032569358,0.8467442510772338,0.1423452490994405,0.1421640475633654,0.0,0.0,0.0,0.0,0.0,0.0,0.0,0.0,0.0268111595037126,0.026811158233449,0.0060599404426829,0.0056421089912085,0.0,0.0,0.0,0.0,0.0,0.0,0.0,0.0,0.0,0.0,0.0,0.0,0.0,0.0,0.0,0.0,0.3091936337367736,0.0414539768007327,23.065621858989346
3fv2_430,1.0,2.0,0.0,2.0,0.0,0.0,0.0,0.0,0.0,0.0,0.0,0.0,0.0,3.0,2.0,0.0,0.0,0.0,0.0,0.0,0.0,4.0,0.0,4.0,0.0,0.0,0.679683881758,-2.388039074552,2.246440392037772,2.000510091681438,9.7739416374863,6.459407555076179,2.5508009161998963e-14,2.5506817731598652e-14,4.398004186531029,3.498056370285758,3.002000261403717e-06,2.988135295251942e-06,1.37580574825568e-19,1.37580574825568e-19,0.1642000845130037,0.1376620660600059,0.0,0.0,2.020875788204304,0.3415268903669642,0.0,0.0,0.0,0.0,0.0,0.0,0.0,0.0,0.0,0.0,0.0,0.0,0.0,0.0,0.0,0.0,0.0,0.0,0.0,0.0,0.0,0.0,0.0,0.0,0.0,0.0,0.0,0.0,0.0,0.0,0.0,0.0,0.0,0.0,0.0,0.0,0.0,0.0,4.142914107661811e-17,2.602132516293683e-17,1.2740193354745837,0.9971880617638692,9.919095468185545e-19,4.0504158463339372e-19,1.0000401154473435,1.0000005413941158,1.5246392532281483,0.9350925361581632,4.5389140477620535e-17,4.4830498401941234e-17,0.0,0.0,0.0,0.0,0.0,0.0,0.0,0.0,0.0,0.0,0.0,0.0,0.0,0.0,0.0,0.0,0.0,0.0,0.0,0.0,0.0,0.0,0.0,0.0,0.0,0.0,0.0,0.0,0.0,0.0,0.0,0.0,0.0,0.0,0.0,0.0,0.0,0.0,0.0,0.0,0.0,0.0,2.381955447036608,1.9678635045292905,1.6928658136573388e-11,1.2289644559574627e-11,1.2018245341099206e-19,1.2018245341099206e-19,0.0,0.0,0.0,0.0,0.0,0.0,0.4595759804141021,0.4595759801198805,2.6091023331521842e-08,2.570497004580998e-08,0.0,0.0,0.0,0.0,0.0,0.0,0.0,0.0,0.0,0.0,0.0,0.0,0.0,0.0,0.0,0.0,-0.4542113568343997,-0.0094750891552159,18.79512541007464
3fv2_459,1.0,2.0,0.0,2.0,0.0,0.0,0.0,0.0,0.0,0.0,0.0,0.0,0.0,3.0,2.0,0.0,0.0,0.0,0.0,0.0,0.0,4.0,0.0,4.0,0.0,0.0,0.679683881758,-2.388039074552,1.1212161715463551e-10,9.025993661319259e-11,15.90619531755471,10.184721707499572,7.802346982290585e-07,7.80234698209676e-07,1.113450183304789,1.1134447770514802,0.7837670221356321,0.7837652154712081,2.206215707190451e-20,2.206215707190451e-20,2.311072493403197e-11,2.3109587121303028e-11,0.0,0.0,1.8868032432194628,0.3415268903669634,0.0,0.0,0.0,0.0,0.0,0.0,0.0,0.0,0.0,0.0,0.0,0.0,0.0,0.0,0.0,0.0,0.0,0.0,0.0,0.0,0.0,0.0,0.0,0.0,0.0,0.0,0.0,0.0,0.0,0.0,0.0,0.0,0.0,0.0,0.0,0.0,0.0,0.0,0.0,0.0,1.2933155718712426,0.8767334730540605,1.5921352543597543e-14,1.5921352543597543e-14,3.8449774235762806e-12,3.39426714923636e-12,4.995875021326561,1.99987481903553,8.096947534440125e-20,8.060484290584432e-20,0.0,0.0,0.0,0.0,0.0,0.0,0.0,0.0,0.0,0.0,0.0,0.0,0.0,0.0,0.0,0.0,0.0,0.0,0.0,0.0,0.0,0.0,0.0,0.0,0.0,0.0,0.0,0.0,0.0,0.0,0.0,0.0,0.0,0.0,0.0,0.0,0.0,0.0,0.0,0.0,0.0,0.0,0.0012546034668355,0.0012545021891732,0.0036247096628013,0.0036229208947039,0.0,0.0,0.0,0.0,0.0,0.0,0.0,0.0,0.0005713200802178,0.0005713189865754,0.0265925160482326,0.0265925035943553,2.206215707190451e-20,2.206215707190451e-20,0.0,0.0,0.0,0.0,0.0,0.0,0.0,0.0,0.0,0.0,0.0,0.0,0.0,0.0,0.1078065164714845,0.1198396813852924,-23.31162805716733
3fv2_466,1.0,2.0,0.0,2.0,0.0,0.0,0.0,0.0,0.0,0.0,0.0,0.0,0.0,3.0,2.0,0.0,0.0,0.0,0.0,0.0,0.0,4.0,0.0,4.0,0.0,0.0,0.679683881758,-2.388039074552,1.2689943414716838,1.003368726438824,9.354246564316552,7.499469949302247,2.7737753387436272e-08,2.7737753386577182e-08,4.13376150840785,3.348269941008376,0.8605354860048372,0.8593408879760018,0.0,0.0,0.0336651871024904,0.0326435339017776,0.0,0.0,2.029985486269262,0.3049793326273259,0.0,0.0,0.0,0.0,0.0,0.0,0.0,0.0,0.0,0.0,0.0,0.0,0.0,0.0,0.0,0.0,0.0,0.0,0.0,0.0,0.0,0.0,0.0,0.0,0.0,0.0,0.0,0.0,0.0,0.0,0.0,0.0,0.0,0.0,0.0,0.0,0.0,0.0,2.551417653903956e-12,2.398606529870121e-12,1.5723820429855428,0.9354961384146686,2.5861315213513344e-20,2.5517541051657252e-20,0.0,0.0,2.1948645485655405,1.7587782473107294,8.595351036204681e-15,8.594519359645825e-15,0.0,0.0,0.0,0.0,0.0,0.0,0.0,0.0,0.0,0.0,0.0,0.0,0.0,0.0,0.0,0.0,0.0,0.0,0.0,0.0,0.0,0.0,0.0,0.0,0.0,0.0,0.0,0.0,0.0,0.0,0.0,0.0,0.0,0.0,0.0,0.0,0.0,0.0,0.0,0.0,0.0,0.0,0.4151760412299566,0.4151760405897947,0.847895846804976,0.8478958467317537,0.0,0.0,0.0,0.0,0.0,0.0,0.0,0.0,1.6624699320765124,0.8990744209389905,0.0114902357689063,0.0102977764461311,0.0,0.0,0.0,0.0,0.0,0.0,0.0,0.0,0.0,0.0,0.0,0.0,0.0,0.0,0.0,0.0,-0.6059457485249946,-0.0135335906197228,-31.590439411038812
3fv2_484,1.0,2.0,0.0,2.0,0.0,0.0,0.0,0.0,0.0,0.0,0.0,0.0,0.0,3.0,2.0,0.0,0.0,0.0,0.0,0.0,0.0,4.0,0.0,4.0,0.0,0.0,0.679683881758,-2.388039074552,3.797010619352621,3.2421545414421407,12.34072702017261,7.420011333364764,3.1001970236747463e-15,3.099037415344576e-15,4.888363190334926,3.099673621779301,0.0066902264906281,0.0042252499336277,0.0,0.0,0.3024699337926846,0.2802271877912827,0.0,0.0,1.9590377650332385,0.2858838105043197,0.0,0.0,0.0,0.0,0.0,0.0,0.0,0.0,0.0,0.0,0.0,0.0,0.0,0.0,0.0,0.0,0.0,0.0,0.0,0.0,0.0,0.0,0.0,0.0,0.0,0.0,0.0,0.0,0.0,0.0,0.0,0.0,0.0,0.0,0.0,0.0,0.0,0.0,4.324943180517439e-06,4.324810060910804e-06,2.596364191353308,0.995958433196462,2.934622113870875e-19,1.7915623969756992e-19,1.0924242840080829e-17,1.0737349154209928e-17,0.476824815609661,0.4070774476638133,9.561382652829649e-18,8.614035762255222e-18,0.0,0.0,0.0,0.0,0.0,0.0,0.0,0.0,0.0,0.0,0.0,0.0,0.0,0.0,0.0,0.0,0.0,0.0,0.0,0.0,0.0,0.0,0.0,0.0,0.0,0.0,0.0,0.0,0.0,0.0,0.0,0.0,0.0,0.0,0.0,0.0,0.0,0.0,0.0,0.0,0.0,0.0,0.0718701600029754,0.0718701588745448,3.624815588985217e-06,3.624811519920989e-06,0.0,0.0,0.0,0.0,0.0,0.0,0.0,0.0,2.6305727185707477,1.6953970046114142,1.226924840012934e-11,1.2205691656741908e-11,0.0,0.0,0.0,0.0,0.0,0.0,0.0,0.0,0.0,0.0,0.0,0.0,0.0,0.0,0.0,0.0,-0.0276083937671895,-0.1746071913326995,-12.153107813713342
3fv2_485,1.0,2.0,0.0,2.0,0.0,0.0,0.0,0.0,0.0,0.0,0.0,0.0,0.0,3.0,2.0,0.0,0.0,0.0,0.0,0.0,0.0,4.0,0.0,4.0,0.0,0.0,0.679683881758,-2.388039074552,0.8076720196518804,0.8076307640215923,19.80769434667829,11.58298473952493,3.6946845622333664e-11,3.694683949350765e-11,3.1181164354962974,2.52473837403315,0.6300143481103077,0.6298998490025334,1.570311308876166e-18,1.570311308876166e-18,0.8682401313688237,0.868240131363083,0.0,0.0,1.6876277633728805,0.3282517059879039,0.0,0.0,0.0,0.0,0.0,0.0,0.0,0.0,0.0,0.0,0.0,0.0,0.0,0.0,0.0,0.0,0.0,0.0,0.0,0.0,0.0,0.0,0.0,0.0,0.0,0.0,0.0,0.0,0.0,0.0,0.0,0.0,0.0,0.0,0.0,0.0,0.0,0.0,1.946434570511019e-07,1.701303317759899e-07,1.4355878482958142,0.7008317372904014,7.111696065818912e-21,6.073710117032271e-21,0.0,0.0,1.937552915703894,1.1441888464705297,3.646949098389815e-17,3.6261900119168884e-17,0.0,0.0,0.0,0.0,0.0,0.0,0.0,0.0,0.0,0.0,0.0,0.0,0.0,0.0,0.0,0.0,0.0,0.0,0.0,0.0,0.0,0.0,0.0,0.0,0.0,0.0,0.0,0.0,0.0,0.0,0.0,0.0,0.0,0.0,0.0,0.0,0.0,0.0,0.0,0.0,0.0,0.0,0.0178330560230562,0.0178330560230035,0.2714781459290654,0.271478109714789,4.525599540494254e-21,4.525599540494254e-21,0.0,0.0,0.0,0.0,0.0,0.0,1.234937387863762,0.6800091097473804,0.005924668459477,0.0058215750993062,1.5008877595165886e-18,1.5008877595165886e-18,0.0,0.0,0.0,0.0,0.0,0.0,0.0,0.0,0.0,0.0,0.0,0.0,0.0,0.0,0.346514266760292,0.2066972492127575,-30.897773478623314
3fv2_488,1.0,2.0,0.0,2.0,0.0,0.0,0.0,0.0,0.0,0.0,0.0,0.0,0.0,3.0,2.0,0.0,0.0,0.0,0.0,0.0,0.0,4.0,0.0,4.0,0.0,0.0,0.679683881758,-2.388039074552,3.913772140308288e-07,3.9022732679276e-07,11.93356618346369,8.779793503525827,1.0739503349037448e-08,1.0739503347887407e-08,0.6720060590458737,0.6720054845722417,0.030183174155118,0.0301831455103794,8.917283773878401e-20,8.917283773878401e-20,3.449668018078195e-07,3.445939480154119e-07,0.0,0.0,1.884292877070852,0.3415268903667289,0.0,0.0,0.0,0.0,0.0,0.0,0.0,0.0,0.0,0.0,0.0,0.0,0.0,0.0,0.0,0.0,0.0,0.0,0.0,0.0,0.0,0.0,0.0,0.0,0.0,0.0,0.0,0.0,0.0,0.0,0.0,0.0,0.0,0.0,0.0,0.0,0.0,0.0,0.0,0.0,0.9812583005086946,0.9812582992691128,8.435094225036635e-12,8.435094225036635e-12,1.4251471749049282e-12,1.1185216999031154e-12,3.2433959786342728,1.999381027952948,1.7727577632876482e-17,1.6619601096397304e-17,0.0,0.0,0.0,0.0,0.0,0.0,0.0,0.0,0.0,0.0,0.0,0.0,0.0,0.0,0.0,0.0,0.0,0.0,0.0,0.0,0.0,0.0,0.0,0.0,0.0,0.0,0.0,0.0,0.0,0.0,0.0,0.0,0.0,0.0,0.0,0.0,0.0,0.0,0.0,0.0,0.0,0.0,8.302122566007622e-06,8.01277619968393e-06,0.0301789127426909,0.0301789090890686,8.917283773878401e-20,8.917283773878401e-20,0.0,0.0,0.0,0.0,0.0,0.0,1.0431394864153533e-06,1.0431390188631733e-06,3.0676494429048896e-06,3.067602179735341e-06,0.0,0.0,0.0,0.0,0.0,0.0,0.0,0.0,0.0,0.0,0.0,0.0,0.0,0.0,0.0,0.0,0.9325879462439436,0.1251083500215614,-0.1826866577117006
3fv2_489,1.0,2.0,0.0,2.0,0.0,0.0,0.0,0.0,0.0,0.0,0.0,0.0,0.0,3.0,2.0,0.0,0.0,0.0,0.0,0.0,0.0,4.0,0.0,4.0,0.0,0.0,0.679683881758,-2.388039074552,2.21688850253053e-09,2.157857339569058e-09,14.517004180487874,8.737671389031881,0.0006280548098556,0.0006280548098556,1.2706409632601214,1.2335619854940918,0.0146286056389352,0.0146197826698763,8.051293225978033e-20,8.051293225978033e-20,4.0932857879677505e-09,3.4273831672721884e-09,0.0,0.0,2.6861771180469405,0.4113698429983589,0.0,0.0,0.0,0.0,0.0,0.0,0.0,0.0,0.0,0.0,0.0,0.0,0.0,0.0,0.0,0.0,0.0,0.0,0.0,0.0,0.0,0.0,0.0,0.0,0.0,0.0,0.0,0.0,0.0,0.0,0.0,0.0,0.0,0.0,0.0,0.0,0.0,0.0,0.0,0.0,0.8156519673672847,0.8156519672867512,1.4132562966495574e-05,1.4132562966495574e-05,1.557663391723409e-09,1.5419193882280302e-09,2.857109753842843,1.772635953882062,5.3033380963842725e-20,5.3033380963842725e-20,0.0,0.0,0.0,0.0,0.0,0.0,0.0,0.0,0.0,0.0,0.0,0.0,0.0,0.0,0.0,0.0,0.0,0.0,0.0,0.0,0.0,0.0,0.0,0.0,0.0,0.0,0.0,0.0,0.0,0.0,0.0,0.0,0.0,0.0,0.0,0.0,0.0,0.0,0.0,0.0,0.0,0.0,0.6509594131361025,0.6138806995423756,0.014608998188078,0.0146008726270102,1.5550933785209275e-20,1.5550933785209275e-20,0.0,0.0,0.0,0.0,0.0,0.0,0.1853527261416928,0.1853527257108473,1.5194267437962955e-05,1.4503112274503911e-05,0.0,0.0,0.0,0.0,0.0,0.0,0.0,0.0,0.0,0.0,0.0,0.0,0.0,0.0,0.0,0.0,0.5962601932017142,0.1000489655687596,12.611131472023704
3fv2_500,1.0,2.0,0.0,2.0,0.0,0.0,0.0,0.0,0.0,0.0,0.0,0.0,0.0,3.0,2.0,0.0,0.0,0.0,0.0,0.0,0.0,4.0,0.0,4.0,0.0,0.0,0.679683881758,-2.388039074552,2.456279554270252e-11,1.7813815379394995e-11,14.837674446226538,10.717170636057777,1.5560855148093586e-08,1.5560855136748258e-08,1.8354237128555388,1.835415077300722,0.303227074621446,0.3032220436066513,0.0,0.0,1.1355563567688359e-10,1.1347681644382516e-10,0.0,0.0,2.317482159933693,0.411648654450616,0.0,0.0,0.0,0.0,0.0,0.0,0.0,0.0,0.0,0.0,0.0,0.0,0.0,0.0,0.0,0.0,0.0,0.0,0.0,0.0,0.0,0.0,0.0,0.0,0.0,0.0,0.0,0.0,0.0,0.0,0.0,0.0,0.0,0.0,0.0,0.0,0.0,0.0,0.0,0.0,1.0964896119344376,0.9603373609642016,9.116497041614969e-16,9.094270815958143e-16,6.784274380021168e-13,6.0273364843879e-13,3.424083241389038,1.9851789468477408,1.3774348120619403e-20,1.0572620716121132e-20,0.0,0.0,0.0,0.0,0.0,0.0,0.0,0.0,0.0,0.0,0.0,0.0,0.0,0.0,0.0,0.0,0.0,0.0,0.0,0.0,0.0,0.0,0.0,0.0,0.0,0.0,0.0,0.0,0.0,0.0,0.0,0.0,0.0,0.0,0.0,0.0,0.0,0.0,0.0,0.0,0.0,0.0,0.0925163504695277,0.0925143238933555,0.0001139606020348,0.0001128208596661,0.0,0.0,0.0,0.0,0.0,0.0,0.0,0.0,0.080227960829827,0.0802279084368758,0.1518063999035329,0.1518025164613554,0.0,0.0,0.0,0.0,0.0,0.0,0.0,0.0,0.0,0.0,0.0,0.0,0.0,0.0,0.0,0.0,-0.1214000183943148,0.1044215067417376,-21.448679334259232
3fv2_503,1.0,2.0,0.0,2.0,0.0,0.0,0.0,0.0,0.0,0.0,0.0,0.0,0.0,3.0,2.0,0.0,0.0,0.0,0.0,0.0,0.0,4.0,0.0,4.0,0.0,0.0,0.679683881758,-2.388039074552,2.0211573425860245,1.8217968318326665,14.887715672403983,8.78356199542913,3.0985363860228777e-08,3.098536385264632e-08,4.250102627243548,3.5259624253806225,1.15715233945495,1.155710461018704,0.0,0.0,0.9437363550817132,0.9437363459840415,0.0,0.0,1.7501232782735223,0.3406922187852282,0.0,0.0,0.0,0.0,0.0,0.0,0.0,0.0,0.0,0.0,0.0,0.0,0.0,0.0,0.0,0.0,0.0,0.0,0.0,0.0,0.0,0.0,0.0,0.0,0.0,0.0,0.0,0.0,0.0,0.0,0.0,0.0,0.0,0.0,0.0,0.0,0.0,0.0,4.5050183982559143e-13,4.249285804467861e-13,1.724944885620157,0.9998545538295714,1.930302143425004e-19,1.9080033348273761e-19,3.1379566806433412e-18,3.1379566806433412e-18,2.3621157583392325,0.9824659570115278,2.0977167158953227e-08,2.097716715199433e-08,0.0,0.0,0.0,0.0,0.0,0.0,0.0,0.0,0.0,0.0,0.0,0.0,0.0,0.0,0.0,0.0,0.0,0.0,0.0,0.0,0.0,0.0,0.0,0.0,0.0,0.0,0.0,0.0,0.0,0.0,0.0,0.0,0.0,0.0,0.0,0.0,0.0,0.0,0.0,0.0,0.0,0.0,0.8479518761232017,0.8479518761127185,0.042655945326589,0.0426559000946907,0.0,0.0,0.0,0.0,0.0,0.0,0.0,0.0,2.561552322140875,1.8381875403361967,0.0102596584108481,0.0089513177966685,0.0,0.0,0.0,0.0,0.0,0.0,0.0,0.0,0.0,0.0,0.0,0.0,0.0,0.0,0.0,0.0,-0.4708290739393782,-0.3010676405868883,-41.52007367821033
3fv2_509,1.0,2.0,0.0,2.0,0.0,0.0,0.0,0.0,0.0,0.0,0.0,0.0,0.0,3.0,2.0,0.0,0.0,0.0,0.0,0.0,0.0,4.0,0.0,4.0,0.0,0.0,0.679683881758,-2.388039074552,3.0668995727743407,2.5220966196921824,15.838348559715987,10.07292954954086,2.8550966732065307e-11,2.855095842945047e-11,4.717963074386222,3.070284520344256,1.342629992734972,1.3424325282328364,3.7904082161190176e-20,3.7904082161190176e-20,0.8248038494728805,0.8248038484810707,0.0,0.0,1.757989925486806,0.3414954408340257,0.0,0.0,0.0,0.0,0.0,0.0,0.0,0.0,0.0,0.0,0.0,0.0,0.0,0.0,0.0,0.0,0.0,0.0,0.0,0.0,0.0,0.0,0.0,0.0,0.0,0.0,0.0,0.0,0.0,0.0,0.0,0.0,0.0,0.0,0.0,0.0,0.0,0.0,5.446634281861169e-11,5.281315457827594e-11,2.78490844420528,0.999998417351456,3.993742322353346e-20,3.97681476112492e-20,3.651586372198486e-18,2.6536919639021175e-18,3.327403585459446,1.2667829672612358,1.1274700530417864e-11,1.1274693529626952e-11,0.0,0.0,0.0,0.0,0.0,0.0,0.0,0.0,0.0,0.0,0.0,0.0,0.0,0.0,0.0,0.0,0.0,0.0,0.0,0.0,0.0,0.0,0.0,0.0,0.0,0.0,0.0,0.0,0.0,0.0,0.0,0.0,0.0,0.0,0.0,0.0,0.0,0.0,0.0,0.0,0.0,0.0,0.6001564585543305,0.6001564585425415,0.0545603360157883,0.0545588677404843,3.2692090243966717e-20,3.2692090243966717e-20,0.0,0.0,0.0,0.0,0.0,0.0,2.817807654637321,1.4465671359274184,0.0031557132533192,0.003155713220782,0.0,0.0,0.0,0.0,0.0,0.0,0.0,0.0,0.0,0.0,0.0,0.0,0.0,0.0,0.0,0.0,0.437558550277939,-0.2605977908178558,-47.44873869969612
3fv2_510,1.0,2.0,0.0,2.0,0.0,0.0,0.0,0.0,0.0,0.0,0.0,0.0,0.0,3.0,2.0,0.0,0.0,0.0,0.0,0.0,0.0,4.0,0.0,4.0,0.0,0.0,0.679683881758,-2.388039074552,1.4261656295544596,1.2780606433519983,9.479998367691875,5.706930232124571,8.634080705534452e-07,8.634080705505144e-07,4.6706370707917,3.9958701222208335,0.00418941105907,0.0025701888772086,3.297099668814741e-20,3.297099668814741e-20,0.0297986624982068,0.0216084973735885,0.0,0.0,1.421535935502359,0.2309849773191061,0.0,0.0,0.0,0.0,0.0,0.0,0.0,0.0,0.0,0.0,0.0,0.0,0.0,0.0,0.0,0.0,0.0,0.0,0.0,0.0,0.0,0.0,0.0,0.0,0.0,0.0,0.0,0.0,0.0,0.0,0.0,0.0,0.0,0.0,0.0,0.0,0.0,0.0,4.2920156291052975e-10,4.28736073172733e-10,1.222866815037274e-06,1.221767003876729e-06,5.959684640430025e-20,4.3599223930052714e-20,5.7793108638131585e-18,5.74993405228385e-18,0.0035289983860392,0.0033887355144971,5.588567255429971e-16,5.580289901086172e-16,0.0,0.0,0.0,0.0,0.0,0.0,0.0,0.0,0.0,0.0,0.0,0.0,0.0,0.0,0.0,0.0,0.0,0.0,0.0,0.0,0.0,0.0,0.0,0.0,0.0,0.0,0.0,0.0,0.0,0.0,0.0,0.0,0.0,0.0,0.0,0.0,0.0,0.0,0.0,0.0,0.0,0.0,0.9302502383604284,0.930250238327894,6.762362651181465e-09,6.699679020794893e-09,0.0,0.0,0.0,0.0,0.0,0.0,0.0,0.0,1.6904261664601337,1.0180054327847954,0.0040169421296926,0.002397760358356,3.297099668814741e-20,3.297099668814741e-20,0.0,0.0,0.0,0.0,0.0,0.0,0.0,0.0,0.0,0.0,0.0,0.0,0.0,0.0,0.6032886377021255,0.0553268017496767,-22.34978551234049
3fv2_514,1.0,2.0,0.0,2.0,0.0,0.0,0.0,0.0,0.0,0.0,0.0,0.0,0.0,3.0,2.0,0.0,0.0,0.0,0.0,0.0,0.0,4.0,0.0,4.0,0.0,0.0,0.679683881758,-2.388039074552,2.959158770821422,2.728366877493527,16.746304936237127,9.479236174569667,7.807211408376265e-12,7.807200707617512e-12,4.456670653651299,2.7750479051651658,1.0051683500697366,1.0036755844772545,1.816543917311665e-20,1.816543917311665e-20,0.7930273397298738,0.7930273382620998,0.0,0.0,1.5767236080537257,0.2908235749138888,0.0,0.0,0.0,0.0,0.0,0.0,0.0,0.0,0.0,0.0,0.0,0.0,0.0,0.0,0.0,0.0,0.0,0.0,0.0,0.0,0.0,0.0,0.0,0.0,0.0,0.0,0.0,0.0,0.0,0.0,0.0,0.0,0.0,0.0,0.0,0.0,0.0,0.0,2.0559952714937647e-11,2.0287482323710805e-11,3.125499077047832,0.999881619211083,2.9361725801260435e-19,2.8474211418079503e-19,2.6816319817319384e-18,1.7123577607067282e-18,2.9850887907587818,1.0340378379734363,7.425296487218023e-12,7.425286359341325e-12,0.0,0.0,0.0,0.0,0.0,0.0,0.0,0.0,0.0,0.0,0.0,0.0,0.0,0.0,0.0,0.0,0.0,0.0,0.0,0.0,0.0,0.0,0.0,0.0,0.0,0.0,0.0,0.0,0.0,0.0,0.0,0.0,0.0,0.0,0.0,0.0,0.0,0.0,0.0,0.0,0.0,0.0,0.7673896133411684,0.7673896133399782,0.0128461943327257,0.0128448594901668,1.399534628240027e-20,1.399534628240027e-20,0.0,0.0,0.0,0.0,0.0,0.0,2.0613473314690265,1.3890121448473036,0.0107587425406232,0.0096321357172131,0.0,0.0,0.0,0.0,0.0,0.0,0.0,0.0,0.0,0.0,0.0,0.0,0.0,0.0,0.0,0.0,-0.4022756529716955,-0.3444947409223827,-36.84992119245433
3fv2_517,1.0,2.0,0.0,2.0,0.0,0.0,0.0,0.0,0.0,0.0,0.0,0.0,0.0,3.0,2.0,0.0,0.0,0.0,0.0,0.0,0.0,4.0,0.0,4.0,0.0,0.0,0.679683881758,-2.388039074552,2.8032530850975035,1.9689110746125955,19.81543431818942,11.38750636149048,1.277683290208227e-09,1.277683165308331e-09,5.259241727307298,3.835013313170174,0.1629309659568945,0.1584187326224723,1.46836089537113e-19,1.46836089537113e-19,0.464199375380535,0.4641992098560755,0.0,0.0,1.8557425552978064,0.285593390934029,0.0,0.0,0.0,0.0,0.0,0.0,0.0,0.0,0.0,0.0,0.0,0.0,0.0,0.0,0.0,0.0,0.0,0.0,0.0,0.0,0.0,0.0,0.0,0.0,0.0,0.0,0.0,0.0,0.0,0.0,0.0,0.0,0.0,0.0,0.0,0.0,0.0,0.0,6.736273150036855e-12,6.712770643162111e-12,2.10298020309999,0.9965729420524808,3.543652147779834e-18,3.5334736925172564e-18,2.376132331144418e-17,2.3527438219225974e-17,2.982528707814965,1.1392899260314937,4.756781186107909e-12,4.756664665005367e-12,0.0,0.0,0.0,0.0,0.0,0.0,0.0,0.0,0.0,0.0,0.0,0.0,0.0,0.0,0.0,0.0,0.0,0.0,0.0,0.0,0.0,0.0,0.0,0.0,0.0,0.0,0.0,0.0,0.0,0.0,0.0,0.0,0.0,0.0,0.0,0.0,0.0,0.0,0.0,0.0,0.0,0.0,0.6169710698256821,0.6169710695233472,0.0062708124305039,0.004239101766,1.3686575458818413e-21,1.3686575458818413e-21,0.0,0.0,0.0,0.0,0.0,0.0,2.9911590110221518,1.965304271904912,0.0041078308217848,0.0041078260778039,1.4546743199123116e-19,1.4546743199123116e-19,0.0,0.0,0.0,0.0,0.0,0.0,0.0,0.0,0.0,0.0,0.0,0.0,0.0,0.0,-0.4219867194546268,-0.3149786107089894,-40.18561316800167
3fv2_520,1.0,2.0,0.0,2.0,0.0,0.0,0.0,0.0,0.0,0.0,0.0,0.0,0.0,3.0,2.0,0.0,0.0,0.0,0.0,0.0,0.0,4.0,0.0,4.0,0.0,0.0,0.679683881758,-2.388039074552,0.9631485151964428,0.9631433973772144,12.156081838947042,7.349136333481116,2.0399134045031474e-09,2.039913403687782e-09,2.344094772258201,2.150658016647956,0.0077552625460081,0.0062291257552534,9.528430288788355e-20,9.528430288788355e-20,0.9206394544747094,0.9206394544545304,0.0,0.0,2.0198913291574585,0.3179842439577258,0.0,0.0,0.0,0.0,0.0,0.0,0.0,0.0,0.0,0.0,0.0,0.0,0.0,0.0,0.0,0.0,0.0,0.0,0.0,0.0,0.0,0.0,0.0,0.0,0.0,0.0,0.0,0.0,0.0,0.0,0.0,0.0,0.0,0.0,0.0,0.0,0.0,0.0,2.230374513113367e-12,1.755473732861924e-12,2.116503666897358,0.9998653080449038,1.0016276789836653e-21,1.0016276789836653e-21,0.0,0.0,1.0435531655797534,1.0296044105794055,4.446860037316516e-13,4.4468575357605205e-13,0.0,0.0,0.0,0.0,0.0,0.0,0.0,0.0,0.0,0.0,0.0,0.0,0.0,0.0,0.0,0.0,0.0,0.0,0.0,0.0,0.0,0.0,0.0,0.0,0.0,0.0,0.0,0.0,0.0,0.0,0.0,0.0,0.0,0.0,0.0,0.0,0.0,0.0,0.0,0.0,0.0,0.0,0.4414700575694232,0.4414697995349523,5.3097334706585056e-05,5.309731822019784e-05,0.0,0.0,0.0,0.0,0.0,0.0,0.0,0.0,0.8793951749284883,0.6861229989895791,0.007102536983469,0.0055764603613508,9.528430288788355e-20,9.528430288788355e-20,0.0,0.0,0.0,0.0,0.0,0.0,0.0,0.0,0.0,0.0,0.0,0.0,0.0,0.0,0.4362808355813486,0.8499615316518908,-46.46898461235581
3fv2_547,1.0,2.0,0.0,2.0,0.0,0.0,0.0,0.0,0.0,0.0,0.0,0.0,0.0,3.0,2.0,0.0,0.0,0.0,0.0,0.0,0.0,4.0,0.0,4.0,0.0,0.0,0.679683881758,-2.388039074552,1.4863773324984852,1.3798860260667023,8.90547686213309,7.147077396232657,9.6215168730001e-10,9.6215168635984e-10,3.034484462590661,2.5578824405670915,0.3838398284036701,0.3838397972596562,4.684067850254594e-21,4.684067850254594e-21,0.8275664127077859,0.8275661952939595,0.0,0.0,1.6062255835632546,0.3415266697889633,0.0,0.0,0.0,0.0,0.0,0.0,0.0,0.0,0.0,0.0,0.0,0.0,0.0,0.0,0.0,0.0,0.0,0.0,0.0,0.0,0.0,0.0,0.0,0.0,0.0,0.0,0.0,0.0,0.0,0.0,0.0,0.0,0.0,0.0,0.0,0.0,0.0,0.0,6.195853915719253e-12,5.345370619109267e-12,1.8183360106134685,0.9999999993512928,1.1728467976378878e-19,1.1703351068331172e-19,3.8257010803543264e-19,2.0065133105068352e-19,1.739885508329062,0.9433054935531434,1.346115816284766e-10,1.3461158098035383e-10,0.0,0.0,0.0,0.0,0.0,0.0,0.0,0.0,0.0,0.0,0.0,0.0,0.0,0.0,0.0,0.0,0.0,0.0,0.0,0.0,0.0,0.0,0.0,0.0,0.0,0.0,0.0,0.0,0.0,0.0,0.0,0.0,0.0,0.0,0.0,0.0,0.0,0.0,0.0,0.0,0.0,0.0,0.931448396159378,0.9314483960154007,0.3313575110098511,0.3313575108732002,4.684067850254594e-21,4.684067850254594e-21,0.0,0.0,0.0,0.0,0.0,0.0,0.9584451652839588,0.6102624402147574,0.0123437592996865,0.0123437592673031,0.0,0.0,0.0,0.0,0.0,0.0,0.0,0.0,0.0,0.0,0.0,0.0,0.0,0.0,0.0,0.0,0.2181451405545764,-0.2256987736400086,-28.59192245933288
3fv2_548,1.0,2.0,0.0,2.0,0.0,0.0,0.0,0.0,0.0,0.0,0.0,0.0,0.0,3.0,2.0,0.0,0.0,0.0,0.0,0.0,0.0,4.0,0.0,4.0,0.0,0.0,0.679683881758,-2.388039074552,1.3036374120941083,1.0013999609063704,9.589982808874309,7.280709843284771,2.3294350858484544e-08,2.3294350858459245e-08,3.0923976653713887,2.594901947184625,0.4745973446742754,0.4715707452856814,0.0,0.0,0.0001754245376809,9.287626887073408e-05,0.0,0.0,2.023638901867773,0.2791681092520774,0.0,0.0,0.0,0.0,0.0,0.0,0.0,0.0,0.0,0.0,0.0,0.0,0.0,0.0,0.0,0.0,0.0,0.0,0.0,0.0,0.0,0.0,0.0,0.0,0.0,0.0,0.0,0.0,0.0,0.0,0.0,0.0,0.0,0.0,0.0,0.0,0.0,0.0,4.874987701513213e-13,3.608079056015512e-13,1.93509368228886,0.993365983020524,4.751937635251185e-21,3.788388639441759e-21,0.0,0.0,1.9689362867795608,1.9602013967322536,4.013967607195665e-13,4.013967607195665e-13,0.0,0.0,0.0,0.0,0.0,0.0,0.0,0.0,0.0,0.0,0.0,0.0,0.0,0.0,0.0,0.0,0.0,0.0,0.0,0.0,0.0,0.0,0.0,0.0,0.0,0.0,0.0,0.0,0.0,0.0,0.0,0.0,0.0,0.0,0.0,0.0,0.0,0.0,0.0,0.0,0.0,0.0,0.0551773874423812,0.0551773807927757,0.4617642804084325,0.46176427755669,0.0,0.0,0.0,0.0,0.0,0.0,0.0,0.0,1.216024083628791,0.7222425393083726,0.0109826072706428,0.0087128084381689,0.0,0.0,0.0,0.0,0.0,0.0,0.0,0.0,0.0,0.0,0.0,0.0,0.0,0.0,0.0,0.0,-0.5104163872068042,-0.11799783714358,-37.10232547440164
3fv2_556,1.0,2.0,0.0,2.0,0.0,0.0,0.0,0.0,0.0,0.0,0.0,0.0,0.0,3.0,2.0,0.0,0.0,0.0,0.0,0.0,0.0,4.0,0.0,4.0,0.0,0.0,0.679683881758,-2.388039074552,0.782213348335864,0.7800368464891696,16.245898982819277,9.347714961292484,0.0007556594640483,0.0007556594640482,3.249708924179503,2.565459220959094,0.5726575068900371,0.5699779282941473,9.58363553752797e-19,9.58363553752797e-19,0.0309631762421898,0.0309308966057889,0.0,0.0,1.7202765637094193,0.2297835150034022,0.0,0.0,0.0,0.0,0.0,0.0,0.0,0.0,0.0,0.0,0.0,0.0,0.0,0.0,0.0,0.0,0.0,0.0,0.0,0.0,0.0,0.0,0.0,0.0,0.0,0.0,0.0,0.0,0.0,0.0,0.0,0.0,0.0,0.0,0.0,0.0,0.0,0.0,2.861851100518336e-12,2.8182777756997277e-12,1.367578942269413,0.9901136979347972,1.2542803813426449e-17,7.337198768723584e-18,0.0,0.0,0.8395900467380615,0.6240956377386817,1.717277566325385e-11,1.717277566325385e-11,0.0,0.0,0.0,0.0,0.0,0.0,0.0,0.0,0.0,0.0,0.0,0.0,0.0,0.0,0.0,0.0,0.0,0.0,0.0,0.0,0.0,0.0,0.0,0.0,0.0,0.0,0.0,0.0,0.0,0.0,0.0,0.0,0.0,0.0,0.0,0.0,0.0,0.0,0.0,0.0,0.0,0.0,0.2216102572043456,0.2216102570442021,0.5572863216421623,0.5555766715847485,0.0,0.0,0.0,0.0,0.0,0.0,0.0,0.0,2.035934152054956,1.3523622340252632,0.0036458002547653,0.0026759450988679,4.0030560913555253e-19,4.0030560913555253e-19,0.0,0.0,0.0,0.0,0.0,0.0,0.0,0.0,0.0,0.0,0.0,0.0,0.0,0.0,0.5490611296649961,-0.073341674210537,19.49274131010921
3fv2_559,1.0,2.0,0.0,2.0,0.0,0.0,0.0,0.0,0.0,0.0,0.0,0.0,0.0,3.0,2.0,0.0,0.0,0.0,0.0,0.0,0.0,4.0,0.0,4.0,0.0,0.0,0.679683881758,-2.388039074552,1.3290118695492286,1.0104328808344205,21.059953459568856,12.710979874192644,1.0693853338353974e-13,1.0642999093948713e-13,2.900378379081032,1.970892187383002,0.9869636398680224,0.9835856379897204,3.6615244909320712e-19,3.6615244909320712e-19,0.9108536466823252,0.9108536466410702,0.0,0.0,2.1619337735112505,0.3404672710803377,0.0,0.0,0.0,0.0,0.0,0.0,0.0,0.0,0.0,0.0,0.0,0.0,0.0,0.0,0.0,0.0,0.0,0.0,0.0,0.0,0.0,0.0,0.0,0.0,0.0,0.0,0.0,0.0,0.0,0.0,0.0,0.0,0.0,0.0,0.0,0.0,0.0,0.0,2.477765445881271e-10,2.424993156224637e-10,2.8233660871846924,0.9996763527011524,6.2832565967050206e-21,6.139086263292252e-21,4.3508471677133755e-17,4.0535111319314817e-17,3.845185393921781,1.9989213207048693,4.285534956037577e-14,4.2704696403484636e-14,0.0,0.0,0.0,0.0,0.0,0.0,0.0,0.0,0.0,0.0,0.0,0.0,0.0,0.0,0.0,0.0,0.0,0.0,0.0,0.0,0.0,0.0,0.0,0.0,0.0,0.0,0.0,0.0,0.0,0.0,0.0,0.0,0.0,0.0,0.0,0.0,0.0,0.0,0.0,0.0,0.0,0.0,8.946945398374707e-06,8.123866506020407e-06,0.962271631546938,0.958956006694358,1.282393935710569e-19,1.282393935710569e-19,0.0,0.0,0.0,0.0,0.0,0.0,1.9269072836094805,0.997588932703737,0.0095141787642988,0.0095141786472385,0.0,0.0,0.0,0.0,0.0,0.0,0.0,0.0,0.0,0.0,0.0,0.0,0.0,0.0,0.0,0.0,-1.593184033883053,-0.3187758288600626,10.376331668200224
3fv2_563,1.0,2.0,0.0,2.0,0.0,0.0,0.0,0.0,0.0,0.0,0.0,0.0,0.0,3.0,2.0,0.0,0.0,0.0,0.0,0.0,0.0,4.0,0.0,4.0,0.0,0.0,0.679683881758,-2.388039074552,1.9531307856873883,1.9527951646495807,13.350804096880571,7.888940103196919,1.5573042327629677e-12,1.557302416981936e-12,4.083345347554286,3.279010187874715,0.6611554415857375,0.6604519812647733,4.111421508104e-19,4.111421508104e-19,0.6272701156495555,0.6126152114778227,0.0,0.0,1.9403506058521391,0.2860467938637778,0.0,0.0,0.0,0.0,0.0,0.0,0.0,0.0,0.0,0.0,0.0,0.0,0.0,0.0,0.0,0.0,0.0,0.0,0.0,0.0,0.0,0.0,0.0,0.0,0.0,0.0,0.0,0.0,0.0,0.0,0.0,0.0,0.0,0.0,0.0,0.0,0.0,0.0,0.0007731215450421,0.0004560759265906,0.6078976009600772,0.3480083620701568,6.336149782072459e-21,3.280143474298618e-21,0.0,0.0,0.4933325717640355,0.2964590748019114,1.494938096464566e-12,1.494938096464566e-12,0.0,0.0,0.0,0.0,0.0,0.0,0.0,0.0,0.0,0.0,0.0,0.0,0.0,0.0,0.0,0.0,0.0,0.0,0.0,0.0,0.0,0.0,0.0,0.0,0.0,0.0,0.0,0.0,0.0,0.0,0.0,0.0,0.0,0.0,0.0,0.0,0.0,0.0,0.0,0.0,0.0,0.0,4.8792071593089045e-05,4.8791427000582585e-05,0.6453979819655127,0.6453979819188519,0.0,0.0,0.0,0.0,0.0,0.0,0.0,0.0,1.6017412896343532,1.4983205275122002,0.0150282652838847,0.0143315092473259,4.111421508104e-19,4.111421508104e-19,0.0,0.0,0.0,0.0,0.0,0.0,0.0,0.0,0.0,0.0,0.0,0.0,0.0,0.0,-0.2346096682194631,-0.0436731657149532,25.516395994070752
3fv2_566,1.0,2.0,0.0,2.0,0.0,0.0,0.0,0.0,0.0,0.0,0.0,0.0,0.0,3.0,2.0,0.0,0.0,0.0,0.0,0.0,0.0,4.0,0.0,4.0,0.0,0.0,0.679683881758,-2.388039074552,1.0522028206306084,0.9649722408308954,14.151082713960191,8.022498824968135,0.0010316274982958,0.0010316274982958,3.943979435467543,3.518601400006704,0.0046062187744489,0.0046023607580036,6.751399272581356e-20,6.751399272581356e-20,0.0003102746791066,0.000299331620972,0.0,0.0,2.4476834230878994,0.3676137668165742,0.0,0.0,0.0,0.0,0.0,0.0,0.0,0.0,0.0,0.0,0.0,0.0,0.0,0.0,0.0,0.0,0.0,0.0,0.0,0.0,0.0,0.0,0.0,0.0,0.0,0.0,0.0,0.0,0.0,0.0,0.0,0.0,0.0,0.0,0.0,0.0,0.0,0.0,7.224384126696869e-11,6.987294001621052e-11,2.601009699753626,0.9964384089797892,2.349930170556286e-18,1.795117934786277e-18,0.0,0.0,0.3259101190139956,0.3259068569919546,0.0010298849198757,0.0010298849198757,0.0,0.0,0.0,0.0,0.0,0.0,0.0,0.0,0.0,0.0,0.0,0.0,0.0,0.0,0.0,0.0,0.0,0.0,0.0,0.0,0.0,0.0,0.0,0.0,0.0,0.0,0.0,0.0,0.0,0.0,0.0,0.0,0.0,0.0,0.0,0.0,0.0,0.0,0.0,0.0,0.0,0.0,0.6015383278020002,0.6015383206211836,1.5170162759909393e-08,1.4491425616459058e-08,0.0,0.0,0.0,0.0,0.0,0.0,0.0,0.0,2.2039117837552458,1.7785341272321171,0.0001591775985386,0.0001591190823434,0.0,0.0,0.0,0.0,0.0,0.0,0.0,0.0,0.0,0.0,0.0,0.0,0.0,0.0,0.0,0.0,-0.5052751446901244,-0.2280771582119575,13.544550097598329
3fv2_576,1.0,2.0,0.0,2.0,0.0,0.0,0.0,0.0,0.0,0.0,0.0,0.0,0.0,3.0,2.0,0.0,0.0,0.0,0.0,0.0,0.0,4.0,0.0,4.0,0.0,0.0,0.679683881758,-2.388039074552,2.2383219421390628,2.2232027119841007,18.19200076111239,12.578335048240328,6.255009419255508e-11,6.255007729586461e-11,5.795905023174691,4.318457529369495,0.2788079256196469,0.2784666464480412,1.9706445265357047e-20,1.9706445265357047e-20,0.0481641754924468,0.0477844443995338,0.0,0.0,2.2117933439147306,0.2860518344918226,0.0,0.0,0.0,0.0,0.0,0.0,0.0,0.0,0.0,0.0,0.0,0.0,0.0,0.0,0.0,0.0,0.0,0.0,0.0,0.0,0.0,0.0,0.0,0.0,0.0,0.0,0.0,0.0,0.0,0.0,0.0,0.0,0.0,0.0,0.0,0.0,0.0,0.0,1.2618467391242128e-17,1.2618467391242128e-17,1.0325624432053937,0.9957139922958674,3.348899907350465e-16,3.1977619365725603e-16,1.232166538356083,1.217221532104912,1.855047141229064,0.9957625865500824,1.985023683561696e-18,1.910916065810851e-18,0.0,0.0,0.0,0.0,0.0,0.0,0.0,0.0,0.0,0.0,0.0,0.0,0.0,0.0,0.0,0.0,0.0,0.0,0.0,0.0,0.0,0.0,0.0,0.0,0.0,0.0,0.0,0.0,0.0,0.0,0.0,0.0,0.0,0.0,0.0,0.0,0.0,0.0,0.0,0.0,0.0,0.0,3.491968704839273,2.3022176555159057,3.58191422080296e-07,2.596947003826409e-07,0.0,0.0,0.0,0.0,0.0,0.0,0.0,0.0,0.1648255638940142,0.1648255634123943,0.0197413654034159,0.0197413652188603,0.0,0.0,0.0,0.0,0.0,0.0,0.0,0.0,0.0,0.0,0.0,0.0,0.0,0.0,0.0,0.0,-0.0759290980957416,0.167592333285855,29.05511501573094
3fv2_582,1.0,2.0,0.0,2.0,0.0,0.0,0.0,0.0,0.0,0.0,0.0,0.0,0.0,3.0,2.0,0.0,0.0,0.0,0.0,0.0,0.0,4.0,0.0,4.0,0.0,0.0,0.679683881758,-2.388039074552,4.774838075757636,3.8258121370823313,8.729955487940796,6.512193373445405,2.3423609803491577e-13,2.342337134722023e-13,5.080086675488475,3.390431810345008,0.0030808628577055,0.0028066537308125,4.573121154219446e-20,4.573121154219446e-20,0.058109637189476,0.0581096371894135,0.0,0.0,1.7819603612687382,0.3415135706138766,0.0,0.0,0.0,0.0,0.0,0.0,0.0,0.0,0.0,0.0,0.0,0.0,0.0,0.0,0.0,0.0,0.0,0.0,0.0,0.0,0.0,0.0,0.0,0.0,0.0,0.0,0.0,0.0,0.0,0.0,0.0,0.0,0.0,0.0,0.0,0.0,0.0,0.0,0.997527614252772,0.9973388639208546,2.1708159146207212e-05,2.1058201668891067e-05,1.5627992905343362e-14,1.5627992905343362e-14,3.237004749479768e-17,2.3534184495183762e-17,1.890106118613631,1.104102766263361,4.0235765478298674e-17,3.790422565254351e-17,0.0,0.0,0.0,0.0,0.0,0.0,0.0,0.0,0.0,0.0,0.0,0.0,0.0,0.0,0.0,0.0,0.0,0.0,0.0,0.0,0.0,0.0,0.0,0.0,0.0,0.0,0.0,0.0,0.0,0.0,0.0,0.0,0.0,0.0,0.0,0.0,0.0,0.0,0.0,0.0,0.0,0.0,0.0189172620774153,0.0189172619872736,3.6177981672893686e-06,3.582659196657534e-06,4.573121154219446e-20,4.573121154219446e-20,0.0,0.0,0.0,0.0,0.0,0.0,2.5908152527856063,1.7624935099707877,0.0030734968630375,0.0027993232016826,0.0,0.0,0.0,0.0,0.0,0.0,0.0,0.0,0.0,0.0,0.0,0.0,0.0,0.0,0.0,0.0,0.1177103847563828,-0.1909729409823524,92.59082917353388
3fv2_588,1.0,2.0,0.0,2.0,0.0,0.0,0.0,0.0,0.0,0.0,0.0,0.0,0.0,3.0,2.0,0.0,0.0,0.0,0.0,0.0,0.0,4.0,0.0,4.0,0.0,0.0,0.679683881758,-2.388039074552,1.455725166349524e-10,1.450052279725379e-10,9.44268031374947,7.746398454826044,1.778014889092129e-11,1.7780102394091384e-11,4.526144557998588,4.243931608950622,0.9304341649526148,0.9304340329530616,0.0,0.0,0.0752987226093581,0.0445182033427465,0.0,0.0,2.219598776551066,0.4117527255842302,0.0,0.0,0.0,0.0,0.0,0.0,0.0,0.0,0.0,0.0,0.0,0.0,0.0,0.0,0.0,0.0,0.0,0.0,0.0,0.0,0.0,0.0,0.0,0.0,0.0,0.0,0.0,0.0,0.0,0.0,0.0,0.0,0.0,0.0,0.0,0.0,0.0,0.0,9.082406523548833e-19,9.082406523548833e-19,0.6431770940943066,0.6412204595466903,3.0359523377901693e-18,3.0359523377901693e-18,6.483694078456733e-12,6.482665362941647e-12,0.0385871196982852,0.0175470197531368,6.335504995774173e-17,6.083212164861214e-17,0.0,0.0,0.0,0.0,0.0,0.0,0.0,0.0,0.0,0.0,0.0,0.0,0.0,0.0,0.0,0.0,0.0,0.0,0.0,0.0,0.0,0.0,0.0,0.0,0.0,0.0,0.0,0.0,0.0,0.0,0.0,0.0,0.0,0.0,0.0,0.0,0.0,0.0,0.0,0.0,0.0,0.0,0.7228482592553408,0.4584068741561475,0.0019527505443169,0.0019527501463844,0.0,0.0,0.0,0.0,0.0,0.0,0.0,0.0,1.3035451438185668,1.3035451373808735,0.898727560868404,0.8987275545049742,0.0,0.0,0.0,0.0,0.0,0.0,0.0,0.0,0.0,0.0,0.0,0.0,0.0,0.0,0.0,0.0,-0.536165098474664,-0.0303359468209332,-35.24577903033626
3fv2_590,1.0,2.0,0.0,2.0,0.0,0.0,0.0,0.0,0.0,0.0,0.0,0.0,0.0,3.0,2.0,0.0,0.0,0.0,0.0,0.0,0.0,4.0,0.0,4.0,0.0,0.0,0.679683881758,-2.388039074552,1.1844442784223068e-10,1.1757524453176489e-10,8.507496577224174,8.33401116225535,0.0002618330473733,0.0002618330473733,3.554282961827099,3.5541442085387125,0.1269181018208914,0.1269180903688547,0.0,0.0,0.0257494467814343,0.0250161655965447,0.0,0.0,1.4583969714938785,0.2309850880586102,0.0,0.0,0.0,0.0,0.0,0.0,0.0,0.0,0.0,0.0,0.0,0.0,0.0,0.0,0.0,0.0,0.0,0.0,0.0,0.0,0.0,0.0,0.0,0.0,0.0,0.0,0.0,0.0,0.0,0.0,0.0,0.0,0.0,0.0,0.0,0.0,0.0,0.0,9.696503409812512e-11,9.672264994009418e-11,1.1681201269665309e-07,1.1141117667898194e-07,5.0612337691142285e-20,3.1003456694487587e-20,0.0,0.0,1.003798032152145,0.9357524461685044,2.2031650387268992e-12,2.2031587610782718e-12,0.0,0.0,0.0,0.0,0.0,0.0,0.0,0.0,0.0,0.0,0.0,0.0,0.0,0.0,0.0,0.0,0.0,0.0,0.0,0.0,0.0,0.0,0.0,0.0,0.0,0.0,0.0,0.0,0.0,0.0,0.0,0.0,0.0,0.0,0.0,0.0,0.0,0.0,0.0,0.0,0.0,0.0,0.5050935725798876,0.5050935713217781,0.0284921045938918,0.0284921045932848,0.0,0.0,0.0,0.0,0.0,0.0,0.0,0.0,0.6969630007315974,0.6969373893710517,0.0023840636824122,0.0023840636427452,0.0,0.0,0.0,0.0,0.0,0.0,0.0,0.0,0.0,0.0,0.0,0.0,0.0,0.0,0.0,0.0,-0.3587149303528752,0.009504916281024,106.80797767049596
3fv2_592,1.0,2.0,0.0,2.0,0.0,0.0,0.0,0.0,0.0,0.0,0.0,0.0,0.0,3.0,2.0,0.0,0.0,0.0,0.0,0.0,0.0,4.0,0.0,4.0,0.0,0.0,0.679683881758,-2.388039074552,1.2088110431428599e-09,1.1880781551475186e-09,14.727862419716043,8.443976098924125,6.372354585103564e-08,6.372354583601674e-08,1.737683999403002,1.7174614722717751,0.4414961625183731,0.4414959570450675,2.892227465628097e-19,2.892227465628097e-19,0.8500387986309258,0.8500387985601429,0.0,0.0,1.8932841664625648,0.3059727890833228,0.0,0.0,0.0,0.0,0.0,0.0,0.0,0.0,0.0,0.0,0.0,0.0,0.0,0.0,0.0,0.0,0.0,0.0,0.0,0.0,0.0,0.0,0.0,0.0,0.0,0.0,0.0,0.0,0.0,0.0,0.0,0.0,0.0,0.0,0.0,0.0,0.0,0.0,1.1900534481450294e-09,1.1695174860002963e-09,3.3408226074739225,0.99996228952213,2.1896705367109708e-20,2.1896705367109708e-20,8.97525670558327e-19,8.97525670558327e-19,0.8183850538862341,0.4779402690355154,1.1507878017142907e-09,1.1507878015167554e-09,0.0,0.0,0.0,0.0,0.0,0.0,0.0,0.0,0.0,0.0,0.0,0.0,0.0,0.0,0.0,0.0,0.0,0.0,0.0,0.0,0.0,0.0,0.0,0.0,0.0,0.0,0.0,0.0,0.0,0.0,0.0,0.0,0.0,0.0,0.0,0.0,0.0,0.0,0.0,0.0,0.0,0.0,0.4128586108073059,0.4128586107809543,0.0793132691474133,0.0793132691400813,0.0,0.0,0.0,0.0,0.0,0.0,0.0,0.0,1.019458231127154,0.9992357978259312,0.3325806365100478,0.3325805442547051,2.49334083942622e-19,2.49334083942622e-19,0.0,0.0,0.0,0.0,0.0,0.0,0.0,0.0,0.0,0.0,0.0,0.0,0.0,0.0,0.2962834149395351,0.3871875751862927,-13.396057835611392
3fv2_613,1.0,2.0,0.0,2.0,0.0,0.0,0.0,0.0,0.0,0.0,0.0,0.0,0.0,3.0,2.0,0.0,0.0,0.0,0.0,0.0,0.0,4.0,0.0,4.0,0.0,0.0,0.679683881758,-2.388039074552,4.637316146141821,2.9909829059855317,14.438405651426752,9.711537802986909,1.6380325991447968e-14,1.6378894160205926e-14,4.2320095660464565,2.5846607319639503,0.0079407571745852,0.0066386404892025,1.0950760356950072e-19,1.0950760356950072e-19,0.4382944630939736,0.4206603656910532,0.0,0.0,1.515534150067346,0.2791685088671239,0.0,0.0,0.0,0.0,0.0,0.0,0.0,0.0,0.0,0.0,0.0,0.0,0.0,0.0,0.0,0.0,0.0,0.0,0.0,0.0,0.0,0.0,0.0,0.0,0.0,0.0,0.0,0.0,0.0,0.0,0.0,0.0,0.0,0.0,0.0,0.0,0.0,0.0,7.303190975106715e-09,7.284683202742397e-09,2.77260953129063,0.9999802117306767,6.37798802632809e-19,2.915061206551393e-19,9.096176874711208e-18,5.7694098485411575e-18,1.2192077379383892,1.1626007616775782,1.2293104457535174e-14,1.2292116409482584e-14,0.0,0.0,0.0,0.0,0.0,0.0,0.0,0.0,0.0,0.0,0.0,0.0,0.0,0.0,0.0,0.0,0.0,0.0,0.0,0.0,0.0,0.0,0.0,0.0,0.0,0.0,0.0,0.0,0.0,0.0,0.0,0.0,0.0,0.0,0.0,0.0,0.0,0.0,0.0,0.0,0.0,0.0,0.0019848610152358,0.0019848609944425,0.0005872707754538,0.0005872619728817,9.476138557383318e-20,9.476138557383318e-20,0.0,0.0,0.0,0.0,0.0,0.0,1.7081805552470108,0.910059397390611,0.0012318129472561,0.0012318041415691,0.0,0.0,0.0,0.0,0.0,0.0,0.0,0.0,0.0,0.0,0.0,0.0,0.0,0.0,0.0,0.0,-0.3972527443538758,-0.3707715849272436,-36.512501286101084
3fv2_623,1.0,2.0,0.0,2.0,0.0,0.0,0.0,0.0,0.0,0.0,0.0,0.0,0.0,3.0,2.0,0.0,0.0,0.0,0.0,0.0,0.0,4.0,0.0,4.0,0.0,0.0,0.679683881758,-2.388039074552,0.0007766989455845,0.0007564595583538,18.30363560742989,10.7717754197459,0.0002555856876392,0.0002555856876391,2.1887577541589787,2.188540361344889,0.5246957387723091,0.5246381012401604,1.4063731890656578e-18,1.4063731890656578e-18,0.0001266529009077,0.0001266092196487,0.0,0.0,2.0312282383125715,0.2309850449053619,0.0,0.0,0.0,0.0,0.0,0.0,0.0,0.0,0.0,0.0,0.0,0.0,0.0,0.0,0.0,0.0,0.0,0.0,0.0,0.0,0.0,0.0,0.0,0.0,0.0,0.0,0.0,0.0,0.0,0.0,0.0,0.0,0.0,0.0,0.0,0.0,0.0,0.0,7.720693945024207e-15,6.817523939831751e-15,0.934014758301226,0.6271585136645688,3.156995861309339e-20,3.156995861309339e-20,6.768725118637393e-19,6.768725118637393e-19,0.7030124007666418,0.672762921315853,3.684417895462254e-12,3.684417895462254e-12,0.0,0.0,0.0,0.0,0.0,0.0,0.0,0.0,0.0,0.0,0.0,0.0,0.0,0.0,0.0,0.0,0.0,0.0,0.0,0.0,0.0,0.0,0.0,0.0,0.0,0.0,0.0,0.0,0.0,0.0,0.0,0.0,0.0,0.0,0.0,0.0,0.0,0.0,0.0,0.0,0.0,0.0,0.2526571851324313,0.2526571850927516,0.0296536958900677,0.0296511125944444,0.0,0.0,0.0,0.0,0.0,0.0,0.0,0.0,0.931858540368598,0.9316413027245618,0.4088209427011181,0.4088099582937438,1.3718394024591248e-18,1.3718394024591248e-18,0.0,0.0,0.0,0.0,0.0,0.0,0.0,0.0,0.0,0.0,0.0,0.0,0.0,0.0,-0.2973035907292842,-0.114084077918556,41.88208191815328
3fv2_626,1.0,2.0,0.0,2.0,0.0,0.0,0.0,0.0,0.0,0.0,0.0,0.0,0.0,3.0,2.0,0.0,0.0,0.0,0.0,0.0,0.0,4.0,0.0,4.0,0.0,0.0,0.679683881758,-2.388039074552,0.7316791398983132,0.5554626134143077,16.318219155192935,10.832939956738375,0.0004076026350419,0.0004076026350419,2.278229004653605,2.203694601392493,0.5954989827042872,0.5954985861898366,3.204766663965132e-20,3.204766663965132e-20,0.8623086027458424,0.8623085942746216,0.0,0.0,1.9577738548755643,0.3415163451419808,0.0,0.0,0.0,0.0,0.0,0.0,0.0,0.0,0.0,0.0,0.0,0.0,0.0,0.0,0.0,0.0,0.0,0.0,0.0,0.0,0.0,0.0,0.0,0.0,0.0,0.0,0.0,0.0,0.0,0.0,0.0,0.0,0.0,0.0,0.0,0.0,0.0,0.0,2.9843634763995787e-12,2.8152842275488655e-12,2.664342523881863,0.999997779844442,1.9267952162304812e-19,1.6984053653652584e-19,1.4938242813163624e-17,1.4652536649804673e-17,3.941868207948749,1.5864889479374191,7.483039399116659e-11,7.483037911875627e-11,0.0,0.0,0.0,0.0,0.0,0.0,0.0,0.0,0.0,0.0,0.0,0.0,0.0,0.0,0.0,0.0,0.0,0.0,0.0,0.0,0.0,0.0,0.0,0.0,0.0,0.0,0.0,0.0,0.0,0.0,0.0,0.0,0.0,0.0,0.0,0.0,0.0,0.0,0.0,0.0,0.0,0.0,0.053215916632338,0.0532157585966901,0.028680001869507,0.0286797663884906,3.204766663965132e-20,3.204766663965132e-20,0.0,0.0,0.0,0.0,0.0,0.0,1.2294633906188266,1.1549364955763908,0.0371110920559314,0.0371110899966282,0.0,0.0,0.0,0.0,0.0,0.0,0.0,0.0,0.0,0.0,0.0,0.0,0.0,0.0,0.0,0.0,-0.4669369921762818,-0.2805602968457142,-14.481736023958325
3fv2_642,1.0,2.0,0.0,2.0,0.0,0.0,0.0,0.0,0.0,0.0,0.0,0.0,0.0,3.0,2.0,0.0,0.0,0.0,0.0,0.0,0.0,4.0,0.0,4.0,0.0,0.0,0.679683881758,-2.388039074552,4.386263056910338e-10,4.3732415878606816e-10,8.831511425724353,8.149508096804842,3.7902221883887006e-12,3.790182755336331e-12,2.57517431585596,2.554694926174342,0.6135214292812039,0.6135214192279239,0.0,0.0,0.817328276803121,0.8170824077620806,0.0,0.0,2.3024580514374784,0.3411850919134296,0.0,0.0,0.0,0.0,0.0,0.0,0.0,0.0,0.0,0.0,0.0,0.0,0.0,0.0,0.0,0.0,0.0,0.0,0.0,0.0,0.0,0.0,0.0,0.0,0.0,0.0,0.0,0.0,0.0,0.0,0.0,0.0,0.0,0.0,0.0,0.0,0.0,0.0,2.3200396399174617e-15,1.8341257911872598e-15,0.1905464828927268,0.183607340250459,3.557727095311843e-19,3.0032194331831923e-19,4.3856118744166055e-10,4.3726024566966573e-10,1.242787216693914,1.0818059320420677,5.316800137912495e-16,5.313136010431065e-16,0.0,0.0,0.0,0.0,0.0,0.0,0.0,0.0,0.0,0.0,0.0,0.0,0.0,0.0,0.0,0.0,0.0,0.0,0.0,0.0,0.0,0.0,0.0,0.0,0.0,0.0,0.0,0.0,0.0,0.0,0.0,0.0,0.0,0.0,0.0,0.0,0.0,0.0,0.0,0.0,0.0,0.0,1.05120973373229,1.033944252752999,7.715296338639166e-11,6.289956853498543e-11,0.0,0.0,0.0,0.0,0.0,0.0,0.0,0.0,0.5899100366995056,0.5899100366952825,0.6127080222562363,0.61270801744249,0.0,0.0,0.0,0.0,0.0,0.0,0.0,0.0,0.0,0.0,0.0,0.0,0.0,0.0,0.0,0.0,-0.2886627341039955,-0.1895977726345492,-35.127579570834094
3fv2_652,1.0,2.0,0.0,2.0,0.0,0.0,0.0,0.0,0.0,0.0,0.0,0.0,0.0,3.0,2.0,0.0,0.0,0.0,0.0,0.0,0.0,4.0,0.0,4.0,0.0,0.0,0.679683881758,-2.388039074552,4.045417394727998,2.8153298185519464,16.337783243394803,10.647997863705138,3.90043377440593e-11,3.9004308036478736e-11,5.044895772954792,3.1297992566517,0.8097139744201737,0.8094204189521289,4.468532016965176e-20,4.468532016965176e-20,0.5230180398137534,0.5230166966009681,0.0,0.0,2.464938315715448,0.2803915311745946,0.0,0.0,0.0,0.0,0.0,0.0,0.0,0.0,0.0,0.0,0.0,0.0,0.0,0.0,0.0,0.0,0.0,0.0,0.0,0.0,0.0,0.0,0.0,0.0,0.0,0.0,0.0,0.0,0.0,0.0,0.0,0.0,0.0,0.0,0.0,0.0,0.0,0.0,0.000956950695569,0.0009569142809144,0.4005542837169861,0.4005542120828974,6.020332388074643e-20,4.8070092968307533e-20,1.0643979059499825e-17,1.0643979059499825e-17,2.2366960742484507,0.999994108341578,2.2861583681166447e-11,2.2861557734963038e-11,0.0,0.0,0.0,0.0,0.0,0.0,0.0,0.0,0.0,0.0,0.0,0.0,0.0,0.0,0.0,0.0,0.0,0.0,0.0,0.0,0.0,0.0,0.0,0.0,0.0,0.0,0.0,0.0,0.0,0.0,0.0,0.0,0.0,0.0,0.0,0.0,0.0,0.0,0.0,0.0,0.0,0.0,0.0876293876500589,0.0876293552540222,0.0092084644327789,0.0091517878004719,0.0,0.0,0.0,0.0,0.0,0.0,0.0,0.0,2.215842460495192,1.2753074099085322,0.0023067693839411,0.0022979817861894,3.876728205124862e-20,3.876728205124862e-20,0.0,0.0,0.0,0.0,0.0,0.0,0.0,0.0,0.0,0.0,0.0,0.0,0.0,0.0,0.3135255131388619,-0.0300969336686958,-20.06585233360707
3fv2_657,1.0,2.0,0.0,2.0,0.0,0.0,0.0,0.0,0.0,0.0,0.0,0.0,0.0,3.0,2.0,0.0,0.0,0.0,0.0,0.0,0.0,4.0,0.0,4.0,0.0,0.0,0.679683881758,-2.388039074552,2.400882476671281,1.966847862183633,25.6605820763502,13.49221308381519,1.0287565561974136e-15,9.844046959837858e-16,4.994399585411669,3.788432262395804,0.8125772085184341,0.8125740498865228,4.63731372707575e-19,4.63731372707575e-19,0.0980842471989912,0.0979266137169679,0.0,0.0,2.81783533827943,0.3519625554633825,0.0,0.0,0.0,0.0,0.0,0.0,0.0,0.0,0.0,0.0,0.0,0.0,0.0,0.0,0.0,0.0,0.0,0.0,0.0,0.0,0.0,0.0,0.0,0.0,0.0,0.0,0.0,0.0,0.0,0.0,0.0,0.0,0.0,0.0,0.0,0.0,0.0,0.0,7.806598554143388e-17,7.288696548290232e-17,0.921529579213176,0.9207501308688208,2.563687725839189e-17,2.5128863820327482e-17,1.8452012837805757e-08,1.84390144359624e-08,1.4412328944763455,1.3678077923408534,4.6376621548912025e-19,4.6200169318669515e-19,0.0,0.0,0.0,0.0,0.0,0.0,0.0,0.0,0.0,0.0,0.0,0.0,0.0,0.0,0.0,0.0,0.0,0.0,0.0,0.0,0.0,0.0,0.0,0.0,0.0,0.0,0.0,0.0,0.0,0.0,0.0,0.0,0.0,0.0,0.0,0.0,0.0,0.0,0.0,0.0,0.0,0.0,0.61105733554543,0.5980831892074856,0.0029084078761806,0.0029083765276117,0.0,0.0,0.0,0.0,0.0,0.0,0.0,0.0,2.888138330798448,1.7045231958148452,1.5572893230757185e-05,1.373070789938634e-05,2.8988376916474354e-19,2.8988376916474354e-19,0.0,0.0,0.0,0.0,0.0,0.0,0.0,0.0,0.0,0.0,0.0,0.0,0.0,0.0,-0.3999686260025304,0.263450656684613,153.016667469583
3fv2_658,1.0,2.0,0.0,2.0,0.0,0.0,0.0,0.0,0.0,0.0,0.0,0.0,0.0,3.0,2.0,0.0,0.0,0.0,0.0,0.0,0.0,4.0,0.0,4.0,0.0,0.0,0.679683881758,-2.388039074552,3.282933305734729e-05,3.0650330553073526e-05,7.530747420948541,6.763585712286432,2.3142257161399204e-06,2.3142257161398785e-06,3.394533642826944,3.3528076364394472,0.1847042247784281,0.1847021957195046,0.0,0.0,0.0797327438433661,0.0498656606527271,0.0,0.0,2.104978474887492,0.3404188553493139,0.0,0.0,0.0,0.0,0.0,0.0,0.0,0.0,0.0,0.0,0.0,0.0,0.0,0.0,0.0,0.0,0.0,0.0,0.0,0.0,0.0,0.0,0.0,0.0,0.0,0.0,0.0,0.0,0.0,0.0,0.0,0.0,0.0,0.0,0.0,0.0,0.0,0.0,0.0,0.0,0.8062336200523282,0.7740243021203657,2.429562435369004e-17,2.429562435369004e-17,6.090876587652741e-11,6.087177163004005e-11,1.3506093135170667,1.2597687282923085,1.8117534801032675e-15,1.811753378065024e-15,0.0,0.0,0.0,0.0,0.0,0.0,0.0,0.0,0.0,0.0,0.0,0.0,0.0,0.0,0.0,0.0,0.0,0.0,0.0,0.0,0.0,0.0,0.0,0.0,0.0,0.0,0.0,0.0,0.0,0.0,0.0,0.0,0.0,0.0,0.0,0.0,0.0,0.0,0.0,0.0,0.0,0.0,1.007973090214052,1.0015854985804942,6.104330684592151e-09,6.0397863298158215e-09,0.0,0.0,0.0,0.0,0.0,0.0,0.0,0.0,0.9856897768601016,0.9856897743177886,0.1846461012514223,0.1846460999876144,0.0,0.0,0.0,0.0,0.0,0.0,0.0,0.0,0.0,0.0,0.0,0.0,0.0,0.0,0.0,0.0,-0.2285982530352256,-0.1292462264825435,42.287735609013374
3fv2_675,1.0,2.0,0.0,2.0,0.0,0.0,0.0,0.0,0.0,0.0,0.0,0.0,0.0,3.0,2.0,0.0,0.0,0.0,0.0,0.0,0.0,4.0,0.0,4.0,0.0,0.0,0.679683881758,-2.388039074552,1.381583997777829,1.010140632840394,15.336426469903584,10.3937094505997,1.2811085456799746e-14,1.2682068919281852e-14,3.168366476234411,2.1810670425256737,0.018295573029875,0.0182952745423886,1.9857382600284762e-20,1.9857382600284762e-20,0.9828010010569762,0.9828010006427298,0.0,0.0,1.8639758263512256,0.3368392679219157,0.0,0.0,0.0,0.0,0.0,0.0,0.0,0.0,0.0,0.0,0.0,0.0,0.0,0.0,0.0,0.0,0.0,0.0,0.0,0.0,0.0,0.0,0.0,0.0,0.0,0.0,0.0,0.0,0.0,0.0,0.0,0.0,0.0,0.0,0.0,0.0,0.0,0.0,1.6094699452415926e-12,1.4839184683135553e-12,2.071971272597529,0.9999786051145956,1.282712481030051e-21,1.282712481030051e-21,1.6850317326819898e-15,1.6833000155681873e-15,0.99239230491495,0.9874482302883192,2.1646473320792944e-15,2.0439713622980044e-15,0.0,0.0,0.0,0.0,0.0,0.0,0.0,0.0,0.0,0.0,0.0,0.0,0.0,0.0,0.0,0.0,0.0,0.0,0.0,0.0,0.0,0.0,0.0,0.0,0.0,0.0,0.0,0.0,0.0,0.0,0.0,0.0,0.0,0.0,0.0,0.0,0.0,0.0,0.0,0.0,0.0,0.0,0.464031117431929,0.437155134631691,6.978514431472452e-07,6.978514223335273e-07,0.0,0.0,0.0,0.0,0.0,0.0,0.0,0.0,1.6585740916008234,0.7083174473480439,0.0001452661841967,0.0001452303222688,1.9857382600284762e-20,1.9857382600284762e-20,0.0,0.0,0.0,0.0,0.0,0.0,0.0,0.0,0.0,0.0,0.0,0.0,0.0,0.0,0.35644979151557,-0.1225140877721057,7.950432307167672
3fv2_676,1.0,2.0,0.0,2.0,0.0,0.0,0.0,0.0,0.0,0.0,0.0,0.0,0.0,3.0,2.0,0.0,0.0,0.0,0.0,0.0,0.0,4.0,0.0,4.0,0.0,0.0,0.679683881758,-2.388039074552,1.8536601638996809e-06,1.835568622486893e-06,13.777969633998552,9.774295319303487,4.5362464809812185e-05,4.5362464809811534e-05,2.091692682847673,1.9746578066604428,1.7731649579085302,1.773155291524846,0.0,0.0,0.0883067056186528,0.0325365807639116,0.0,0.0,2.2146428767027744,0.2862559869671376,0.0,0.0,0.0,0.0,0.0,0.0,0.0,0.0,0.0,0.0,0.0,0.0,0.0,0.0,0.0,0.0,0.0,0.0,0.0,0.0,0.0,0.0,0.0,0.0,0.0,0.0,0.0,0.0,0.0,0.0,0.0,0.0,0.0,0.0,0.0,0.0,0.0,0.0,1.0308804265443456e-17,1.0308804265443456e-17,0.9917160377206428,0.939047259687622,2.5687779781688356e-14,2.568718137596829e-14,1.806975943770392e-06,1.7890913246400554e-06,3.2612973944425563,0.9999925757967316,3.4676811167250823e-19,3.285942418858924e-19,0.0,0.0,0.0,0.0,0.0,0.0,0.0,0.0,0.0,0.0,0.0,0.0,0.0,0.0,0.0,0.0,0.0,0.0,0.0,0.0,0.0,0.0,0.0,0.0,0.0,0.0,0.0,0.0,0.0,0.0,0.0,0.0,0.0,0.0,0.0,0.0,0.0,0.0,0.0,0.0,0.0,0.0,0.0865872523308751,0.0865638250709218,4.817166948252409e-06,4.77518301615508e-06,0.0,0.0,0.0,0.0,0.0,0.0,0.0,0.0,0.475022015857297,0.4750220158555078,0.0454101043322649,0.0454100998719897,0.0,0.0,0.0,0.0,0.0,0.0,0.0,0.0,0.0,0.0,0.0,0.0,0.0,0.0,0.0,0.0,0.2050955650177945,0.2036205705702231,-37.974920720093216
3fv2_681,1.0,2.0,0.0,2.0,0.0,0.0,0.0,0.0,0.0,0.0,0.0,0.0,0.0,3.0,2.0,0.0,0.0,0.0,0.0,0.0,0.0,4.0,0.0,4.0,0.0,0.0,0.679683881758,-2.388039074552,3.578270671506495,2.9997486398567634,11.110679881212754,7.334428441475947,1.5336014226210707e-14,1.5335649894507807e-14,2.6916398630983567,1.9119328235801896,0.1757467716811963,0.1757096278049697,0.0,0.0,0.0075604663975365,0.0075472462819209,0.0,0.0,1.723440521260222,0.2910542826430313,0.0,0.0,0.0,0.0,0.0,0.0,0.0,0.0,0.0,0.0,0.0,0.0,0.0,0.0,0.0,0.0,0.0,0.0,0.0,0.0,0.0,0.0,0.0,0.0,0.0,0.0,0.0,0.0,0.0,0.0,0.0,0.0,0.0,0.0,0.0,0.0,0.0,0.0,6.299889369699654e-09,4.2715958848482196e-09,1.0005296940846042,0.9999999414951608,2.892029743961545e-18,2.892029743961545e-18,1.3338351525014169e-17,1.1617959630706809e-17,0.6070434189065812,0.5223336440381083,3.923741564116126e-15,3.9237175803038616e-15,0.0,0.0,0.0,0.0,0.0,0.0,0.0,0.0,0.0,0.0,0.0,0.0,0.0,0.0,0.0,0.0,0.0,0.0,0.0,0.0,0.0,0.0,0.0,0.0,0.0,0.0,0.0,0.0,0.0,0.0,0.0,0.0,0.0,0.0,0.0,0.0,0.0,0.0,0.0,0.0,0.0,0.0,4.974736005201691e-06,4.97434100083487e-06,1.5576987880949731e-06,1.557694416288322e-06,0.0,0.0,0.0,0.0,0.0,0.0,0.0,0.0,0.5666015643956999,0.2350626628388118,0.1757231474753785,0.1756860398620384,0.0,0.0,0.0,0.0,0.0,0.0,0.0,0.0,0.0,0.0,0.0,0.0,0.0,0.0,0.0,0.0,0.1624924819104625,-0.2396454221459437,-19.005026560460063
3fv2_684,1.0,2.0,0.0,2.0,0.0,0.0,0.0,0.0,0.0,0.0,0.0,0.0,0.0,3.0,2.0,0.0,0.0,0.0,0.0,0.0,0.0,4.0,0.0,4.0,0.0,0.0,0.679683881758,-2.388039074552,4.982033829431656e-12,4.360013162856036e-12,17.599204989368744,11.52499911062722,8.550473670728006e-06,8.550473669966685e-06,0.5647339369099469,0.5647320252116615,0.204564832980038,0.2003312543934285,9.141190750346623e-17,9.141190750346623e-17,0.1659370837537615,0.1659092274366609,0.0,0.0,2.222789985627329,0.2862559899638875,0.0,0.0,0.0,0.0,0.0,0.0,0.0,0.0,0.0,0.0,0.0,0.0,0.0,0.0,0.0,0.0,0.0,0.0,0.0,0.0,0.0,0.0,0.0,0.0,0.0,0.0,0.0,0.0,0.0,0.0,0.0,0.0,0.0,0.0,0.0,0.0,0.0,0.0,1.0150479016523041e-17,1.0150479016523041e-17,2.752669099164878,0.999721326808438,1.0804221067527656e-15,1.0068712621183798e-15,4.339859997489044e-18,3.525628324106464e-18,0.7542945664915998,0.7354822535993052,8.55045086432365e-06,8.55045086432365e-06,0.0,0.0,0.0,0.0,0.0,0.0,0.0,0.0,0.0,0.0,0.0,0.0,0.0,0.0,0.0,0.0,0.0,0.0,0.0,0.0,0.0,0.0,0.0,0.0,0.0,0.0,0.0,0.0,0.0,0.0,0.0,0.0,0.0,0.0,0.0,0.0,0.0,0.0,0.0,0.0,0.0,0.0,0.1448140595444697,0.1448140584828009,0.033956011968613,0.0339560119477596,0.0,0.0,0.0,0.0,0.0,0.0,0.0,0.0,7.928784467089546e-07,7.902892492422812e-07,0.041359492448691,0.0413593924595252,9.035523686806648e-17,9.035523686806648e-17,0.0,0.0,0.0,0.0,0.0,0.0,0.0,0.0,0.0,0.0,0.0,0.0,0.0,0.0,-0.2053845710921142,0.1723608750071282,-13.423287468098977
3fv2_688,1.0,2.0,0.0,2.0,0.0,0.0,0.0,0.0,0.0,0.0,0.0,0.0,0.0,3.0,2.0,0.0,0.0,0.0,0.0,0.0,0.0,4.0,0.0,4.0,0.0,0.0,0.679683881758,-2.388039074552,2.3758395180375923e-10,2.0514901162421087e-10,8.808833816204102,6.68064994358646,4.874236085868877e-12,4.874227179618049e-12,1.878221247290266,1.86013496646304,0.0308927108232549,0.0308921717914049,3.3619206457828575e-19,3.3619206457828575e-19,0.1381350255682595,0.0918853530922118,0.0,0.0,2.1886131429368585,0.3415267500080654,0.0,0.0,0.0,0.0,0.0,0.0,0.0,0.0,0.0,0.0,0.0,0.0,0.0,0.0,0.0,0.0,0.0,0.0,0.0,0.0,0.0,0.0,0.0,0.0,0.0,0.0,0.0,0.0,0.0,0.0,0.0,0.0,0.0,0.0,0.0,0.0,0.0,0.0,3.941931799718711e-18,2.7382934640556638e-18,1.6824239240890229,0.9998419020844636,8.707443427006398e-18,5.825796334553929e-18,2.6290922473612475e-12,2.4866726312190975e-12,2.343928495417073,1.5088349863176678,5.153613951912166e-18,4.375446970225751e-18,0.0,0.0,0.0,0.0,0.0,0.0,0.0,0.0,0.0,0.0,0.0,0.0,0.0,0.0,0.0,0.0,0.0,0.0,0.0,0.0,0.0,0.0,0.0,0.0,0.0,0.0,0.0,0.0,0.0,0.0,0.0,0.0,0.0,0.0,0.0,0.0,0.0,0.0,0.0,0.0,0.0,0.0,0.4749639788151525,0.4611524399025175,0.0146875725011189,0.0146875713869119,0.0,0.0,0.0,0.0,0.0,0.0,0.0,0.0,0.2461353072630653,0.2461353070843617,0.0022174940240001,0.0022169716484755,3.0536839477720007e-19,3.0536839477720007e-19,0.0,0.0,0.0,0.0,0.0,0.0,0.0,0.0,0.0,0.0,0.0,0.0,0.0,0.0,0.3016150759960457,0.0433163086339157,12.405915086080327
3fv2_699,1.0,2.0,0.0,2.0,0.0,0.0,0.0,0.0,0.0,0.0,0.0,0.0,0.0,3.0,2.0,0.0,0.0,0.0,0.0,0.0,0.0,4.0,0.0,4.0,0.0,0.0,0.679683881758,-2.388039074552,0.0048403818473899,0.004840368095486,20.450148610047677,11.211596293958088,6.170698582230177e-14,6.167697766693583e-14,1.7279359154120462,1.725762136949225,0.1098635438359073,0.1071341240920915,8.115152883049035e-20,8.115152883049035e-20,0.8570358964193738,0.8570358964168389,0.0,0.0,1.7167779858310417,0.3414938782450021,0.0,0.0,0.0,0.0,0.0,0.0,0.0,0.0,0.0,0.0,0.0,0.0,0.0,0.0,0.0,0.0,0.0,0.0,0.0,0.0,0.0,0.0,0.0,0.0,0.0,0.0,0.0,0.0,0.0,0.0,0.0,0.0,0.0,0.0,0.0,0.0,0.0,0.0,7.403522501658431e-09,7.360516364165222e-09,2.34330925932284,0.9997372945869109,2.612226625996653e-21,2.612226625996653e-21,4.250631854112555e-17,4.019699832738733e-17,1.9219877971764687,0.945967923478601,3.1257564005949186e-14,3.1251824660141776e-14,0.0,0.0,0.0,0.0,0.0,0.0,0.0,0.0,0.0,0.0,0.0,0.0,0.0,0.0,0.0,0.0,0.0,0.0,0.0,0.0,0.0,0.0,0.0,0.0,0.0,0.0,0.0,0.0,0.0,0.0,0.0,0.0,0.0,0.0,0.0,0.0,0.0,0.0,0.0,0.0,0.0,0.0,3.6306070024770496e-06,3.6305603310703632e-06,0.0311831582757799,0.0311830836351344,4.4043113189757925e-21,4.4043113189757925e-21,0.0,0.0,0.0,0.0,0.0,0.0,0.1582789676613903,0.1570813759359715,0.0229569507181169,0.0229569506786138,0.0,0.0,0.0,0.0,0.0,0.0,0.0,0.0,0.0,0.0,0.0,0.0,0.0,0.0,0.0,0.0,-0.0413504372384906,-0.1261399578210519,-11.747210494530094
3fv2_832,1.0,2.0,0.0,2.0,0.0,0.0,0.0,0.0,0.0,0.0,0.0,0.0,0.0,3.0,2.0,0.0,0.0,0.0,0.0,0.0,0.0,4.0,0.0,4.0,0.0,0.0,0.679683881758,-2.388039074552,4.346689113357701,2.778811959019186,11.330503709703729,6.130331387261911,7.835482902711967e-11,7.835482744455348e-11,8.3556006082661,5.765667688235652,0.3737517966241254,0.3737517291082045,1.3033328734183327e-20,1.3033328734183327e-20,0.4641512629016026,0.4439469872838361,0.0,0.0,1.7091327052713852,0.2791685088670899,0.0,0.0,0.0,0.0,0.0,0.0,0.0,0.0,0.0,0.0,0.0,0.0,0.0,0.0,0.0,0.0,0.0,0.0,0.0,0.0,0.0,0.0,0.0,0.0,0.0,0.0,0.0,0.0,0.0,0.0,0.0,0.0,0.0,0.0,0.0,0.0,0.0,0.0,4.4687329740014155e-10,4.453324900230879e-10,2.7449457984288155,0.9999313036923884,7.8262536852639e-19,4.487823061823152e-19,0.0,0.0,1.581796625681604,1.0152637273451497,3.6308871653885616e-12,3.6308871653885616e-12,0.0,0.0,0.0,0.0,0.0,0.0,0.0,0.0,0.0,0.0,0.0,0.0,0.0,0.0,0.0,0.0,0.0,0.0,0.0,0.0,0.0,0.0,0.0,0.0,0.0,0.0,0.0,0.0,0.0,0.0,0.0,0.0,0.0,0.0,0.0,0.0,0.0,0.0,0.0,0.0,0.0,0.0,0.6658344374997812,0.6658344369437752,0.3732866922349545,0.3732866919079723,0.0,0.0,0.0,0.0,0.0,0.0,0.0,0.0,4.0142523637834415,2.4854093454705284,1.1893287858554037e-07,1.186254290237745e-07,0.0,0.0,0.0,0.0,0.0,0.0,0.0,0.0,0.0,0.0,0.0,0.0,0.0,0.0,0.0,0.0,-0.7549451523892355,-0.547638524567679,-58.66551301882912
