Ligand,PI_COUNT,NI_COUNT,AR_COUNT,H_COUNT,HBD_COUNT,HBA_COUNT,XBD_COUNT,XBA_COUNT,HBD_N3_COUNT,HBD_N2_COUNT,HBD_Nar_COUNT,HBD_Nam_COUNT,HBD_Npl3_COUNT,HBD_N4_COUNT,HBD_O3_COUNT,HBD_S3_COUNT,HBA_N3_COUNT,HBA_N2_COUNT,HBA_N1_COUNT,HBA_Nar_COUNT,HBA_Npl3_COUNT,HBA_O3_COUNT,HBA_O2_COUNT,HBA_Oco2_COUNT,HBA_S3_COUNT,HBA_S2_COUNT,HVY_ATOM_COUNT,ROT_BOND_COUNT,TOTAL_HYD,LOGP,TPSA,ENV_HBA_N_OCC_SUM,ENV_HBA_N_OCC_MAX,ENV_HBA_O_OCC_SUM,ENV_HBA_O_OCC_MAX,ENV_HBA_S_OCC_SUM,ENV_HBA_S_OCC_MAX,ENV_HBD_N_OCC_SUM,ENV_HBD_N_OCC_MAX,ENV_HBD_O_OCC_SUM,ENV_HBD_O_OCC_MAX,ENV_HBD_S_OCC_SUM,ENV_HBD_S_OCC_MAX,PI_AR_SCORE_SUM,PI_AR_SCORE_MAX,AR_PI_SCORE_SUM,AR_PI_SCORE_MAX,H_H_SCORE_SUM,H_H_SCORE_MAX,AR_AR_SCORE_SUM,AR_AR_SCORE_MAX,HBD_HBA_N_SCORE_SUM,HBD_HBA_N_SCORE_MAX,HBD_HBA_O_SCORE_SUM,HBD_HBA_O_SCORE_MAX,HBD_HBA_S_SCORE_SUM,HBD_HBA_S_SCORE_MAX,HBD_N3_HBA_N_SCORE_SUM,HBD_N3_HBA_N_SCORE_MAX,HBD_N3_HBA_O_SCORE_SUM,HBD_N3_HBA_O_SCORE_MAX,HBD_N3_HBA_S_SCORE_SUM,HBD_N3_HBA_S_SCORE_MAX,HBD_N2_HBA_N_SCORE_SUM,HBD_N2_HBA_N_SCORE_MAX,HBD_N2_HBA_O_SCORE_SUM,HBD_N2_HBA_O_SCORE_MAX,HBD_N2_HBA_S_SCORE_SUM,HBD_N2_HBA_S_SCORE_MAX,HBD_Nar_HBA_N_SCORE_SUM,HBD_Nar_HBA_N_SCORE_MAX,HBD_Nar_HBA_O_SCORE_SUM,HBD_Nar_HBA_O_SCORE_MAX,HBD_Nar_HBA_S_SCORE_SUM,HBD_Nar_HBA_S_SCORE_MAX,HBD_Nam_HBA_N_SCORE_SUM,HBD_Nam_HBA_N_SCORE_MAX,HBD_Nam_HBA_O_SCORE_SUM,HBD_Nam_HBA_O_SCORE_MAX,HBD_Nam_HBA_S_SCORE_SUM,HBD_Nam_HBA_S_SCORE_MAX,HBD_Npl3_HBA_N_SCORE_SUM,HBD_Npl3_HBA_N_SCORE_MAX,HBD_Npl3_HBA_O_SCORE_SUM,HBD_Npl3_HBA_O_SCORE_MAX,HBD_Npl3_HBA_S_SCORE_SUM,HBD_Npl3_HBA_S_SCORE_MAX,HBD_N4_HBA_N_SCORE_SUM,HBD_N4_HBA_N_SCORE_MAX,HBD_N4_HBA_O_SCORE_SUM,HBD_N4_HBA_O_SCORE_MAX,HBD_N4_HBA_S_SCORE_SUM,HBD_N4_HBA_S_SCORE_MAX,HBD_O3_HBA_N_SCORE_SUM,HBD_O3_HBA_N_SCORE_MAX,HBD_O3_HBA_O_SCORE_SUM,HBD_O3_HBA_O_SCORE_MAX,HBD_O3_HBA_S_SCORE_SUM,HBD_O3_HBA_S_SCORE_MAX,HBD_S3_HBA_N_SCORE_SUM,HBD_S3_HBA_N_SCORE_MAX,HBD_S3_HBA_O_SCORE_SUM,HBD_S3_HBA_O_SCORE_MAX,HBD_S3_HBA_S_SCORE_SUM,HBD_S3_HBA_S_SCORE_MAX,HBA_HBD_N_SCORE_SUM,HBA_HBD_N_SCORE_MAX,HBA_HBD_O_SCORE_SUM,HBA_HBD_O_SCORE_MAX,HBA_HBD_S_SCORE_SUM,HBA_HBD_S_SCORE_MAX,HBA_N3_HBD_N_SCORE_SUM,HBA_N3_HBD_N_SCORE_MAX,HBA_N3_HBD_O_SCORE_SUM,HBA_N3_HBD_O_SCORE_MAX,HBA_N3_HBD_S_SCORE_SUM,HBA_N3_HBD_S_SCORE_MAX,HBA_N2_HBD_N_SCORE_SUM,HBA_N2_HBD_N_SCORE_MAX,HBA_N2_HBD_O_SCORE_SUM,HBA_N2_HBD_O_SCORE_MAX,HBA_N2_HBD_S_SCORE_SUM,HBA_N2_HBD_S_SCORE_MAX,HBA_N1_HBD_N_SCORE_SUM,HBA_N1_HBD_N_SCORE_MAX,HBA_N1_HBD_O_SCORE_SUM,HBA_N1_HBD_O_SCORE_MAX,HBA_N1_HBD_S_SCORE_SUM,HBA_N1_HBD_S_SCORE_MAX,HBA_Nar_HBD_N_SCORE_SUM,HBA_Nar_HBD_N_SCORE_MAX,HBA_Nar_HBD_O_SCORE_SUM,HBA_Nar_HBD_O_SCORE_MAX,HBA_Nar_HBD_S_SCORE_SUM,HBA_Nar_HBD_S_SCORE_MAX,HBA_Npl3_HBD_N_SCORE_SUM,HBA_Npl3_HBD_N_SCORE_MAX,HBA_Npl3_HBD_O_SCORE_SUM,HBA_Npl3_HBD_O_SCORE_MAX,HBA_Npl3_HBD_S_SCORE_SUM,HBA_Npl3_HBD_S_SCORE_MAX,HBA_O3_HBD_N_SCORE_SUM,HBA_O3_HBD_N_SCORE_MAX,HBA_O3_HBD_O_SCORE_SUM,HBA_O3_HBD_O_SCORE_MAX,HBA_O3_HBD_S_SCORE_SUM,HBA_O3_HBD_S_SCORE_MAX,HBA_O2_HBD_N_SCORE_SUM,HBA_O2_HBD_N_SCORE_MAX,HBA_O2_HBD_O_SCORE_SUM,HBA_O2_HBD_O_SCORE_MAX,HBA_O2_HBD_S_SCORE_SUM,HBA_O2_HBD_S_SCORE_MAX,HBA_Oco2_HBD_N_SCORE_SUM,HBA_Oco2_HBD_N_SCORE_MAX,HBA_Oco2_HBD_O_SCORE_SUM,HBA_Oco2_HBD_O_SCORE_MAX,HBA_Oco2_HBD_S_SCORE_SUM,HBA_Oco2_HBD_S_SCORE_MAX,HBA_S3_HBD_N_SCORE_SUM,HBA_S3_HBD_N_SCORE_MAX,HBA_S3_HBD_O_SCORE_SUM,HBA_S3_HBD_O_SCORE_MAX,HBA_S3_HBD_S_SCORE_SUM,HBA_S3_HBD_S_SCORE_MAX,HBA_S2_HBD_N_SCORE_SUM,HBA_S2_HBD_N_SCORE_MAX,HBA_S2_HBD_O_SCORE_SUM,HBA_S2_HBD_O_SCORE_MAX,HBA_S2_HBD_S_SCORE_SUM,HBA_S2_HBD_S_SCORE_MAX,XBD_XBA_SCORE_SUM,XBD_XBA_SCORE_MAX,ES_ENERGY,ES_ENERGY_SQRD_DIST,VDW_ENERGY_ATT,VDW_ENERGY_REP
3twp_105,0.0,1.0,1.0,5.0,0.0,0.0,0.0,0.0,0.0,0.0,0.0,0.0,0.0,0.0,1.0,0.0,0.0,0.0,0.0,0.0,0.0,1.0,0.0,2.0,0.0,0.0,10.0,1.0,1.5891399557499999,1.1486825118017001,60.36,4.0001927782739495,3.9996031829304473,3.213257822994546,2.977053806821787,6.235471293722692e-06,6.235471293540646e-06,1.1494775989787855,1.1348343079017469,2.2106419061153275e-08,2.2101573976409012e-08,0.0,0.0,0.0,0.0,0.0,0.0,4.84908088905291,0.9286702246176568,0.14393589268077545,0.1439358924763944,0.0,0.0,0.0,0.0,0.0,0.0,0.0,0.0,0.0,0.0,0.0,0.0,0.0,0.0,0.0,0.0,0.0,0.0,0.0,0.0,0.0,0.0,0.0,0.0,0.0,0.0,0.0,0.0,0.0,0.0,0.0,0.0,0.0,0.0,0.0,0.0,0.0,0.0,0.0,0.0,0.0,0.0,1.000000041815636,0.9999999827370646,1.0431850996369971,0.9888636200367984,4.1166517255516016e-15,4.116562631249594e-15,0.0,0.0,0.0,0.0,0.0,0.0,0.0,0.0,0.0,0.0,0.0,0.0,0.0,0.0,0.0,0.0,0.0,0.0,0.0,0.0,0.0,0.0,0.0,0.0,0.0,0.0,0.0,0.0,0.0,0.0,0.0,0.0,0.0,0.0,0.0,0.0,0.0,0.0,0.0,0.0,0.0,0.0,0.27757333618007846,0.2649810182481467,5.4066894776237396e-14,5.4057362141629475e-14,0.0,0.0,0.0,0.0,0.0,0.0,0.0,0.0,0.812095350431537,0.8120951711201276,4.1820143769603645e-19,3.102820470688401e-19,0.0,0.0,0.0,0.0,0.0,0.0,0.0,0.0,0.0,0.0,0.0,0.0,0.0,0.0,0.0,0.0,-1.0294119780016284,-0.20603999098473655,-68.4784875702036,36.490065932797016
3twp_108,0.0,1.0,1.0,5.0,0.0,0.0,0.0,0.0,0.0,0.0,0.0,0.0,0.0,0.0,1.0,0.0,0.0,0.0,0.0,0.0,0.0,1.0,0.0,2.0,0.0,0.0,10.0,1.0,1.5891399557499999,1.1486825118017001,60.36,3.567822802989799,3.5663468267092795,3.056802516033047,2.716780043100173,4.322901680275988e-05,4.3229016802239446e-05,1.301154147456932,1.2862217205064779,3.082334437225271e-08,3.080939282277515e-08,0.0,0.0,0.0,0.0,0.0,0.0,5.06141949190275,0.928921327236532,0.40953240408537234,0.40953240399479135,0.0,0.0,0.0,0.0,0.0,0.0,0.0,0.0,0.0,0.0,0.0,0.0,0.0,0.0,0.0,0.0,0.0,0.0,0.0,0.0,0.0,0.0,0.0,0.0,0.0,0.0,0.0,0.0,0.0,0.0,0.0,0.0,0.0,0.0,0.0,0.0,0.0,0.0,0.0,0.0,0.0,0.0,1.000000009311211,0.9999999999987392,1.0066294034976129,0.9949457225838363,1.0971091411122582e-14,1.0971030586137059e-14,0.0,0.0,0.0,0.0,0.0,0.0,0.0,0.0,0.0,0.0,0.0,0.0,0.0,0.0,0.0,0.0,0.0,0.0,0.0,0.0,0.0,0.0,0.0,0.0,0.0,0.0,0.0,0.0,0.0,0.0,0.0,0.0,0.0,0.0,0.0,0.0,0.0,0.0,0.0,0.0,0.0,0.0,0.25358220277712196,0.23942340897522352,1.324474800251939e-13,1.3242298338148244e-13,0.0,0.0,0.0,0.0,0.0,0.0,0.0,0.0,0.9284060063689469,0.9284040588553928,6.718602613362195e-19,5.392100840827646e-19,0.0,0.0,0.0,0.0,0.0,0.0,0.0,0.0,0.0,0.0,0.0,0.0,0.0,0.0,0.0,0.0,-1.3065280666147374,-0.23520764401095545,-69.81760543481806,39.441481898752386
3twp_121,0.0,1.0,1.0,5.0,0.0,0.0,0.0,0.0,0.0,0.0,0.0,0.0,0.0,0.0,1.0,0.0,0.0,0.0,0.0,0.0,0.0,1.0,0.0,2.0,0.0,0.0,10.0,1.0,1.5891399557499999,1.1486825118017001,60.36,2.104785108016055,2.104768689121994,3.108642051972217,2.776563565134787,0.5441577451757779,0.5441577451757731,2.0933400846761465,2.0866587853084146,3.112295216596404e-06,3.1120433703872732e-06,0.0,0.0,0.0,0.0,0.0,0.0,6.1041446950594445,0.9303415283762133,0.9799634997029305,0.9799634996101538,0.0,0.0,0.0,0.0,0.0,0.0,0.0,0.0,0.0,0.0,0.0,0.0,0.0,0.0,0.0,0.0,0.0,0.0,0.0,0.0,0.0,0.0,0.0,0.0,0.0,0.0,0.0,0.0,0.0,0.0,0.0,0.0,0.0,0.0,0.0,0.0,0.0,0.0,0.0,0.0,0.0,0.0,1.000000000339331,0.999999999998902,1.0406667883570588,0.9991299864979508,6.232404687630342e-14,6.232397885372964e-14,0.0,0.0,0.0,0.0,0.0,0.0,0.0,0.0,0.0,0.0,0.0,0.0,0.0,0.0,0.0,0.0,0.0,0.0,0.0,0.0,0.0,0.0,0.0,0.0,0.0,0.0,0.0,0.0,0.0,0.0,0.0,0.0,0.0,0.0,0.0,0.0,0.0,0.0,0.0,0.0,0.0,0.0,0.15078181426251777,0.14411485935516477,3.256725214634847e-13,3.255260804471965e-13,0.0,0.0,0.0,0.0,0.0,0.0,0.0,0.0,1.0267955695327202,1.0267813891253719,4.329572213777657e-18,3.7463719969059575e-18,0.0,0.0,0.0,0.0,0.0,0.0,0.0,0.0,0.0,0.0,0.0,0.0,0.0,0.0,0.0,0.0,-1.351286542238621,-0.2359960861744583,-79.23396942156643,56.836910316351165
3twp_126,0.0,1.0,1.0,5.0,0.0,0.0,0.0,0.0,0.0,0.0,0.0,0.0,0.0,0.0,1.0,0.0,0.0,0.0,0.0,0.0,0.0,1.0,0.0,2.0,0.0,0.0,10.0,1.0,1.5891399557499999,1.1486825118017001,60.36,2.9763653076820216,2.976285657057909,1.3535226895246595,1.2030448871527337,0.00155476366929406,0.0015547636692926276,1.7272366453118688,1.7264251908148482,1.5068184733496284e-06,1.506669992991342e-06,0.0,0.0,0.0,0.0,0.0,0.0,5.657741618319718,0.9274234322288211,0.894066601613509,0.8940666016054957,0.0,0.0,0.0,0.0,0.0,0.0,0.0,0.0,0.0,0.0,0.0,0.0,0.0,0.0,0.0,0.0,0.0,0.0,0.0,0.0,0.0,0.0,0.0,0.0,0.0,0.0,0.0,0.0,0.0,0.0,0.0,0.0,0.0,0.0,0.0,0.0,0.0,0.0,0.0,0.0,0.0,0.0,0.9999999926420226,0.9999999925114295,1.0254606995824604,0.9995450234153627,9.969214464029883e-14,9.969206859219298e-14,0.0,0.0,0.0,0.0,0.0,0.0,0.0,0.0,0.0,0.0,0.0,0.0,0.0,0.0,0.0,0.0,0.0,0.0,0.0,0.0,0.0,0.0,0.0,0.0,0.0,0.0,0.0,0.0,0.0,0.0,0.0,0.0,0.0,0.0,0.0,0.0,0.0,0.0,0.0,0.0,0.0,0.0,0.12880693381233194,0.12802766440067764,3.186322341895417e-13,3.1837953655819645e-13,0.0,0.0,0.0,0.0,0.0,0.0,0.0,0.0,1.0257989826368503,1.0257785313006045,2.1648039289355037e-18,1.7647949951384064e-18,0.0,0.0,0.0,0.0,0.0,0.0,0.0,0.0,0.0,0.0,0.0,0.0,0.0,0.0,0.0,0.0,-1.4881231388283533,-0.2459718202850254,-73.8532691276548,48.042371414973175
3twp_14,0.0,1.0,1.0,5.0,0.0,0.0,0.0,0.0,0.0,0.0,0.0,0.0,0.0,0.0,1.0,0.0,0.0,0.0,0.0,0.0,0.0,1.0,0.0,2.0,0.0,0.0,10.0,1.0,1.5891399557499999,1.1486825118017001,60.36,0.000986599573810235,0.0008125878377111382,1.6684170450725886,1.6640110529111172,0.00012249363941568375,0.00012249363941462085,0.02773417171682405,0.027522993429802068,0.011089660327532452,0.011089660327044336,0.0,0.0,0.0,0.0,0.0,0.0,5.141090027890535,0.7985094763413341,3.522741009682918e-06,3.522724404510074e-06,0.0,0.0,0.0,0.0,0.0,0.0,0.0,0.0,0.0,0.0,0.0,0.0,0.0,0.0,0.0,0.0,0.0,0.0,0.0,0.0,0.0,0.0,0.0,0.0,0.0,0.0,0.0,0.0,0.0,0.0,0.0,0.0,0.0,0.0,0.0,0.0,0.0,0.0,0.0,0.0,0.0,0.0,2.4668534746852842e-05,2.388449464859349e-05,0.14082705807214524,0.14082694378977167,6.371320695436242e-12,6.370490437843587e-12,0.0,0.0,0.0,0.0,0.0,0.0,0.0,0.0,0.0,0.0,0.0,0.0,0.0,0.0,0.0,0.0,0.0,0.0,0.0,0.0,0.0,0.0,0.0,0.0,0.0,0.0,0.0,0.0,0.0,0.0,0.0,0.0,0.0,0.0,0.0,0.0,0.0,0.0,0.0,0.0,0.0,0.0,1.781073300072732e-11,1.7719954283961282e-11,1.240805766217497e-11,1.2408057410211275e-11,0.0,0.0,0.0,0.0,0.0,0.0,0.0,0.0,0.00010372744408203562,0.00010372744216141326,0.011084224944258743,0.01108422494377285,0.0,0.0,0.0,0.0,0.0,0.0,0.0,0.0,0.0,0.0,0.0,0.0,0.0,0.0,0.0,0.0,-0.9475202937657846,-0.12895175370181067,-72.09428865809943,41.473966939948816
3twp_147,0.0,1.0,1.0,5.0,0.0,0.0,0.0,0.0,0.0,0.0,0.0,0.0,0.0,0.0,1.0,0.0,0.0,0.0,0.0,0.0,0.0,1.0,0.0,2.0,0.0,0.0,10.0,1.0,1.5891399557499999,1.1486825118017001,60.36,3.8669073991398273,3.8668515263076353,3.4748861869291785,3.0117119053528834,0.00022903580555077167,0.00022903580555031354,1.5965240473680316,1.5823817749921254,4.2516748243768646e-08,4.25069410933035e-08,0.0,0.0,0.0,0.0,0.0,0.0,5.211957636521344,0.9302988467004745,0.35883014054382273,0.3588301397781169,0.0,0.0,0.0,0.0,0.0,0.0,0.0,0.0,0.0,0.0,0.0,0.0,0.0,0.0,0.0,0.0,0.0,0.0,0.0,0.0,0.0,0.0,0.0,0.0,0.0,0.0,0.0,0.0,0.0,0.0,0.0,0.0,0.0,0.0,0.0,0.0,0.0,0.0,0.0,0.0,0.0,0.0,1.0000000144651497,0.9999999998393088,1.0552510574729346,0.9925500621811374,6.800642905962558e-15,6.80052696487113e-15,0.0,0.0,0.0,0.0,0.0,0.0,0.0,0.0,0.0,0.0,0.0,0.0,0.0,0.0,0.0,0.0,0.0,0.0,0.0,0.0,0.0,0.0,0.0,0.0,0.0,0.0,0.0,0.0,0.0,0.0,0.0,0.0,0.0,0.0,0.0,0.0,0.0,0.0,0.0,0.0,0.0,0.0,0.4041882394437093,0.3906967388521399,8.822702247621794e-14,8.821262506614795e-14,0.0,0.0,0.0,0.0,0.0,0.0,0.0,0.0,1.1641279125646369,1.1641278537441764,6.532642396420052e-19,4.88378771748701e-19,0.0,0.0,0.0,0.0,0.0,0.0,0.0,0.0,0.0,0.0,0.0,0.0,0.0,0.0,0.0,0.0,-0.935056786098907,-0.20177314459783746,-72.10571761564846,41.057529122655865
3twp_152,0.0,1.0,1.0,5.0,0.0,0.0,0.0,0.0,0.0,0.0,0.0,0.0,0.0,0.0,1.0,0.0,0.0,0.0,0.0,0.0,0.0,1.0,0.0,2.0,0.0,0.0,10.0,1.0,1.5891399557499999,1.1486825118017001,60.36,2.5891009762730786,2.5890444788567923,3.058362009606031,1.980638106278271,0.13651252446835624,0.13651252446835463,2.0177440627032976,2.001521884210376,2.540512741070291e-05,2.540491187771117e-05,0.0,0.0,0.0,0.0,0.0,0.0,5.869565248828405,0.9302923351405589,0.9490891182468957,0.9490891182273581,0.0,0.0,0.0,0.0,0.0,0.0,0.0,0.0,0.0,0.0,0.0,0.0,0.0,0.0,0.0,0.0,0.0,0.0,0.0,0.0,0.0,0.0,0.0,0.0,0.0,0.0,0.0,0.0,0.0,0.0,0.0,0.0,0.0,0.0,0.0,0.0,0.0,0.0,0.0,0.0,0.0,0.0,1.0000000006158938,0.9999999990213231,1.7947015375744848,0.997227854672291,4.794440334823041e-14,4.7944362701888144e-14,0.0,0.0,0.0,0.0,0.0,0.0,0.0,0.0,0.0,0.0,0.0,0.0,0.0,0.0,0.0,0.0,0.0,0.0,0.0,0.0,0.0,0.0,0.0,0.0,0.0,0.0,0.0,0.0,0.0,0.0,0.0,0.0,0.0,0.0,0.0,0.0,0.0,0.0,0.0,0.0,0.0,0.0,0.09101021489413975,0.07491768479114326,1.486642535735978e-12,1.486569624637472e-12,0.0,0.0,0.0,0.0,0.0,0.0,0.0,0.0,1.0218253264017,1.021696688126983,3.555361904164222e-18,3.035958861214881e-18,0.0,0.0,0.0,0.0,0.0,0.0,0.0,0.0,0.0,0.0,0.0,0.0,0.0,0.0,0.0,0.0,-1.3624991404045586,-0.23328534203455598,-76.25684111547316,51.96067405525068
3twp_157,0.0,1.0,1.0,5.0,0.0,0.0,0.0,0.0,0.0,0.0,0.0,0.0,0.0,0.0,1.0,0.0,0.0,0.0,0.0,0.0,0.0,1.0,0.0,2.0,0.0,0.0,10.0,1.0,1.5891399557499999,1.1486825118017001,60.36,3.0733615154719898,3.060051809970647,4.609056592886169,3.3629942166174227,0.00785376888664872,0.007853768886648349,1.3636778382318666,1.359478208570286,0.00011287657188916239,0.00011287648026477865,0.0,0.0,0.0,0.0,0.0,0.0,5.684162541457003,0.9302844952257103,0.7659347652505785,0.765934765199206,0.0,0.0,0.0,0.0,0.0,0.0,0.0,0.0,0.0,0.0,0.0,0.0,0.0,0.0,0.0,0.0,0.0,0.0,0.0,0.0,0.0,0.0,0.0,0.0,0.0,0.0,0.0,0.0,0.0,0.0,0.0,0.0,0.0,0.0,0.0,0.0,0.0,0.0,0.0,0.0,0.0,0.0,0.9999998842709235,0.9999998752054462,1.872582910350229,0.9896410538964086,2.831348647420875e-14,2.831344690397198e-14,0.0,0.0,0.0,0.0,0.0,0.0,0.0,0.0,0.0,0.0,0.0,0.0,0.0,0.0,0.0,0.0,0.0,0.0,0.0,0.0,0.0,0.0,0.0,0.0,0.0,0.0,0.0,0.0,0.0,0.0,0.0,0.0,0.0,0.0,0.0,0.0,0.0,0.0,0.0,0.0,0.0,0.0,0.02377436772136772,0.021101794602442703,7.860528035112434e-12,7.86050161619352e-12,0.0,0.0,0.0,0.0,0.0,0.0,0.0,0.0,0.9623855456316961,0.9610657527886021,3.5502622896034905e-18,3.3197702421933067e-18,0.0,0.0,0.0,0.0,0.0,0.0,0.0,0.0,0.0,0.0,0.0,0.0,0.0,0.0,0.0,0.0,-1.2000439547706647,-0.2440930096512806,-75.27852696266949,48.776988938505
3twp_160,0.0,1.0,1.0,5.0,0.0,0.0,0.0,0.0,0.0,0.0,0.0,0.0,0.0,0.0,1.0,0.0,0.0,0.0,0.0,0.0,0.0,1.0,0.0,2.0,0.0,0.0,10.0,1.0,1.5891399557499999,1.1486825118017001,60.36,3.019139884458452,3.01487827301819,2.2010795076194416,1.2486908205332288,0.00019975062336270158,0.0001997506233621887,1.0167582376528366,1.014742229517968,7.325038852387357e-06,7.324942499956604e-06,0.0,0.0,0.0,0.0,0.0,0.0,5.309998177468737,0.9230049915021441,0.7388430578603522,0.7388430578533857,0.0,0.0,0.0,0.0,0.0,0.0,0.0,0.0,0.0,0.0,0.0,0.0,0.0,0.0,0.0,0.0,0.0,0.0,0.0,0.0,0.0,0.0,0.0,0.0,0.0,0.0,0.0,0.0,0.0,0.0,0.0,0.0,0.0,0.0,0.0,0.0,0.0,0.0,0.0,0.0,0.0,0.0,0.9999986296467639,0.9999986259133248,1.8161569415238192,0.9900655692217812,5.397570787555075e-14,5.397567261605303e-14,0.0,0.0,0.0,0.0,0.0,0.0,0.0,0.0,0.0,0.0,0.0,0.0,0.0,0.0,0.0,0.0,0.0,0.0,0.0,0.0,0.0,0.0,0.0,0.0,0.0,0.0,0.0,0.0,0.0,0.0,0.0,0.0,0.0,0.0,0.0,0.0,0.0,0.0,0.0,0.0,0.0,0.0,0.030854847335572245,0.030372938987853173,2.913748045623991e-11,2.9137438873313254e-11,0.0,0.0,0.0,0.0,0.0,0.0,0.0,0.0,0.9206438649725653,0.9198601975001538,2.2338028899085797e-18,2.0090522427210296e-18,0.0,0.0,0.0,0.0,0.0,0.0,0.0,0.0,0.0,0.0,0.0,0.0,0.0,0.0,0.0,0.0,-1.1986431895934149,-0.23297191514318086,-72.03998167077093,44.985294819982435
3twp_18,0.0,1.0,1.0,5.0,0.0,0.0,0.0,0.0,0.0,0.0,0.0,0.0,0.0,0.0,1.0,0.0,0.0,0.0,0.0,0.0,0.0,1.0,0.0,2.0,0.0,0.0,10.0,1.0,1.5891399557499999,1.1486825118017001,60.36,3.001404328160981,3.0013993678212767,2.807348292565196,2.3989858372499735,1.876483373808559e-07,1.8764833662583634e-07,0.11683418536230081,0.11588148850833734,1.381459837827575e-07,1.3814590692917995e-07,0.0,0.0,0.0,0.0,0.0,0.0,5.869667401222153,0.7985084378346168,0.25831245405958975,0.25831245405913184,0.0,0.0,0.0,0.0,0.0,0.0,0.0,0.0,0.0,0.0,0.0,0.0,0.0,0.0,0.0,0.0,0.0,0.0,0.0,0.0,0.0,0.0,0.0,0.0,0.0,0.0,0.0,0.0,0.0,0.0,0.0,0.0,0.0,0.0,0.0,0.0,0.0,0.0,0.0,0.0,0.0,0.0,0.006154734743575486,0.00615473467516052,6.143620266542113e-08,6.143490880489149e-08,8.691718196148354e-17,8.691718196148354e-17,0.0,0.0,0.0,0.0,0.0,0.0,0.0,0.0,0.0,0.0,0.0,0.0,0.0,0.0,0.0,0.0,0.0,0.0,0.0,0.0,0.0,0.0,0.0,0.0,0.0,0.0,0.0,0.0,0.0,0.0,0.0,0.0,0.0,0.0,0.0,0.0,0.0,0.0,0.0,0.0,0.0,0.0,0.0049199102414944846,0.004913401117635558,1.524475553938487e-17,1.4459400688028392e-17,0.0,0.0,0.0,0.0,0.0,0.0,0.0,0.0,0.09607575243288448,0.0951313579912545,9.964741556925411e-13,9.952942721314428e-13,0.0,0.0,0.0,0.0,0.0,0.0,0.0,0.0,0.0,0.0,0.0,0.0,0.0,0.0,0.0,0.0,-1.343192332659254,-0.1727599643666041,-72.53716615205822,41.499172316869085
3twp_198,0.0,1.0,1.0,5.0,0.0,0.0,0.0,0.0,0.0,0.0,0.0,0.0,0.0,0.0,1.0,0.0,0.0,0.0,0.0,0.0,0.0,1.0,0.0,2.0,0.0,0.0,10.0,1.0,1.5891399557499999,1.1486825118017001,60.36,1.142987747358196,1.1384218510913446,2.1538939959410874,1.9806139374220608,3.2483252698478087e-15,2.9740429147060396e-15,2.02681335009758,2.022456135712995,7.409376392760317e-17,7.405859767365784e-17,0.0,0.0,0.0,0.0,0.0,0.0,5.133945363074348,0.7985094865526305,0.9992007621483723,0.9992007612236675,0.0,0.0,0.0,0.0,0.0,0.0,0.0,0.0,0.0,0.0,0.0,0.0,0.0,0.0,0.0,0.0,0.0,0.0,0.0,0.0,0.0,0.0,0.0,0.0,0.0,0.0,0.0,0.0,0.0,0.0,0.0,0.0,0.0,0.0,0.0,0.0,0.0,0.0,0.0,0.0,0.0,0.0,5.114754117426094e-09,3.607182787143499e-09,8.610752963316201e-07,5.51033700618902e-07,2.9564888075338423e-18,2.9482145956288583e-18,0.0,0.0,0.0,0.0,0.0,0.0,0.0,0.0,0.0,0.0,0.0,0.0,0.0,0.0,0.0,0.0,0.0,0.0,0.0,0.0,0.0,0.0,0.0,0.0,0.0,0.0,0.0,0.0,0.0,0.0,0.0,0.0,0.0,0.0,0.0,0.0,0.0,0.0,0.0,0.0,0.0,0.0,4.6470888349601545e-09,3.907298464876372e-09,6.19965694351646e-23,6.150444037229578e-23,0.0,0.0,0.0,0.0,0.0,0.0,0.0,0.0,1.964420803489685,1.9644183539417437,8.307799676101635e-23,8.307799676101635e-23,0.0,0.0,0.0,0.0,0.0,0.0,0.0,0.0,0.0,0.0,0.0,0.0,0.0,0.0,0.0,0.0,-1.2711671280628907,-0.17578819074689764,-80.61271401303469,52.51764389817439
3twp_22,0.0,1.0,1.0,5.0,0.0,0.0,0.0,0.0,0.0,0.0,0.0,0.0,0.0,0.0,1.0,0.0,0.0,0.0,0.0,0.0,0.0,1.0,0.0,2.0,0.0,0.0,10.0,1.0,1.5891399557499999,1.1486825118017001,60.36,8.712814714352799e-07,8.627176360299024e-07,0.9705158838064831,0.8623208074638375,2.982162077762955e-10,2.982145915403041e-10,0.9475314145442993,0.9475022791114619,5.60360915959841e-10,5.603608072836794e-10,0.0,0.0,0.0,0.0,0.0,0.0,5.418702457221576,0.7985094865592712,0.006223496226473544,0.006223496192187658,0.0,0.0,0.0,0.0,0.0,0.0,0.0,0.0,0.0,0.0,0.0,0.0,0.0,0.0,0.0,0.0,0.0,0.0,0.0,0.0,0.0,0.0,0.0,0.0,0.0,0.0,0.0,0.0,0.0,0.0,0.0,0.0,0.0,0.0,0.0,0.0,0.0,0.0,0.0,0.0,0.0,0.0,2.1205302802817826e-11,2.1156566046871953e-11,0.8033633427492467,0.6952137425213102,2.169389900259892e-16,1.893665337586147e-16,0.0,0.0,0.0,0.0,0.0,0.0,0.0,0.0,0.0,0.0,0.0,0.0,0.0,0.0,0.0,0.0,0.0,0.0,0.0,0.0,0.0,0.0,0.0,0.0,0.0,0.0,0.0,0.0,0.0,0.0,0.0,0.0,0.0,0.0,0.0,0.0,0.0,0.0,0.0,0.0,0.0,0.0,2.2450409974509418e-10,2.2331329016914368e-10,6.523778882481266e-18,6.522342945002456e-18,0.0,0.0,0.0,0.0,0.0,0.0,0.0,0.0,0.7387263171619599,0.738723094479804,4.033386458902612e-20,3.8537300449191064e-20,0.0,0.0,0.0,0.0,0.0,0.0,0.0,0.0,0.0,0.0,0.0,0.0,0.0,0.0,0.0,0.0,-0.924925375916756,-0.1531954882290757,-78.9955084115977,48.67616380102719
3twp_226,0.0,1.0,1.0,5.0,0.0,0.0,0.0,0.0,0.0,0.0,0.0,0.0,0.0,0.0,1.0,0.0,0.0,0.0,0.0,0.0,0.0,1.0,0.0,2.0,0.0,0.0,10.0,1.0,1.5891399557499999,1.1486825118017001,60.36,4.080703569918373,3.0000107512525402,3.5175985163066934,3.1081511232866132,1.2404523920008142e-16,1.2363329262200057e-16,3.321493420250977,2.7939736001805517,4.156424962295588e-20,4.127860450062991e-20,0.0,0.0,0.0,0.0,0.0,0.0,4.339590474716272,0.789213580644791,0.005372349871852641,0.005372349862847454,0.0,0.0,0.0,0.0,0.0,0.0,0.0,0.0,0.0,0.0,0.0,0.0,0.0,0.0,0.0,0.0,0.0,0.0,0.0,0.0,0.0,0.0,0.0,0.0,0.0,0.0,0.0,0.0,0.0,0.0,0.0,0.0,0.0,0.0,0.0,0.0,0.0,0.0,0.0,0.0,0.0,0.0,1.178432892045835e-05,1.1782916166108495e-05,1.8502529801915393e-07,1.5430025385364048e-07,0.0,0.0,0.0,0.0,0.0,0.0,0.0,0.0,0.0,0.0,0.0,0.0,0.0,0.0,0.0,0.0,0.0,0.0,0.0,0.0,0.0,0.0,0.0,0.0,0.0,0.0,0.0,0.0,0.0,0.0,0.0,0.0,0.0,0.0,0.0,0.0,0.0,0.0,0.0,0.0,0.0,0.0,0.0,0.0,3.550560872306394e-09,2.601765153483374e-09,3.8936378120666144e-25,3.8936378120666144e-25,0.0,0.0,0.0,0.0,0.0,0.0,0.0,0.0,2.0586260019565845,1.9910268262134214,1.6248089767077972e-23,1.6248089767077972e-23,0.0,0.0,0.0,0.0,0.0,0.0,0.0,0.0,0.0,0.0,0.0,0.0,0.0,0.0,0.0,0.0,-0.7391729998104336,-0.23258130604095348,-74.7463717417989,51.50423321563919
3twp_321,0.0,1.0,1.0,5.0,0.0,0.0,0.0,0.0,0.0,0.0,0.0,0.0,0.0,0.0,1.0,0.0,0.0,0.0,0.0,0.0,0.0,1.0,0.0,2.0,0.0,0.0,10.0,1.0,1.5891399557499999,1.1486825118017001,60.36,3.5296481466186096,2.944540920694,1.9735377833895875,1.9676829781230398,3.022128228733182e-16,2.874281580486188e-16,3.4514734387919823,3.3183461549753055,1.76359327823036e-18,1.756849067255262e-18,0.0,0.0,0.0,0.0,0.0,0.0,4.625259931134791,0.7985094863861545,0.9999936385113009,0.9999936278988619,0.0,0.0,0.0,0.0,0.0,0.0,0.0,0.0,0.0,0.0,0.0,0.0,0.0,0.0,0.0,0.0,0.0,0.0,0.0,0.0,0.0,0.0,0.0,0.0,0.0,0.0,0.0,0.0,0.0,0.0,0.0,0.0,0.0,0.0,0.0,0.0,0.0,0.0,0.0,0.0,0.0,0.0,2.310291447022588e-07,2.3102887754863857e-07,0.04325881557877498,0.043258815578669056,0.0,0.0,0.0,0.0,0.0,0.0,0.0,0.0,0.0,0.0,0.0,0.0,0.0,0.0,0.0,0.0,0.0,0.0,0.0,0.0,0.0,0.0,0.0,0.0,0.0,0.0,0.0,0.0,0.0,0.0,0.0,0.0,0.0,0.0,0.0,0.0,0.0,0.0,0.0,0.0,0.0,0.0,0.0,0.0,0.9999975296298945,0.9999974876653548,2.0048068324657485e-21,1.882761975308295e-21,0.0,0.0,0.0,0.0,0.0,0.0,0.0,0.0,0.8982087694031875,0.7650815791147114,4.233313829204703e-24,4.233313829204703e-24,0.0,0.0,0.0,0.0,0.0,0.0,0.0,0.0,0.0,0.0,0.0,0.0,0.0,0.0,0.0,0.0,-1.5312959721576607,-0.21734653024840858,-67.44785425852722,36.55771269080916
3twp_362,0.0,1.0,1.0,5.0,0.0,0.0,0.0,0.0,0.0,0.0,0.0,0.0,0.0,0.0,1.0,0.0,0.0,0.0,0.0,0.0,0.0,1.0,0.0,2.0,0.0,0.0,10.0,1.0,1.5891399557499999,1.1486825118017001,60.36,1.41545427015451,1.4001274876519847,2.2368802006677533,2.062762789928292,8.821383447047237e-16,8.113695808194154e-16,1.7061954330812152,1.6951937866715057,1.1591910743763395e-17,1.1572682598264209e-17,0.0,0.0,0.0,0.0,0.0,0.0,4.838029659705353,0.7985094530807658,0.9999997840792461,0.999999780088235,0.0,0.0,0.0,0.0,0.0,0.0,0.0,0.0,0.0,0.0,0.0,0.0,0.0,0.0,0.0,0.0,0.0,0.0,0.0,0.0,0.0,0.0,0.0,0.0,0.0,0.0,0.0,0.0,0.0,0.0,0.0,0.0,0.0,0.0,0.0,0.0,0.0,0.0,0.0,0.0,0.0,0.0,1.994897510081179e-12,1.876008226478139e-12,0.0001652857491003957,0.00016528574133992124,2.8434198186855206e-18,2.8434198186855206e-18,0.0,0.0,0.0,0.0,0.0,0.0,0.0,0.0,0.0,0.0,0.0,0.0,0.0,0.0,0.0,0.0,0.0,0.0,0.0,0.0,0.0,0.0,0.0,0.0,0.0,0.0,0.0,0.0,0.0,0.0,0.0,0.0,0.0,0.0,0.0,0.0,0.0,0.0,0.0,0.0,0.0,0.0,0.02404488552135041,0.022657003293623995,3.1010271373833115e-19,3.042684206997386e-19,0.0,0.0,0.0,0.0,0.0,0.0,0.0,0.0,1.5619620469232198,1.5619615473316482,5.187564013654353e-23,5.187564013654353e-23,0.0,0.0,0.0,0.0,0.0,0.0,0.0,0.0,0.0,0.0,0.0,0.0,0.0,0.0,0.0,0.0,-1.0116509427078184,-0.09942719601154307,-76.17116747437991,47.00721484431538
3twp_381,0.0,1.0,1.0,5.0,0.0,0.0,0.0,0.0,0.0,0.0,0.0,0.0,0.0,0.0,1.0,0.0,0.0,0.0,0.0,0.0,0.0,1.0,0.0,2.0,0.0,0.0,10.0,1.0,1.5891399557499999,1.1486825118017001,60.36,2.297781132613916,2.0007548608880503,0.9677740986825647,0.9671618056570405,1.7581971421477655e-16,1.6705885101031554e-16,1.260521971335729,0.9476542349507096,1.2191382816081045e-18,1.2145436799012258e-18,0.0,0.0,0.0,0.0,0.0,0.0,4.518130143715353,0.7985094861585432,0.9999952744358096,0.9999952634597271,0.0,0.0,0.0,0.0,0.0,0.0,0.0,0.0,0.0,0.0,0.0,0.0,0.0,0.0,0.0,0.0,0.0,0.0,0.0,0.0,0.0,0.0,0.0,0.0,0.0,0.0,0.0,0.0,0.0,0.0,0.0,0.0,0.0,0.0,0.0,0.0,0.0,0.0,0.0,0.0,0.0,0.0,0.9996821043728377,0.9996817156827517,3.447969307314484e-08,3.447887879545323e-08,0.0,0.0,0.0,0.0,0.0,0.0,0.0,0.0,0.0,0.0,0.0,0.0,0.0,0.0,0.0,0.0,0.0,0.0,0.0,0.0,0.0,0.0,0.0,0.0,0.0,0.0,0.0,0.0,0.0,0.0,0.0,0.0,0.0,0.0,0.0,0.0,0.0,0.0,0.0,0.0,0.0,0.0,0.0,0.0,0.23245170461136683,0.2323941933885015,2.4079222795641366e-23,2.4079222795641366e-23,0.0,0.0,0.0,0.0,0.0,0.0,0.0,0.0,0.6948144963631387,0.3822646873852245,8.844702011108095e-24,8.844702011108095e-24,0.0,0.0,0.0,0.0,0.0,0.0,0.0,0.0,0.0,0.0,0.0,0.0,0.0,0.0,0.0,0.0,-1.0965747117591211,-0.1664794456953247,-67.91216355702711,36.52600974574938
3twp_413,0.0,1.0,1.0,5.0,0.0,0.0,0.0,0.0,0.0,0.0,0.0,0.0,0.0,0.0,1.0,0.0,0.0,0.0,0.0,0.0,0.0,1.0,0.0,2.0,0.0,0.0,10.0,1.0,1.5891399557499999,1.1486825118017001,60.36,0.2651635184041855,0.26500070499415557,2.539185303401097,1.9519440826747343,0.0,0.0,0.05309662145258011,0.05308228933298842,1.8210089080084327e-20,1.8010245090273944e-20,0.0,0.0,0.0,0.0,0.0,0.0,3.547187045470543,0.7985094865306412,1.1904970841529877e-10,1.190484586502119e-10,0.0,0.0,0.0,0.0,0.0,0.0,0.0,0.0,0.0,0.0,0.0,0.0,0.0,0.0,0.0,0.0,0.0,0.0,0.0,0.0,0.0,0.0,0.0,0.0,0.0,0.0,0.0,0.0,0.0,0.0,0.0,0.0,0.0,0.0,0.0,0.0,0.0,0.0,0.0,0.0,0.0,0.0,8.868979008142973e-06,8.868978513912984e-06,0.02339866170686758,0.023398661606662048,0.0,0.0,0.0,0.0,0.0,0.0,0.0,0.0,0.0,0.0,0.0,0.0,0.0,0.0,0.0,0.0,0.0,0.0,0.0,0.0,0.0,0.0,0.0,0.0,0.0,0.0,0.0,0.0,0.0,0.0,0.0,0.0,0.0,0.0,0.0,0.0,0.0,0.0,0.0,0.0,0.0,0.0,0.0,0.0,0.050736544941445846,0.05072259314037291,1.0390996902174031e-22,1.0390996902174031e-22,0.0,0.0,0.0,0.0,0.0,0.0,0.0,0.0,1.577959426753814e-06,1.5777968466731493e-06,3.742658088690189e-22,3.727820797580711e-22,0.0,0.0,0.0,0.0,0.0,0.0,0.0,0.0,0.0,0.0,0.0,0.0,0.0,0.0,0.0,0.0,-0.5551939099649299,-0.0399683500488336,-51.22671076513385,26.205665661418358
3twp_419,0.0,1.0,1.0,5.0,0.0,0.0,0.0,0.0,0.0,0.0,0.0,0.0,0.0,0.0,1.0,0.0,0.0,0.0,0.0,0.0,0.0,1.0,0.0,2.0,0.0,0.0,10.0,1.0,1.5891399557499999,1.1486825118017001,60.36,4.811162799811369,4.807827611732994,1.5923229382123876,1.5916295826604088,2.260416405148493e-18,2.260416405148493e-18,1.0446640800940774,1.0324168113307985,2.3573751454376045e-18,2.3451190702494348e-18,0.0,0.0,0.0,0.0,0.0,0.0,2.9918635793405524,0.74401638416268,1.0347613350264226e-06,1.0344756288809002e-06,0.0,0.0,0.0,0.0,0.0,0.0,0.0,0.0,0.0,0.0,0.0,0.0,0.0,0.0,0.0,0.0,0.0,0.0,0.0,0.0,0.0,0.0,0.0,0.0,0.0,0.0,0.0,0.0,0.0,0.0,0.0,0.0,0.0,0.0,0.0,0.0,0.0,0.0,0.0,0.0,0.0,0.0,0.996956103319082,0.9969560405707273,4.657283432411268e-09,4.475611590097317e-09,9.583369758916145e-20,9.583369758916145e-20,0.0,0.0,0.0,0.0,0.0,0.0,0.0,0.0,0.0,0.0,0.0,0.0,0.0,0.0,0.0,0.0,0.0,0.0,0.0,0.0,0.0,0.0,0.0,0.0,0.0,0.0,0.0,0.0,0.0,0.0,0.0,0.0,0.0,0.0,0.0,0.0,0.0,0.0,0.0,0.0,0.0,0.0,0.06235888783709953,0.062354200077495314,4.6824776990343556e-21,4.6824776990343556e-21,0.0,0.0,0.0,0.0,0.0,0.0,0.0,0.0,1.1704238154755236e-06,1.1562945510429663e-06,2.298087510643383e-18,2.285845298969676e-18,0.0,0.0,0.0,0.0,0.0,0.0,0.0,0.0,0.0,0.0,0.0,0.0,0.0,0.0,0.0,0.0,-1.1059990458880067,-0.13304146752385193,-50.00044089498572,27.309465175890573
3twp_422,0.0,1.0,1.0,5.0,0.0,0.0,0.0,0.0,0.0,0.0,0.0,0.0,0.0,0.0,1.0,0.0,0.0,0.0,0.0,0.0,0.0,1.0,0.0,2.0,0.0,0.0,10.0,1.0,1.5891399557499999,1.1486825118017001,60.36,3.3278781388393787e-07,3.3130491457692954e-07,2.058159862708236,2.0556721602890624,2.5484054749397734e-11,2.5480610572599835e-11,0.21450175054086956,0.21444249384954775,5.211996634730652e-12,5.211993640196645e-12,0.0,0.0,0.0,0.0,0.0,0.0,5.431041255478525,0.7985094081934991,1.0000000001040619,0.9999999999987306,0.0,0.0,0.0,0.0,0.0,0.0,0.0,0.0,0.0,0.0,0.0,0.0,0.0,0.0,0.0,0.0,0.0,0.0,0.0,0.0,0.0,0.0,0.0,0.0,0.0,0.0,0.0,0.0,0.0,0.0,0.0,0.0,0.0,0.0,0.0,0.0,0.0,0.0,0.0,0.0,0.0,0.0,4.437353367807329e-10,4.4368638692690707e-10,1.995510600195142e-06,1.9955092406751804e-06,1.1618126163045198e-18,9.828974943853904e-19,0.0,0.0,0.0,0.0,0.0,0.0,0.0,0.0,0.0,0.0,0.0,0.0,0.0,0.0,0.0,0.0,0.0,0.0,0.0,0.0,0.0,0.0,0.0,0.0,0.0,0.0,0.0,0.0,0.0,0.0,0.0,0.0,0.0,0.0,0.0,0.0,0.0,0.0,0.0,0.0,0.0,0.0,0.21385057000689817,0.21385020418651082,7.050848522804372e-20,6.631038248093867e-20,0.0,0.0,0.0,0.0,0.0,0.0,0.0,0.0,0.0006326005313777568,0.0005737120971739066,5.2084969186417685e-12,5.208494687427783e-12,0.0,0.0,0.0,0.0,0.0,0.0,0.0,0.0,0.0,0.0,0.0,0.0,0.0,0.0,0.0,0.0,-0.9809972183427014,-0.15176094422342234,-91.13804832365395,72.63698510771407
3twp_440,0.0,1.0,1.0,5.0,0.0,0.0,0.0,0.0,0.0,0.0,0.0,0.0,0.0,0.0,1.0,0.0,0.0,0.0,0.0,0.0,0.0,1.0,0.0,2.0,0.0,0.0,10.0,1.0,1.5891399557499999,1.1486825118017001,60.36,5.27815035765982,5.2781492756127095,1.738879735925608,1.73883247042684,0.0,0.0,0.41379783789140245,0.4133790695027622,1.477416774888375e-21,1.4346463339855743e-21,0.0,0.0,0.0,0.0,0.0,0.0,3.047539552541391,0.7985093154516535,6.222919898062713e-11,3.5173565259814144e-11,0.0,0.0,0.0,0.0,0.0,0.0,0.0,0.0,0.0,0.0,0.0,0.0,0.0,0.0,0.0,0.0,0.0,0.0,0.0,0.0,0.0,0.0,0.0,0.0,0.0,0.0,0.0,0.0,0.0,0.0,0.0,0.0,0.0,0.0,0.0,0.0,0.0,0.0,0.0,0.0,0.0,0.0,2.570402834446335e-05,2.570402605086783e-05,0.013196869506228207,0.013173214844687932,0.0,0.0,0.0,0.0,0.0,0.0,0.0,0.0,0.0,0.0,0.0,0.0,0.0,0.0,0.0,0.0,0.0,0.0,0.0,0.0,0.0,0.0,0.0,0.0,0.0,0.0,0.0,0.0,0.0,0.0,0.0,0.0,0.0,0.0,0.0,0.0,0.0,0.0,0.0,0.0,0.0,0.0,0.0,0.0,9.338965547500454e-10,9.120739636310308e-10,0.0,0.0,0.0,0.0,0.0,0.0,0.0,0.0,0.0,0.0,0.2166663181671033,0.2166663050043598,3.0507671347805434e-24,3.0507671347805434e-24,0.0,0.0,0.0,0.0,0.0,0.0,0.0,0.0,0.0,0.0,0.0,0.0,0.0,0.0,0.0,0.0,-0.823522707046663,-0.12891176560905426,-42.96589212585572,20.37550682516906
3twp_445,0.0,1.0,1.0,5.0,0.0,0.0,0.0,0.0,0.0,0.0,0.0,0.0,0.0,0.0,1.0,0.0,0.0,0.0,0.0,0.0,0.0,1.0,0.0,2.0,0.0,0.0,10.0,1.0,1.5891399557499999,1.1486825118017001,60.36,6.0488856193390195,5.7588639659355305,2.3647003504410966,2.364397216427517,9.095897668990545e-19,9.095897668990545e-19,0.03588741940703805,0.03335560563578359,3.476947361482907e-19,3.4004169126682877e-19,0.0,0.0,0.0,0.0,0.0,0.0,2.549199406731556,0.7466296247905322,1.7039905479322328e-08,1.7039493151043603e-08,0.0,0.0,0.0,0.0,0.0,0.0,0.0,0.0,0.0,0.0,0.0,0.0,0.0,0.0,0.0,0.0,0.0,0.0,0.0,0.0,0.0,0.0,0.0,0.0,0.0,0.0,0.0,0.0,0.0,0.0,0.0,0.0,0.0,0.0,0.0,0.0,0.0,0.0,0.0,0.0,0.0,0.0,1.289835733822176,0.9998145036800259,5.4671698721726524e-08,5.418580363055981e-08,0.0,0.0,0.0,0.0,0.0,0.0,0.0,0.0,0.0,0.0,0.0,0.0,0.0,0.0,0.0,0.0,0.0,0.0,0.0,0.0,0.0,0.0,0.0,0.0,0.0,0.0,0.0,0.0,0.0,0.0,0.0,0.0,0.0,0.0,0.0,0.0,0.0,0.0,0.0,0.0,0.0,0.0,0.0,0.0,2.7607199798565572e-09,1.7544616473750251e-09,1.83388018453928e-21,1.64347940986359e-21,0.0,0.0,0.0,0.0,0.0,0.0,0.0,0.0,0.0002706252100547723,0.0002705720078352124,3.3148069965520984e-19,3.2410735707846963e-19,0.0,0.0,0.0,0.0,0.0,0.0,0.0,0.0,0.0,0.0,0.0,0.0,0.0,0.0,0.0,0.0,-0.6798424779156141,-0.10687295276092644,-47.861107563384145,25.99896322097344
3twp_454,0.0,1.0,1.0,5.0,0.0,0.0,0.0,0.0,0.0,0.0,0.0,0.0,0.0,0.0,1.0,0.0,0.0,0.0,0.0,0.0,0.0,1.0,0.0,2.0,0.0,0.0,10.0,1.0,1.5891399557499999,1.1486825118017001,60.36,0.863498343059286,0.8634945026390032,3.812854256278702,3.2446655335826184,3.325139046018284e-19,3.325139046018284e-19,0.018740141781204697,0.015880120537461212,5.2350562872855614e-20,4.743096435999208e-20,0.0,0.0,0.0,0.0,0.0,0.0,3.612839663180432,0.7970679298334579,8.64525697540419e-09,8.642578647770195e-09,0.0,0.0,0.0,0.0,0.0,0.0,0.0,0.0,0.0,0.0,0.0,0.0,0.0,0.0,0.0,0.0,0.0,0.0,0.0,0.0,0.0,0.0,0.0,0.0,0.0,0.0,0.0,0.0,0.0,0.0,0.0,0.0,0.0,0.0,0.0,0.0,0.0,0.0,0.0,0.0,0.0,0.0,0.0030404120401178116,0.0030404120343332243,0.9786024145403949,0.978602412603648,0.0,0.0,0.0,0.0,0.0,0.0,0.0,0.0,0.0,0.0,0.0,0.0,0.0,0.0,0.0,0.0,0.0,0.0,0.0,0.0,0.0,0.0,0.0,0.0,0.0,0.0,0.0,0.0,0.0,0.0,0.0,0.0,0.0,0.0,0.0,0.0,0.0,0.0,0.0,0.0,0.0,0.0,0.0,0.0,0.0012501628121021767,0.0012501628119861784,3.245933755961755e-23,1.776558288881036e-23,0.0,0.0,0.0,0.0,0.0,0.0,0.0,0.0,5.523102193878039e-06,5.522821852033457e-06,5.649065007514627e-21,5.6432607210262744e-21,0.0,0.0,0.0,0.0,0.0,0.0,0.0,0.0,0.0,0.0,0.0,0.0,0.0,0.0,0.0,0.0,-1.0257533359544564,-0.08021169888764189,-61.72691037225139,88.54385571732155
3twp_467,0.0,1.0,1.0,5.0,0.0,0.0,0.0,0.0,0.0,0.0,0.0,0.0,0.0,0.0,1.0,0.0,0.0,0.0,0.0,0.0,0.0,1.0,0.0,2.0,0.0,0.0,10.0,1.0,1.5891399557499999,1.1486825118017001,60.36,0.0006202777618116715,0.0006202709353457746,1.9217130879271733,1.9194995824938732,2.3599046545819846e-13,1.8676899535700422e-13,0.45081116624744366,0.4507300212964123,3.579469939185147e-15,3.57781457783506e-15,0.0,0.0,0.0,0.0,0.0,0.0,4.325605317985529,0.7985094865592712,0.995937297217686,0.9959372899118643,0.0,0.0,0.0,0.0,0.0,0.0,0.0,0.0,0.0,0.0,0.0,0.0,0.0,0.0,0.0,0.0,0.0,0.0,0.0,0.0,0.0,0.0,0.0,0.0,0.0,0.0,0.0,0.0,0.0,0.0,0.0,0.0,0.0,0.0,0.0,0.0,0.0,0.0,0.0,0.0,0.0,0.0,8.310163260151519e-10,8.309089394601988e-10,0.00014931456738446908,0.0001493145671296302,6.006213017101292e-19,6.006213017101292e-19,0.0,0.0,0.0,0.0,0.0,0.0,0.0,0.0,0.0,0.0,0.0,0.0,0.0,0.0,0.0,0.0,0.0,0.0,0.0,0.0,0.0,0.0,0.0,0.0,0.0,0.0,0.0,0.0,0.0,0.0,0.0,0.0,0.0,0.0,0.0,0.0,0.0,0.0,0.0,0.0,0.0,0.0,0.2269937708103763,0.2269156881745106,4.2096366583662516e-20,3.899227654430596e-20,0.0,0.0,0.0,0.0,0.0,0.0,0.0,0.0,1.174220077755243e-06,1.1442842125577065e-06,3.4717388993832272e-15,3.470345256346941e-15,0.0,0.0,0.0,0.0,0.0,0.0,0.0,0.0,0.0,0.0,0.0,0.0,0.0,0.0,0.0,0.0,-0.9675328479166411,-0.12002265319093558,-71.71799976312292,46.21953420101531
3twp_481,0.0,1.0,1.0,5.0,0.0,0.0,0.0,0.0,0.0,0.0,0.0,0.0,0.0,0.0,1.0,0.0,0.0,0.0,0.0,0.0,0.0,1.0,0.0,2.0,0.0,0.0,10.0,1.0,1.5891399557499999,1.1486825118017001,60.36,4.40654672439515,4.406546635296253,1.6411101778802362,1.6411101604280516,5.190035341104158e-19,5.190035341104158e-19,1.0322189898661867,1.0157562006961651,1.0262395201252551e-19,1.0261938323278401e-19,0.0,0.0,0.0,0.0,0.0,0.0,3.3651406049399224,0.7984877380075581,4.615607703974256e-06,4.615606450022259e-06,0.0,0.0,0.0,0.0,0.0,0.0,0.0,0.0,0.0,0.0,0.0,0.0,0.0,0.0,0.0,0.0,0.0,0.0,0.0,0.0,0.0,0.0,0.0,0.0,0.0,0.0,0.0,0.0,0.0,0.0,0.0,0.0,0.0,0.0,0.0,0.0,0.0,0.0,0.0,0.0,0.0,0.0,0.0037126229219247727,0.0037126225447295636,1.1496803970006301e-06,1.1496802801396292e-06,0.0,0.0,0.0,0.0,0.0,0.0,0.0,0.0,0.0,0.0,0.0,0.0,0.0,0.0,0.0,0.0,0.0,0.0,0.0,0.0,0.0,0.0,0.0,0.0,0.0,0.0,0.0,0.0,0.0,0.0,0.0,0.0,0.0,0.0,0.0,0.0,0.0,0.0,0.0,0.0,0.0,0.0,0.0,0.0,0.0031810081888475747,0.0028926246718927453,2.020252276237015e-23,2.020252276237015e-23,0.0,0.0,0.0,0.0,0.0,0.0,0.0,0.0,0.00019588088996717746,0.00017224863090494296,0.0,0.0,0.0,0.0,0.0,0.0,0.0,0.0,0.0,0.0,0.0,0.0,0.0,0.0,0.0,0.0,0.0,0.0,-0.6081481647399755,-0.061293467813957406,-47.536016590212604,26.13958962401494
3twp_487,0.0,1.0,1.0,5.0,0.0,0.0,0.0,0.0,0.0,0.0,0.0,0.0,0.0,0.0,1.0,0.0,0.0,0.0,0.0,0.0,0.0,1.0,0.0,2.0,0.0,0.0,10.0,1.0,1.5891399557499999,1.1486825118017001,60.36,2.8364105446574484,2.8362834221516686,4.146304541052186,2.7927319325425675,0.0,0.0,0.07894004961675073,0.07719834252776137,4.705080214103894e-21,4.4481416478575694e-21,0.0,0.0,0.0,0.0,0.0,0.0,3.242403878575184,0.7984941449591924,3.0168878328231105e-11,2.9826636860368564e-11,0.0,0.0,0.0,0.0,0.0,0.0,0.0,0.0,0.0,0.0,0.0,0.0,0.0,0.0,0.0,0.0,0.0,0.0,0.0,0.0,0.0,0.0,0.0,0.0,0.0,0.0,0.0,0.0,0.0,0.0,0.0,0.0,0.0,0.0,0.0,0.0,0.0,0.0,0.0,0.0,0.0,0.0,7.479508472270232e-12,6.807337621049764e-12,1.2370826958375334,0.8132322933622105,0.0,0.0,0.0,0.0,0.0,0.0,0.0,0.0,0.0,0.0,0.0,0.0,0.0,0.0,0.0,0.0,0.0,0.0,0.0,0.0,0.0,0.0,0.0,0.0,0.0,0.0,0.0,0.0,0.0,0.0,0.0,0.0,0.0,0.0,0.0,0.0,0.0,0.0,0.0,0.0,0.0,0.0,0.0,0.0,9.385303231079585e-10,8.879474278648859e-10,2.8113988858305124e-21,2.7939280294975367e-21,0.0,0.0,0.0,0.0,0.0,0.0,0.0,0.0,0.000604559579047254,0.0006045533305227944,4.6674654205076415e-23,4.6674654205076415e-23,0.0,0.0,0.0,0.0,0.0,0.0,0.0,0.0,0.0,0.0,0.0,0.0,0.0,0.0,0.0,0.0,-0.6796222127723448,-0.05706945657940735,-54.067053019363605,34.21301423523065
3twp_490,0.0,1.0,1.0,5.0,0.0,0.0,0.0,0.0,0.0,0.0,0.0,0.0,0.0,0.0,1.0,0.0,0.0,0.0,0.0,0.0,0.0,1.0,0.0,2.0,0.0,0.0,10.0,1.0,1.5891399557499999,1.1486825118017001,60.36,9.794747073950657e-05,9.793293652058834e-05,1.9589317379741182,1.9566699592016306,4.525963020219111e-16,4.454894898211709e-16,1.0047650783448645,1.003885081164022,1.6821118586621998e-17,1.6545200854303802e-17,0.0,0.0,0.0,0.0,0.0,0.0,4.403981520997237,0.7985094865592652,0.9945655161288534,0.9945655063278701,0.0,0.0,0.0,0.0,0.0,0.0,0.0,0.0,0.0,0.0,0.0,0.0,0.0,0.0,0.0,0.0,0.0,0.0,0.0,0.0,0.0,0.0,0.0,0.0,0.0,0.0,0.0,0.0,0.0,0.0,0.0,0.0,0.0,0.0,0.0,0.0,0.0,0.0,0.0,0.0,0.0,0.0,9.54410402720265e-06,9.544101854796963e-06,0.1249195350092144,0.12491953500917072,0.0,0.0,0.0,0.0,0.0,0.0,0.0,0.0,0.0,0.0,0.0,0.0,0.0,0.0,0.0,0.0,0.0,0.0,0.0,0.0,0.0,0.0,0.0,0.0,0.0,0.0,0.0,0.0,0.0,0.0,0.0,0.0,0.0,0.0,0.0,0.0,0.0,0.0,0.0,0.0,0.0,0.0,0.0,0.0,0.9631227700304852,0.9631227278732349,2.210811565451076e-23,2.210811565451076e-23,0.0,0.0,0.0,0.0,0.0,0.0,0.0,0.0,0.015819340413900915,0.014940474324059105,1.5117240987426307e-17,1.4847959775852182e-17,0.0,0.0,0.0,0.0,0.0,0.0,0.0,0.0,0.0,0.0,0.0,0.0,0.0,0.0,0.0,0.0,-0.6468379237240232,-0.13429258762787538,-77.28821689185594,59.22950777312712
3twp_497,0.0,1.0,1.0,5.0,0.0,0.0,0.0,0.0,0.0,0.0,0.0,0.0,0.0,0.0,1.0,0.0,0.0,0.0,0.0,0.0,0.0,1.0,0.0,2.0,0.0,0.0,10.0,1.0,1.5891399557499999,1.1486825118017001,60.36,2.8286660566603516,2.8258415644018937,0.38525377115302384,0.3852528633587974,1.2533841595769437e-16,1.2086605386321643e-16,1.6249167192828669,1.6113106657577252,3.079867403720539e-19,3.00929443137378e-19,0.0,0.0,0.0,0.0,0.0,0.0,4.3675238513116845,0.7985094865592711,0.9553424868744758,0.9553424811912348,0.0,0.0,0.0,0.0,0.0,0.0,0.0,0.0,0.0,0.0,0.0,0.0,0.0,0.0,0.0,0.0,0.0,0.0,0.0,0.0,0.0,0.0,0.0,0.0,0.0,0.0,0.0,0.0,0.0,0.0,0.0,0.0,0.0,0.0,0.0,0.0,0.0,0.0,0.0,0.0,0.0,0.0,0.8294672657867245,0.8266431694515928,8.051173773258903e-12,5.5033693049056296e-12,0.0,0.0,0.0,0.0,0.0,0.0,0.0,0.0,0.0,0.0,0.0,0.0,0.0,0.0,0.0,0.0,0.0,0.0,0.0,0.0,0.0,0.0,0.0,0.0,0.0,0.0,0.0,0.0,0.0,0.0,0.0,0.0,0.0,0.0,0.0,0.0,0.0,0.0,0.0,0.0,0.0,0.0,0.0,0.0,0.4481117054895578,0.448109677921015,6.858014242478975e-25,6.858014242478975e-25,0.0,0.0,0.0,0.0,0.0,0.0,0.0,0.0,0.21641029190724936,0.21416753538551686,2.5252362981298245e-22,2.5252362981298245e-22,0.0,0.0,0.0,0.0,0.0,0.0,0.0,0.0,0.0,0.0,0.0,0.0,0.0,0.0,0.0,0.0,-1.1745417064799821,-0.1460235220776302,-59.45645167748418,29.70777931019359
3twp_501,0.0,1.0,1.0,5.0,0.0,0.0,0.0,0.0,0.0,0.0,0.0,0.0,0.0,0.0,1.0,0.0,0.0,0.0,0.0,0.0,0.0,1.0,0.0,2.0,0.0,0.0,10.0,1.0,1.5891399557499999,1.1486825118017001,60.36,1.930311950712075,1.9302897441018714,0.9405679468270018,0.9365409958499046,4.0850879058638344e-17,3.994532637560324e-17,2.4312408273699333,2.413576231707304,2.221950885450284e-19,2.1135000089006437e-19,0.0,0.0,0.0,0.0,0.0,0.0,4.090382634418344,0.7981998868514688,1.2140102370912966e-05,1.2138999091124515e-05,0.0,0.0,0.0,0.0,0.0,0.0,0.0,0.0,0.0,0.0,0.0,0.0,0.0,0.0,0.0,0.0,0.0,0.0,0.0,0.0,0.0,0.0,0.0,0.0,0.0,0.0,0.0,0.0,0.0,0.0,0.0,0.0,0.0,0.0,0.0,0.0,0.0,0.0,0.0,0.0,0.0,0.0,0.9457682366659899,0.9457460443145368,9.343386762589124e-11,9.294246241736002e-11,0.0,0.0,0.0,0.0,0.0,0.0,0.0,0.0,0.0,0.0,0.0,0.0,0.0,0.0,0.0,0.0,0.0,0.0,0.0,0.0,0.0,0.0,0.0,0.0,0.0,0.0,0.0,0.0,0.0,0.0,0.0,0.0,0.0,0.0,0.0,0.0,0.0,0.0,0.0,0.0,0.0,0.0,0.0,0.0,0.40404892376807033,0.40404891012178534,7.738631371244236e-25,7.738631371244236e-25,0.0,0.0,0.0,0.0,0.0,0.0,0.0,0.0,1.1293893236488195,1.1117248347799107,1.9828027529744024e-19,1.8802485268733413e-19,0.0,0.0,0.0,0.0,0.0,0.0,0.0,0.0,0.0,0.0,0.0,0.0,0.0,0.0,0.0,0.0,-1.0657491943538628,-0.15505598273976998,-57.07673558156414,27.111774025229114
3twp_510,0.0,1.0,1.0,5.0,0.0,0.0,0.0,0.0,0.0,0.0,0.0,0.0,0.0,0.0,1.0,0.0,0.0,0.0,0.0,0.0,0.0,1.0,0.0,2.0,0.0,0.0,10.0,1.0,1.5891399557499999,1.1486825118017001,60.36,0.9993268207481094,0.9993263910466226,0.6248913432052015,0.6245078256906657,1.5195776275454948e-16,1.406519979529774e-16,1.4324064028575025,1.432403552350807,7.223137151764831e-18,7.13780402222307e-18,0.0,0.0,0.0,0.0,0.0,0.0,3.949569593781628,0.7985081782417587,0.00011758737834245475,0.00011758416164679381,0.0,0.0,0.0,0.0,0.0,0.0,0.0,0.0,0.0,0.0,0.0,0.0,0.0,0.0,0.0,0.0,0.0,0.0,0.0,0.0,0.0,0.0,0.0,0.0,0.0,0.0,0.0,0.0,0.0,0.0,0.0,0.0,0.0,0.0,0.0,0.0,0.0,0.0,0.0,0.0,0.0,0.0,0.9989607785896243,0.998960391051648,5.816877354057273e-08,5.816856227974232e-08,0.0,0.0,0.0,0.0,0.0,0.0,0.0,0.0,0.0,0.0,0.0,0.0,0.0,0.0,0.0,0.0,0.0,0.0,0.0,0.0,0.0,0.0,0.0,0.0,0.0,0.0,0.0,0.0,0.0,0.0,0.0,0.0,0.0,0.0,0.0,0.0,0.0,0.0,0.0,0.0,0.0,0.0,0.0,0.0,0.3186555510336191,0.3186527289569187,7.51534105151161e-24,7.51534105151161e-24,0.0,0.0,0.0,0.0,0.0,0.0,0.0,0.0,0.8219963344951402,0.8219963195116003,7.108617601654201e-18,7.027928313671509e-18,0.0,0.0,0.0,0.0,0.0,0.0,0.0,0.0,0.0,0.0,0.0,0.0,0.0,0.0,0.0,0.0,-1.3159800664853527,-0.16764009231326119,-58.28859837828731,27.108136359028123
3twp_511,0.0,1.0,1.0,5.0,0.0,0.0,0.0,0.0,0.0,0.0,0.0,0.0,0.0,0.0,1.0,0.0,0.0,0.0,0.0,0.0,0.0,1.0,0.0,2.0,0.0,0.0,10.0,1.0,1.5891399557499999,1.1486825118017001,60.36,0.9851407413800312,0.9851384931342678,1.5054241283285,1.3946933179170289,1.16348435381581e-16,9.581487281882544e-17,1.5077794851039312,1.5077794604117032,2.671753524750429e-18,2.6656080533476145e-18,0.0,0.0,0.0,0.0,0.0,0.0,3.6481299577591173,0.7603007893162577,2.586441632762146e-07,2.585626640900271e-07,0.0,0.0,0.0,0.0,0.0,0.0,0.0,0.0,0.0,0.0,0.0,0.0,0.0,0.0,0.0,0.0,0.0,0.0,0.0,0.0,0.0,0.0,0.0,0.0,0.0,0.0,0.0,0.0,0.0,0.0,0.0,0.0,0.0,0.0,0.0,0.0,0.0,0.0,0.0,0.0,0.0,0.0,0.9851392802723526,0.9851370503065814,2.3419947751179754e-10,2.2985018117650275e-10,0.0,0.0,0.0,0.0,0.0,0.0,0.0,0.0,0.0,0.0,0.0,0.0,0.0,0.0,0.0,0.0,0.0,0.0,0.0,0.0,0.0,0.0,0.0,0.0,0.0,0.0,0.0,0.0,0.0,0.0,0.0,0.0,0.0,0.0,0.0,0.0,0.0,0.0,0.0,0.0,0.0,0.0,0.0,0.0,0.9335463411726058,0.9335463256411711,9.853705511010171e-24,9.853705511010171e-24,0.0,0.0,0.0,0.0,0.0,0.0,0.0,0.0,0.5742315430773525,0.5742315412344415,2.607494823969772e-18,2.6022468062338435e-18,0.0,0.0,0.0,0.0,0.0,0.0,0.0,0.0,0.0,0.0,0.0,0.0,0.0,0.0,0.0,0.0,-0.923755931198097,-0.12570282933916915,-58.83394465580756,29.159044980813814
3twp_532,0.0,1.0,1.0,5.0,0.0,0.0,0.0,0.0,0.0,0.0,0.0,0.0,0.0,0.0,1.0,0.0,0.0,0.0,0.0,0.0,0.0,1.0,0.0,2.0,0.0,0.0,10.0,1.0,1.5891399557499999,1.1486825118017001,60.36,0.8974023936932052,0.8973643959322404,1.570668537655574,0.8348564981198798,1.1393284683923427e-16,1.1347242809321798e-16,0.8649779418673177,0.8649776088425156,3.124842280736924e-20,3.022606737687494e-20,0.0,0.0,0.0,0.0,0.0,0.0,2.616862299376858,0.6428721591496352,1.7124725796995976e-10,1.7115841128956677e-10,0.0,0.0,0.0,0.0,0.0,0.0,0.0,0.0,0.0,0.0,0.0,0.0,0.0,0.0,0.0,0.0,0.0,0.0,0.0,0.0,0.0,0.0,0.0,0.0,0.0,0.0,0.0,0.0,0.0,0.0,0.0,0.0,0.0,0.0,0.0,0.0,0.0,0.0,0.0,0.0,0.0,0.0,8.839224698749048e-14,8.569146632113499e-14,1.5624256115204185,0.8268853242291299,2.8263117199617176e-17,2.8257676331447536e-17,0.0,0.0,0.0,0.0,0.0,0.0,0.0,0.0,0.0,0.0,0.0,0.0,0.0,0.0,0.0,0.0,0.0,0.0,0.0,0.0,0.0,0.0,0.0,0.0,0.0,0.0,0.0,0.0,0.0,0.0,0.0,0.0,0.0,0.0,0.0,0.0,0.0,0.0,0.0,0.0,0.0,0.0,2.0498924288936763e-10,1.7838760123784066e-10,5.601851377885829e-23,4.9445420816819894e-23,0.0,0.0,0.0,0.0,0.0,0.0,0.0,0.0,0.8649771944152619,0.8649770397499993,3.104320466413545e-20,3.0028587269881596e-20,0.0,0.0,0.0,0.0,0.0,0.0,0.0,0.0,0.0,0.0,0.0,0.0,0.0,0.0,0.0,0.0,-1.1678402591453256,-0.15061573633409397,-44.798823515683914,21.295054120769127
3twp_533,0.0,1.0,1.0,5.0,0.0,0.0,0.0,0.0,0.0,0.0,0.0,0.0,0.0,0.0,1.0,0.0,0.0,0.0,0.0,0.0,0.0,1.0,0.0,2.0,0.0,0.0,10.0,1.0,1.5891399557499999,1.1486825118017001,60.36,3.0447027127429305,3.044696969251894,3.743975715973627e-05,3.740404559508778e-05,1.517091966441368e-16,1.370697078129155e-16,1.1700660073327556,1.1518340373385716,1.9047161335998395e-17,1.832196532259718e-17,0.0,0.0,0.0,0.0,0.0,0.0,4.027532318020403,0.7985094865592712,0.9965389425925069,0.9965389425923119,0.0,0.0,0.0,0.0,0.0,0.0,0.0,0.0,0.0,0.0,0.0,0.0,0.0,0.0,0.0,0.0,0.0,0.0,0.0,0.0,0.0,0.0,0.0,0.0,0.0,0.0,0.0,0.0,0.0,0.0,0.0,0.0,0.0,0.0,0.0,0.0,0.0,0.0,0.0,0.0,0.0,0.0,0.9999411742902309,0.9999411667613227,1.8253518441021134e-05,1.8253518354252228e-05,0.0,0.0,0.0,0.0,0.0,0.0,0.0,0.0,0.0,0.0,0.0,0.0,0.0,0.0,0.0,0.0,0.0,0.0,0.0,0.0,0.0,0.0,0.0,0.0,0.0,0.0,0.0,0.0,0.0,0.0,0.0,0.0,0.0,0.0,0.0,0.0,0.0,0.0,0.0,0.0,0.0,0.0,0.0,0.0,0.1332117043734681,0.1152210079796112,1.2399827250507489e-23,1.2399827250507489e-23,0.0,0.0,0.0,0.0,0.0,0.0,0.0,0.0,0.026175947622201552,0.026175947476531406,8.568438526932852e-18,8.547012549953706e-18,0.0,0.0,0.0,0.0,0.0,0.0,0.0,0.0,0.0,0.0,0.0,0.0,0.0,0.0,0.0,0.0,-1.3302729227350496,-0.14313541810756536,-55.66470195368827,30.557295704791837
3twp_536,0.0,1.0,1.0,5.0,0.0,0.0,0.0,0.0,0.0,0.0,0.0,0.0,0.0,0.0,1.0,0.0,0.0,0.0,0.0,0.0,0.0,1.0,0.0,2.0,0.0,0.0,10.0,1.0,1.5891399557499999,1.1486825118017001,60.36,0.9624526997257048,0.962450944862096,3.8840830373608353,2.884927861307399,1.5228789947140679e-15,1.521560000088052e-15,1.6598617353814475,1.6598612478586796,1.595315888144143e-19,1.5764886983779112e-19,0.0,0.0,0.0,0.0,0.0,0.0,4.599846098565099,0.7345589342097597,0.002044177143209477,0.002044177092702725,0.0,0.0,0.0,0.0,0.0,0.0,0.0,0.0,0.0,0.0,0.0,0.0,0.0,0.0,0.0,0.0,0.0,0.0,0.0,0.0,0.0,0.0,0.0,0.0,0.0,0.0,0.0,0.0,0.0,0.0,0.0,0.0,0.0,0.0,0.0,0.0,0.0,0.0,0.0,0.0,0.0,0.0,2.7505547266150447e-08,2.1063900933170448e-08,6.533187682007417e-11,5.3810705983647906e-11,0.0,0.0,0.0,0.0,0.0,0.0,0.0,0.0,0.0,0.0,0.0,0.0,0.0,0.0,0.0,0.0,0.0,0.0,0.0,0.0,0.0,0.0,0.0,0.0,0.0,0.0,0.0,0.0,0.0,0.0,0.0,0.0,0.0,0.0,0.0,0.0,0.0,0.0,0.0,0.0,0.0,0.0,0.0,0.0,1.1199297715267164e-08,7.48878280539839e-09,4.043241095199989e-25,4.043241095199989e-25,0.0,0.0,0.0,0.0,0.0,0.0,0.0,0.0,1.6598594245846097,1.659859413184051,1.683329912838573e-20,1.566582048679282e-20,0.0,0.0,0.0,0.0,0.0,0.0,0.0,0.0,0.0,0.0,0.0,0.0,0.0,0.0,0.0,0.0,-1.0899761036312876,-0.17159037861753892,-79.29437853161306,67.48963675658689
3twp_540,0.0,1.0,1.0,5.0,0.0,0.0,0.0,0.0,0.0,0.0,0.0,0.0,0.0,0.0,1.0,0.0,0.0,0.0,0.0,0.0,0.0,1.0,0.0,2.0,0.0,0.0,10.0,1.0,1.5891399557499999,1.1486825118017001,60.36,4.459428240751276,4.459427119854194,2.7669222615109,2.766922261324309,0.0,0.0,0.885992943441992,0.8377517815171653,3.071610570726448e-23,3.071610570726448e-23,0.0,0.0,0.0,0.0,0.0,0.0,2.6674935417719126,0.5395887310012664,4.449657641760821e-07,4.449657641760821e-07,0.0,0.0,0.0,0.0,0.0,0.0,0.0,0.0,0.0,0.0,0.0,0.0,0.0,0.0,0.0,0.0,0.0,0.0,0.0,0.0,0.0,0.0,0.0,0.0,0.0,0.0,0.0,0.0,0.0,0.0,0.0,0.0,0.0,0.0,0.0,0.0,0.0,0.0,0.0,0.0,0.0,0.0,2.570002925088927e-11,2.0602743606289548e-11,0.9872746216766072,0.987274621676369,0.0,0.0,0.0,0.0,0.0,0.0,0.0,0.0,0.0,0.0,0.0,0.0,0.0,0.0,0.0,0.0,0.0,0.0,0.0,0.0,0.0,0.0,0.0,0.0,0.0,0.0,0.0,0.0,0.0,0.0,0.0,0.0,0.0,0.0,0.0,0.0,0.0,0.0,0.0,0.0,0.0,0.0,0.0,0.0,5.548574015506163e-07,5.403948665001797e-07,0.0,0.0,0.0,0.0,0.0,0.0,0.0,0.0,0.0,0.0,0.7610637036207485,0.7128267499036776,2.878916124619275e-23,2.878916124619275e-23,0.0,0.0,0.0,0.0,0.0,0.0,0.0,0.0,0.0,0.0,0.0,0.0,0.0,0.0,0.0,0.0,-1.119196473314827,-0.14092435093578257,-46.883685221208665,43.27438936329618
3twp_547,0.0,1.0,1.0,5.0,0.0,0.0,0.0,0.0,0.0,0.0,0.0,0.0,0.0,0.0,1.0,0.0,0.0,0.0,0.0,0.0,0.0,1.0,0.0,2.0,0.0,0.0,10.0,1.0,1.5891399557499999,1.1486825118017001,60.36,2.7512761825955736,2.74716588694198,0.2564347731571865,0.2564316950493111,1.492725734494758e-15,1.4650558553417907e-15,2.0785701645052437,2.0069785019087436,1.9702309746054e-16,1.9618871741986758e-16,0.0,0.0,0.0,0.0,0.0,0.0,4.75940106178529,0.7985094864022134,0.2253183460320004,0.22531833848930902,0.0,0.0,0.0,0.0,0.0,0.0,0.0,0.0,0.0,0.0,0.0,0.0,0.0,0.0,0.0,0.0,0.0,0.0,0.0,0.0,0.0,0.0,0.0,0.0,0.0,0.0,0.0,0.0,0.0,0.0,0.0,0.0,0.0,0.0,0.0,0.0,0.0,0.0,0.0,0.0,0.0,0.0,5.700978630177218e-07,5.69066716341162e-07,8.708367539933958e-09,8.70566810905832e-09,9.259658291637198e-19,9.259658291637198e-19,0.0,0.0,0.0,0.0,0.0,0.0,0.0,0.0,0.0,0.0,0.0,0.0,0.0,0.0,0.0,0.0,0.0,0.0,0.0,0.0,0.0,0.0,0.0,0.0,0.0,0.0,0.0,0.0,0.0,0.0,0.0,0.0,0.0,0.0,0.0,0.0,0.0,0.0,0.0,0.0,0.0,0.0,0.01164731206015705,0.008450872942845999,6.896228272366606e-20,5.3151355035959616e-20,0.0,0.0,0.0,0.0,0.0,0.0,0.0,0.0,0.3787673503353363,0.3777006331049891,3.864871071042423e-22,3.864871071042423e-22,0.0,0.0,0.0,0.0,0.0,0.0,0.0,0.0,0.0,0.0,0.0,0.0,0.0,0.0,0.0,0.0,-1.0970110251220235,-0.16533682947572775,-65.8802732104067,42.95959135356163
3twp_560,0.0,1.0,1.0,5.0,0.0,0.0,0.0,0.0,0.0,0.0,0.0,0.0,0.0,0.0,1.0,0.0,0.0,0.0,0.0,0.0,0.0,1.0,0.0,2.0,0.0,0.0,10.0,1.0,1.5891399557499999,1.1486825118017001,60.36,0.9043431876518732,0.90434311357713,0.01879707880785688,0.018700609112953383,9.528335052539786e-15,9.23498901868422e-15,1.7489146407696448,1.7373403667243055,5.205780607184839e-16,5.194618585110232e-16,0.0,0.0,0.0,0.0,0.0,0.0,5.178195997731269,0.7985094865592699,0.9116013401449404,0.9116013389734795,0.0,0.0,0.0,0.0,0.0,0.0,0.0,0.0,0.0,0.0,0.0,0.0,0.0,0.0,0.0,0.0,0.0,0.0,0.0,0.0,0.0,0.0,0.0,0.0,0.0,0.0,0.0,0.0,0.0,0.0,0.0,0.0,0.0,0.0,0.0,0.0,0.0,0.0,0.0,0.0,0.0,0.0,0.90434290282424,0.904342902004619,5.194821120458319e-06,5.194820941225209e-06,0.0,0.0,0.0,0.0,0.0,0.0,0.0,0.0,0.0,0.0,0.0,0.0,0.0,0.0,0.0,0.0,0.0,0.0,0.0,0.0,0.0,0.0,0.0,0.0,0.0,0.0,0.0,0.0,0.0,0.0,0.0,0.0,0.0,0.0,0.0,0.0,0.0,0.0,0.0,0.0,0.0,0.0,0.0,0.0,0.953078923573303,0.9431551625026413,6.022315624271614e-23,6.022315624271614e-23,0.0,0.0,0.0,0.0,0.0,0.0,0.0,0.0,1.3336987720232537e-07,1.1168749414942462e-07,1.629757949888967e-22,1.6264318111858524e-22,0.0,0.0,0.0,0.0,0.0,0.0,0.0,0.0,0.0,0.0,0.0,0.0,0.0,0.0,0.0,0.0,-1.1278198059265956,-0.13300200867452136,-71.67488445439032,50.09962560506194
3twp_567,0.0,1.0,1.0,5.0,0.0,0.0,0.0,0.0,0.0,0.0,0.0,0.0,0.0,0.0,1.0,0.0,0.0,0.0,0.0,0.0,0.0,1.0,0.0,2.0,0.0,0.0,10.0,1.0,1.5891399557499999,1.1486825118017001,60.36,0.020336401762218015,0.02033585590603176,2.1733443402383124,2.018404119441711,2.477511443316478e-16,2.2621023521551053e-16,0.0835821536551893,0.08358213713203398,4.0938457440744006e-18,4.087311284291374e-18,0.0,0.0,0.0,0.0,0.0,0.0,4.589000005981335,0.7984768181763411,0.9999941738806587,0.9999941529231484,0.0,0.0,0.0,0.0,0.0,0.0,0.0,0.0,0.0,0.0,0.0,0.0,0.0,0.0,0.0,0.0,0.0,0.0,0.0,0.0,0.0,0.0,0.0,0.0,0.0,0.0,0.0,0.0,0.0,0.0,0.0,0.0,0.0,0.0,0.0,0.0,0.0,0.0,0.0,0.0,0.0,0.0,0.020336378109578706,0.02033583228257092,2.469830990989269e-11,1.694132203026057e-11,0.0,0.0,0.0,0.0,0.0,0.0,0.0,0.0,0.0,0.0,0.0,0.0,0.0,0.0,0.0,0.0,0.0,0.0,0.0,0.0,0.0,0.0,0.0,0.0,0.0,0.0,0.0,0.0,0.0,0.0,0.0,0.0,0.0,0.0,0.0,0.0,0.0,0.0,0.0,0.0,0.0,0.0,0.0,0.0,0.015996695342770352,0.01599668451121386,4.875511638141767e-24,4.875511638141767e-24,0.0,0.0,0.0,0.0,0.0,0.0,0.0,0.0,5.306767696966889e-10,5.210330378332466e-10,9.833585708124367e-24,6.769999830599909e-24,0.0,0.0,0.0,0.0,0.0,0.0,0.0,0.0,0.0,0.0,0.0,0.0,0.0,0.0,0.0,0.0,-1.1393991319764212,-0.1196332445953774,-77.48915474797799,54.86117422446615
3twp_569,0.0,1.0,1.0,5.0,0.0,0.0,0.0,0.0,0.0,0.0,0.0,0.0,0.0,0.0,1.0,0.0,0.0,0.0,0.0,0.0,0.0,1.0,0.0,2.0,0.0,0.0,10.0,1.0,1.5891399557499999,1.1486825118017001,60.36,3.058942718069436,3.0589287160261454,0.3386709493124073,0.33867094925290564,0.0,0.0,1.1378841711792187,1.127947463119637,3.4672296907656106e-22,3.4672296907656106e-22,0.0,0.0,0.0,0.0,0.0,0.0,2.4900540609979713,0.590993010535109,2.141810013084511e-06,2.141809964120957e-06,0.0,0.0,0.0,0.0,0.0,0.0,0.0,0.0,0.0,0.0,0.0,0.0,0.0,0.0,0.0,0.0,0.0,0.0,0.0,0.0,0.0,0.0,0.0,0.0,0.0,0.0,0.0,0.0,0.0,0.0,0.0,0.0,0.0,0.0,0.0,0.0,0.0,0.0,0.0,0.0,0.0,0.0,0.00040371145461763625,0.0003916060259657808,4.275883868652016e-11,4.251853086492687e-11,0.0,0.0,0.0,0.0,0.0,0.0,0.0,0.0,0.0,0.0,0.0,0.0,0.0,0.0,0.0,0.0,0.0,0.0,0.0,0.0,0.0,0.0,0.0,0.0,0.0,0.0,0.0,0.0,0.0,0.0,0.0,0.0,0.0,0.0,0.0,0.0,0.0,0.0,0.0,0.0,0.0,0.0,0.0,0.0,0.00010507076921537828,0.00010452443420058707,6.529019837169296e-25,6.529019837169296e-25,0.0,0.0,0.0,0.0,0.0,0.0,0.0,0.0,0.8164040523040845,0.8164023529276705,3.066957874085211e-22,3.066957874085211e-22,0.0,0.0,0.0,0.0,0.0,0.0,0.0,0.0,0.0,0.0,0.0,0.0,0.0,0.0,0.0,0.0,-1.257773069384431,-0.16521250911411225,-29.8544603594361,10.197036643697967
3twp_57,0.0,1.0,1.0,5.0,0.0,0.0,0.0,0.0,0.0,0.0,0.0,0.0,0.0,0.0,1.0,0.0,0.0,0.0,0.0,0.0,0.0,1.0,0.0,2.0,0.0,0.0,10.0,1.0,1.5891399557499999,1.1486825118017001,60.36,2.9172262033626164,2.917225828947568,0.012578296157051505,0.01257388452695399,3.7301148462356394e-10,3.730111560106384e-10,0.020289341823391684,0.02006711724330601,2.1681513625785022e-08,2.168151300664761e-08,0.0,0.0,0.0,0.0,0.0,0.0,5.684915280394482,0.7985094865590473,0.4793249024711626,0.47932490245896303,0.0,0.0,0.0,0.0,0.0,0.0,0.0,0.0,0.0,0.0,0.0,0.0,0.0,0.0,0.0,0.0,0.0,0.0,0.0,0.0,0.0,0.0,0.0,0.0,0.0,0.0,0.0,0.0,0.0,0.0,0.0,0.0,0.0,0.0,0.0,0.0,0.0,0.0,0.0,0.0,0.0,0.0,1.0017924237012324e-09,9.747722056080366e-10,2.4295197314191125e-10,2.1440999603268848e-10,4.785427661561107e-17,4.744715500840934e-17,0.0,0.0,0.0,0.0,0.0,0.0,0.0,0.0,0.0,0.0,0.0,0.0,0.0,0.0,0.0,0.0,0.0,0.0,0.0,0.0,0.0,0.0,0.0,0.0,0.0,0.0,0.0,0.0,0.0,0.0,0.0,0.0,0.0,0.0,0.0,0.0,0.0,0.0,0.0,0.0,0.0,0.0,0.016655536007815417,0.01654413929827798,2.052540623824903e-18,1.306475810072824e-18,0.0,0.0,0.0,0.0,0.0,0.0,0.0,0.0,0.003510517906218923,0.0034075294474135366,1.4310051145507254e-15,1.2103199549304366e-15,0.0,0.0,0.0,0.0,0.0,0.0,0.0,0.0,0.0,0.0,0.0,0.0,0.0,0.0,0.0,0.0,-0.8008268916262208,-0.12548907018621125,-70.00203956546984,39.87340630541224
3twp_574,0.0,1.0,1.0,5.0,0.0,0.0,0.0,0.0,0.0,0.0,0.0,0.0,0.0,0.0,1.0,0.0,0.0,0.0,0.0,0.0,0.0,1.0,0.0,2.0,0.0,0.0,10.0,1.0,1.5891399557499999,1.1486825118017001,60.36,1.9116957564484207,1.9099330282864233,1.7727278251688885,1.76938965300695,3.5088032811652942e-15,3.4156351743230316e-15,1.268401423424049,1.2683795467988108,4.423261565992216e-18,4.379333919623379e-18,0.0,0.0,0.0,0.0,0.0,0.0,3.0810141492130327,0.798509486558864,2.6880725733930916e-06,2.686614864191215e-06,0.0,0.0,0.0,0.0,0.0,0.0,0.0,0.0,0.0,0.0,0.0,0.0,0.0,0.0,0.0,0.0,0.0,0.0,0.0,0.0,0.0,0.0,0.0,0.0,0.0,0.0,0.0,0.0,0.0,0.0,0.0,0.0,0.0,0.0,0.0,0.0,0.0,0.0,0.0,0.0,0.0,0.0,1.6290874405981097e-09,1.6290015490666294e-09,2.700197406588315e-07,2.700163773282686e-07,8.683103117052961e-19,6.2897176399614e-19,0.0,0.0,0.0,0.0,0.0,0.0,0.0,0.0,0.0,0.0,0.0,0.0,0.0,0.0,0.0,0.0,0.0,0.0,0.0,0.0,0.0,0.0,0.0,0.0,0.0,0.0,0.0,0.0,0.0,0.0,0.0,0.0,0.0,0.0,0.0,0.0,0.0,0.0,0.0,0.0,0.0,0.0,0.38102009584973645,0.3810200937164064,4.6191149740178346e-20,4.346100298019629e-20,0.0,0.0,0.0,0.0,0.0,0.0,0.0,0.0,1.3997966296837356e-08,9.675446395907768e-09,4.246453897045846e-18,4.207149856789917e-18,0.0,0.0,0.0,0.0,0.0,0.0,0.0,0.0,0.0,0.0,0.0,0.0,0.0,0.0,0.0,0.0,-0.9868807151118579,-0.09901520541673643,-56.23727860047121,28.68122987909324
3twp_575,0.0,1.0,1.0,5.0,0.0,0.0,0.0,0.0,0.0,0.0,0.0,0.0,0.0,0.0,1.0,0.0,0.0,0.0,0.0,0.0,0.0,1.0,0.0,2.0,0.0,0.0,10.0,1.0,1.5891399557499999,1.1486825118017001,60.36,0.006701568442315097,0.0065868888509770926,1.0190201043458307,1.015133305927497,4.147673843039013e-15,4.084288133077753e-15,0.44022412655519105,0.4402144305194044,3.893913721938716e-18,3.8675334322911505e-18,0.0,0.0,0.0,0.0,0.0,0.0,3.3881027770561047,0.7985094750171554,2.9239841742078994e-06,2.92397536192621e-06,0.0,0.0,0.0,0.0,0.0,0.0,0.0,0.0,0.0,0.0,0.0,0.0,0.0,0.0,0.0,0.0,0.0,0.0,0.0,0.0,0.0,0.0,0.0,0.0,0.0,0.0,0.0,0.0,0.0,0.0,0.0,0.0,0.0,0.0,0.0,0.0,0.0,0.0,0.0,0.0,0.0,0.0,2.0106224895794558e-14,1.3118420728010711e-14,1.0018679463866227,0.9979888988509052,3.8298031474760595e-15,3.828734668062746e-15,0.0,0.0,0.0,0.0,0.0,0.0,0.0,0.0,0.0,0.0,0.0,0.0,0.0,0.0,0.0,0.0,0.0,0.0,0.0,0.0,0.0,0.0,0.0,0.0,0.0,0.0,0.0,0.0,0.0,0.0,0.0,0.0,0.0,0.0,0.0,0.0,0.0,0.0,0.0,0.0,0.0,0.0,2.394700502814865e-08,1.8813952804586714e-08,7.780832676619368e-20,7.71567588774649e-20,0.0,0.0,0.0,0.0,0.0,0.0,0.0,0.0,0.434346833219313,0.4343468320506897,3.711191808140119e-18,3.688628262485727e-18,0.0,0.0,0.0,0.0,0.0,0.0,0.0,0.0,0.0,0.0,0.0,0.0,0.0,0.0,0.0,0.0,-0.9960526478468587,-0.15226703588123397,-63.025212672087186,39.0907842010963
3twp_576,0.0,1.0,1.0,5.0,0.0,0.0,0.0,0.0,0.0,0.0,0.0,0.0,0.0,0.0,1.0,0.0,0.0,0.0,0.0,0.0,0.0,1.0,0.0,2.0,0.0,0.0,10.0,1.0,1.5891399557499999,1.1486825118017001,60.36,3.4293548637844156,3.429339218326134,3.444028262946277,3.4440131358783805,1.428917509395822e-20,1.428917509395822e-20,1.7247322094241677,1.7181595065060065,9.734555963018657e-23,9.734555963018657e-23,0.0,0.0,0.0,0.0,0.0,0.0,3.269723367203357,0.5905620509702607,4.623410212659799e-06,4.6234101808012065e-06,0.0,0.0,0.0,0.0,0.0,0.0,0.0,0.0,0.0,0.0,0.0,0.0,0.0,0.0,0.0,0.0,0.0,0.0,0.0,0.0,0.0,0.0,0.0,0.0,0.0,0.0,0.0,0.0,0.0,0.0,0.0,0.0,0.0,0.0,0.0,0.0,0.0,0.0,0.0,0.0,0.0,0.0,0.9884765798,0.9884733679369259,3.7075252300396372e-09,2.2607776483036186e-09,0.0,0.0,0.0,0.0,0.0,0.0,0.0,0.0,0.0,0.0,0.0,0.0,0.0,0.0,0.0,0.0,0.0,0.0,0.0,0.0,0.0,0.0,0.0,0.0,0.0,0.0,0.0,0.0,0.0,0.0,0.0,0.0,0.0,0.0,0.0,0.0,0.0,0.0,0.0,0.0,0.0,0.0,0.0,0.0,0.010339118843923233,0.0054529871879610186,2.902469567194515e-23,2.902469567194515e-23,0.0,0.0,0.0,0.0,0.0,0.0,0.0,0.0,1.7075651771419031,1.7075651203063507,6.11606519350143e-23,6.11606519350143e-23,0.0,0.0,0.0,0.0,0.0,0.0,0.0,0.0,0.0,0.0,0.0,0.0,0.0,0.0,0.0,0.0,-0.8208134739615995,-0.12814930347973896,-48.622425570010435,31.346839360426625
3twp_578,0.0,1.0,1.0,5.0,0.0,0.0,0.0,0.0,0.0,0.0,0.0,0.0,0.0,0.0,1.0,0.0,0.0,0.0,0.0,0.0,0.0,1.0,0.0,2.0,0.0,0.0,10.0,1.0,1.5891399557499999,1.1486825118017001,60.36,1.0195192871168322,1.0195173588878776,0.15828189993251512,0.1582722528575563,3.67849838533655e-16,3.642928526521137e-16,1.3416640435927427,1.341598418963049,1.7372004246944824e-16,1.71158849576937e-16,0.0,0.0,0.0,0.0,0.0,0.0,4.304559258069249,0.7985094865592711,0.9999999779896812,0.9999999778854987,0.0,0.0,0.0,0.0,0.0,0.0,0.0,0.0,0.0,0.0,0.0,0.0,0.0,0.0,0.0,0.0,0.0,0.0,0.0,0.0,0.0,0.0,0.0,0.0,0.0,0.0,0.0,0.0,0.0,0.0,0.0,0.0,0.0,0.0,0.0,0.0,0.0,0.0,0.0,0.0,0.0,0.0,0.9458629283157647,0.9458629282346223,0.15806932618652858,0.1580693261861053,0.0,0.0,0.0,0.0,0.0,0.0,0.0,0.0,0.0,0.0,0.0,0.0,0.0,0.0,0.0,0.0,0.0,0.0,0.0,0.0,0.0,0.0,0.0,0.0,0.0,0.0,0.0,0.0,0.0,0.0,0.0,0.0,0.0,0.0,0.0,0.0,0.0,0.0,0.0,0.0,0.0,0.0,0.0,0.0,0.48712425640092766,0.48705882229877806,1.0689466408769333e-23,1.0689466408769333e-23,0.0,0.0,0.0,0.0,0.0,0.0,0.0,0.0,0.040314945628860226,0.04031494265553492,8.170735334565867e-20,8.100296351524085e-20,0.0,0.0,0.0,0.0,0.0,0.0,0.0,0.0,0.0,0.0,0.0,0.0,0.0,0.0,0.0,0.0,-1.41292384659457,-0.16160860502660956,-60.59051449614106,42.8871398659904
3twp_596,0.0,1.0,1.0,5.0,0.0,0.0,0.0,0.0,0.0,0.0,0.0,0.0,0.0,0.0,1.0,0.0,0.0,0.0,0.0,0.0,0.0,1.0,0.0,2.0,0.0,0.0,10.0,1.0,1.5891399557499999,1.1486825118017001,60.36,0.9267576930533741,0.9267576902809387,4.754191478225412,4.417200020787795,0.0,0.0,0.0047335682384145395,0.00473349385008429,9.443415633867488e-22,7.8540417454200035e-22,0.0,0.0,0.0,0.0,0.0,0.0,2.6486998916016167,0.5909182416579901,4.373018012151758e-08,4.373018012151758e-08,0.0,0.0,0.0,0.0,0.0,0.0,0.0,0.0,0.0,0.0,0.0,0.0,0.0,0.0,0.0,0.0,0.0,0.0,0.0,0.0,0.0,0.0,0.0,0.0,0.0,0.0,0.0,0.0,0.0,0.0,0.0,0.0,0.0,0.0,0.0,0.0,0.0,0.0,0.0,0.0,0.0,0.0,0.005213859949950492,0.0052138598052473735,0.9798688666444764,0.9798688655933706,0.0,0.0,0.0,0.0,0.0,0.0,0.0,0.0,0.0,0.0,0.0,0.0,0.0,0.0,0.0,0.0,0.0,0.0,0.0,0.0,0.0,0.0,0.0,0.0,0.0,0.0,0.0,0.0,0.0,0.0,0.0,0.0,0.0,0.0,0.0,0.0,0.0,0.0,0.0,0.0,0.0,0.0,0.0,0.0,0.003008454379190205,0.0030084543791676194,1.7518557614425334e-23,1.1337993333874649e-23,0.0,0.0,0.0,0.0,0.0,0.0,0.0,0.0,3.2086221167025894e-05,3.2033199128311635e-05,8.726636856258523e-22,7.444054743726711e-22,0.0,0.0,0.0,0.0,0.0,0.0,0.0,0.0,0.0,0.0,0.0,0.0,0.0,0.0,0.0,0.0,-0.8015013002645749,-0.10165258677837631,-37.82457769752547,15.895142383096411
3twp_599,0.0,1.0,1.0,5.0,0.0,0.0,0.0,0.0,0.0,0.0,0.0,0.0,0.0,0.0,1.0,0.0,0.0,0.0,0.0,0.0,0.0,1.0,0.0,2.0,0.0,0.0,10.0,1.0,1.5891399557499999,1.1486825118017001,60.36,1.724109573881927,0.9759261599423698,0.5028326652265813,0.4764553511796552,3.0552229438483023e-18,3.045897133707721e-18,0.9962475831616864,0.9715204707154748,6.625000121277923e-23,6.470919452433661e-23,0.0,0.0,0.0,0.0,0.0,0.0,2.1622921928083616,0.5909378328079469,5.414152667072644e-10,5.413772785025431e-10,0.0,0.0,0.0,0.0,0.0,0.0,0.0,0.0,0.0,0.0,0.0,0.0,0.0,0.0,0.0,0.0,0.0,0.0,0.0,0.0,0.0,0.0,0.0,0.0,0.0,0.0,0.0,0.0,0.0,0.0,0.0,0.0,0.0,0.0,0.0,0.0,0.0,0.0,0.0,0.0,0.0,0.0,6.383924583257952e-13,6.284922070561872e-13,0.5028207799322242,0.47644377289143364,1.5968918364934097e-18,1.5968918364934097e-18,0.0,0.0,0.0,0.0,0.0,0.0,0.0,0.0,0.0,0.0,0.0,0.0,0.0,0.0,0.0,0.0,0.0,0.0,0.0,0.0,0.0,0.0,0.0,0.0,0.0,0.0,0.0,0.0,0.0,0.0,0.0,0.0,0.0,0.0,0.0,0.0,0.0,0.0,0.0,0.0,0.0,0.0,1.2314045276292743e-12,1.1672004270406876e-12,1.0565704558583889e-23,9.348551886791086e-24,0.0,0.0,0.0,0.0,0.0,0.0,0.0,0.0,0.99623971424245,0.9715127071056061,4.881686955333449e-23,4.849321553668467e-23,0.0,0.0,0.0,0.0,0.0,0.0,0.0,0.0,0.0,0.0,0.0,0.0,0.0,0.0,0.0,0.0,-1.3888022030860092,-0.18246658351950099,-30.582153690529537,10.181397441690569
3twp_600,0.0,1.0,1.0,5.0,0.0,0.0,0.0,0.0,0.0,0.0,0.0,0.0,0.0,0.0,1.0,0.0,0.0,0.0,0.0,0.0,0.0,1.0,0.0,2.0,0.0,0.0,10.0,1.0,1.5891399557499999,1.1486825118017001,60.36,7.907296119202814,6.96890421897005,0.714543182812242,0.6866207429600593,2.367248672816596e-20,2.367248672816596e-20,1.1924763798193534,1.1821289621923925,5.043031410605742e-21,5.027579506228226e-21,0.0,0.0,0.0,0.0,0.0,0.0,2.9626154702569196,0.7908569892358759,7.052240213805917e-10,6.872069980136662e-10,0.0,0.0,0.0,0.0,0.0,0.0,0.0,0.0,0.0,0.0,0.0,0.0,0.0,0.0,0.0,0.0,0.0,0.0,0.0,0.0,0.0,0.0,0.0,0.0,0.0,0.0,0.0,0.0,0.0,0.0,0.0,0.0,0.0,0.0,0.0,0.0,0.0,0.0,0.0,0.0,0.0,0.0,0.9689391367021833,0.9650503129193094,0.10617875351750496,0.10617875350012658,0.0,0.0,0.0,0.0,0.0,0.0,0.0,0.0,0.0,0.0,0.0,0.0,0.0,0.0,0.0,0.0,0.0,0.0,0.0,0.0,0.0,0.0,0.0,0.0,0.0,0.0,0.0,0.0,0.0,0.0,0.0,0.0,0.0,0.0,0.0,0.0,0.0,0.0,0.0,0.0,0.0,0.0,0.0,0.0,0.005578279929812886,0.00328301523520608,4.515375631794611e-21,4.515375631794611e-21,0.0,0.0,0.0,0.0,0.0,0.0,0.0,0.0,0.6868928186274672,0.6858463464167341,2.2163562065521244e-22,2.2163562065521244e-22,0.0,0.0,0.0,0.0,0.0,0.0,0.0,0.0,0.0,0.0,0.0,0.0,0.0,0.0,0.0,0.0,-1.173767711049783,-0.2041159082591278,-50.29109150114777,35.08381299376118
3twp_605,0.0,1.0,1.0,5.0,0.0,0.0,0.0,0.0,0.0,0.0,0.0,0.0,0.0,0.0,1.0,0.0,0.0,0.0,0.0,0.0,0.0,1.0,0.0,2.0,0.0,0.0,10.0,1.0,1.5891399557499999,1.1486825118017001,60.36,2.574065257406346,2.419899481203041,0.0027572209504818936,0.002757212849178035,5.6932089428088184e-15,5.688051923844489e-15,0.2743518087101495,0.2743057423873602,1.913603701967242e-15,1.8622298709860256e-15,0.0,0.0,0.0,0.0,0.0,0.0,4.490745345732332,0.7985094865452197,0.8939557530332592,0.8939557530234097,0.0,0.0,0.0,0.0,0.0,0.0,0.0,0.0,0.0,0.0,0.0,0.0,0.0,0.0,0.0,0.0,0.0,0.0,0.0,0.0,0.0,0.0,0.0,0.0,0.0,0.0,0.0,0.0,0.0,0.0,0.0,0.0,0.0,0.0,0.0,0.0,0.0,0.0,0.0,0.0,0.0,0.0,0.9988443959632487,0.9988443955546865,4.300618638588997e-07,4.246829124639992e-07,1.9548658446424402e-15,1.9548658446424402e-15,0.0,0.0,0.0,0.0,0.0,0.0,0.0,0.0,0.0,0.0,0.0,0.0,0.0,0.0,0.0,0.0,0.0,0.0,0.0,0.0,0.0,0.0,0.0,0.0,0.0,0.0,0.0,0.0,0.0,0.0,0.0,0.0,0.0,0.0,0.0,0.0,0.0,0.0,0.0,0.0,0.0,0.0,0.0005146316155410759,0.0005134281170014717,1.6143528272529557e-16,1.2545123302619694e-16,0.0,0.0,0.0,0.0,0.0,0.0,0.0,0.0,0.012530376390340672,0.012528636946320127,1.5204123241485023e-15,1.5203947915221605e-15,0.0,0.0,0.0,0.0,0.0,0.0,0.0,0.0,0.0,0.0,0.0,0.0,0.0,0.0,0.0,0.0,-1.1780431721468747,-0.1650935505405837,-61.361218211116366,48.72217384522669
3twp_608,0.0,1.0,1.0,5.0,0.0,0.0,0.0,0.0,0.0,0.0,0.0,0.0,0.0,0.0,1.0,0.0,0.0,0.0,0.0,0.0,0.0,1.0,0.0,2.0,0.0,0.0,10.0,1.0,1.5891399557499999,1.1486825118017001,60.36,0.999843831337535,0.9998435396471655,2.9058547266083616,2.905493488970283,1.0980275258426747e-14,1.0069398672413808e-14,1.6950382064642247,1.6940517642098845,3.7631864844947655e-17,3.7515859916046486e-17,0.0,0.0,0.0,0.0,0.0,0.0,5.183256498343606,0.7985094864911312,1.0000000002152527,0.999999999999776,0.0,0.0,0.0,0.0,0.0,0.0,0.0,0.0,0.0,0.0,0.0,0.0,0.0,0.0,0.0,0.0,0.0,0.0,0.0,0.0,0.0,0.0,0.0,0.0,0.0,0.0,0.0,0.0,0.0,0.0,0.0,0.0,0.0,0.0,0.0,0.0,0.0,0.0,0.0,0.0,0.0,0.0,8.029716733604408e-05,8.005395120014834e-05,3.7188837506173253e-10,3.622490482769133e-10,0.0,0.0,0.0,0.0,0.0,0.0,0.0,0.0,0.0,0.0,0.0,0.0,0.0,0.0,0.0,0.0,0.0,0.0,0.0,0.0,0.0,0.0,0.0,0.0,0.0,0.0,0.0,0.0,0.0,0.0,0.0,0.0,0.0,0.0,0.0,0.0,0.0,0.0,0.0,0.0,0.0,0.0,0.0,0.0,8.701110546381274e-05,8.698518207516356e-05,8.117794465590032e-24,8.117794465590032e-24,0.0,0.0,0.0,0.0,0.0,0.0,0.0,0.0,0.6954468789201173,0.6944610243721268,6.380509530017289e-21,5.593257949008202e-21,0.0,0.0,0.0,0.0,0.0,0.0,0.0,0.0,0.0,0.0,0.0,0.0,0.0,0.0,0.0,0.0,-1.5368898025399378,-0.24969037029319405,-78.85362894801071,59.66467692260419
3twp_613,0.0,1.0,1.0,5.0,0.0,0.0,0.0,0.0,0.0,0.0,0.0,0.0,0.0,0.0,1.0,0.0,0.0,0.0,0.0,0.0,0.0,1.0,0.0,2.0,0.0,0.0,10.0,1.0,1.5891399557499999,1.1486825118017001,60.36,1.1066983470890002,1.106681394239269,0.02082311394725325,0.020817606573668504,7.26448738196573e-17,5.179062929425998e-17,0.6160311872059663,0.4923307731883087,7.778077293515726e-18,7.764764607670503e-18,0.0,0.0,0.0,0.0,0.0,0.0,3.722662973012658,0.7985091441357227,6.413757194231588e-06,6.4085283284770955e-06,0.0,0.0,0.0,0.0,0.0,0.0,0.0,0.0,0.0,0.0,0.0,0.0,0.0,0.0,0.0,0.0,0.0,0.0,0.0,0.0,0.0,0.0,0.0,0.0,0.0,0.0,0.0,0.0,0.0,0.0,0.0,0.0,0.0,0.0,0.0,0.0,0.0,0.0,0.0,0.0,0.0,0.0,0.9999381998604999,0.9999381937793477,4.0328368263653746e-06,4.032836606525367e-06,0.0,0.0,0.0,0.0,0.0,0.0,0.0,0.0,0.0,0.0,0.0,0.0,0.0,0.0,0.0,0.0,0.0,0.0,0.0,0.0,0.0,0.0,0.0,0.0,0.0,0.0,0.0,0.0,0.0,0.0,0.0,0.0,0.0,0.0,0.0,0.0,0.0,0.0,0.0,0.0,0.0,0.0,0.0,0.0,0.26778727859048,0.14409031029450298,2.9468756550774984e-23,2.9468756550774984e-23,0.0,0.0,0.0,0.0,0.0,0.0,0.0,0.0,0.23966678655506765,0.23966389364313087,7.61035736047829e-18,7.599335904959442e-18,0.0,0.0,0.0,0.0,0.0,0.0,0.0,0.0,0.0,0.0,0.0,0.0,0.0,0.0,0.0,0.0,-1.362294700759979,-0.17178970306722482,-56.78025980727355,28.407288554357176
3twp_619,0.0,1.0,1.0,5.0,0.0,0.0,0.0,0.0,0.0,0.0,0.0,0.0,0.0,0.0,1.0,0.0,0.0,0.0,0.0,0.0,0.0,1.0,0.0,2.0,0.0,0.0,10.0,1.0,1.5891399557499999,1.1486825118017001,60.36,3.45139386870599,3.4449094658229353,4.169005918093804,3.6865787529358247,2.1220773819244563e-18,2.1220773819244563e-18,0.20222323752207444,0.19981434798433045,1.102442022703494e-18,1.0859982625506148e-18,0.0,0.0,0.0,0.0,0.0,0.0,2.5914448720286085,0.7985094844793269,2.2663969048681588e-11,2.187807899559374e-11,0.0,0.0,0.0,0.0,0.0,0.0,0.0,0.0,0.0,0.0,0.0,0.0,0.0,0.0,0.0,0.0,0.0,0.0,0.0,0.0,0.0,0.0,0.0,0.0,0.0,0.0,0.0,0.0,0.0,0.0,0.0,0.0,0.0,0.0,0.0,0.0,0.0,0.0,0.0,0.0,0.0,0.0,0.03799264780494618,0.0379925920196363,5.692656899051565e-10,4.96732821511379e-10,2.1220773819244563e-18,2.1220773819244563e-18,0.0,0.0,0.0,0.0,0.0,0.0,0.0,0.0,0.0,0.0,0.0,0.0,0.0,0.0,0.0,0.0,0.0,0.0,0.0,0.0,0.0,0.0,0.0,0.0,0.0,0.0,0.0,0.0,0.0,0.0,0.0,0.0,0.0,0.0,0.0,0.0,0.0,0.0,0.0,0.0,0.0,0.0,1.101045454363778e-06,9.825228203600304e-07,1.0121386862363828e-18,9.970751600864098e-19,0.0,0.0,0.0,0.0,0.0,0.0,0.0,0.0,0.004612633058198569,0.002740533909804993,7.176071430207092e-20,7.062092117171385e-20,0.0,0.0,0.0,0.0,0.0,0.0,0.0,0.0,0.0,0.0,0.0,0.0,0.0,0.0,0.0,0.0,-1.0222021086939315,-0.11939278479563546,-62.08708385644261,43.78207163930567
3twp_627,0.0,1.0,1.0,5.0,0.0,0.0,0.0,0.0,0.0,0.0,0.0,0.0,0.0,0.0,1.0,0.0,0.0,0.0,0.0,0.0,0.0,1.0,0.0,2.0,0.0,0.0,10.0,1.0,1.5891399557499999,1.1486825118017001,60.36,2.972181468846329,2.585612832171184,3.3384192889304036,2.443732842638032,2.7362887561036814e-16,2.710746145154651e-16,2.48437749450427,2.3343161789090368,9.421160615872731e-20,8.290237185824429e-20,0.0,0.0,0.0,0.0,0.0,0.0,3.599018796176667,0.6946874053536529,4.011321713437601e-06,4.011317756440894e-06,0.0,0.0,0.0,0.0,0.0,0.0,0.0,0.0,0.0,0.0,0.0,0.0,0.0,0.0,0.0,0.0,0.0,0.0,0.0,0.0,0.0,0.0,0.0,0.0,0.0,0.0,0.0,0.0,0.0,0.0,0.0,0.0,0.0,0.0,0.0,0.0,0.0,0.0,0.0,0.0,0.0,0.0,1.4836977158188346e-10,1.462698979231679e-10,0.022382742004679237,0.02238189108757874,8.270733260631559e-17,8.026756875662763e-17,0.0,0.0,0.0,0.0,0.0,0.0,0.0,0.0,0.0,0.0,0.0,0.0,0.0,0.0,0.0,0.0,0.0,0.0,0.0,0.0,0.0,0.0,0.0,0.0,0.0,0.0,0.0,0.0,0.0,0.0,0.0,0.0,0.0,0.0,0.0,0.0,0.0,0.0,0.0,0.0,0.0,0.0,8.12706410539871e-11,4.968274548817526e-11,9.380407420356935e-20,8.253705730172341e-20,0.0,0.0,0.0,0.0,0.0,0.0,0.0,0.0,1.5143323028882116,1.3720196202371389,4.2828435928090397e-23,4.2828435928090397e-23,0.0,0.0,0.0,0.0,0.0,0.0,0.0,0.0,0.0,0.0,0.0,0.0,0.0,0.0,0.0,0.0,-1.0650668646977388,-0.19168227035682311,-70.17838152976007,47.87080213959861
3twp_633,0.0,1.0,1.0,5.0,0.0,0.0,0.0,0.0,0.0,0.0,0.0,0.0,0.0,0.0,1.0,0.0,0.0,0.0,0.0,0.0,0.0,1.0,0.0,2.0,0.0,0.0,10.0,1.0,1.5891399557499999,1.1486825118017001,60.36,8.138781826267584e-05,6.26382275234074e-05,1.003904802101363,1.0039045498464694,2.516811001727867e-08,2.5168105230176486e-08,0.9263309146521145,0.9210765239759018,6.740357008520157e-05,6.740357008516539e-05,0.0,0.0,0.0,0.0,0.0,0.0,5.671951336310826,0.7985094865229231,0.8912272679733131,0.8912272679702986,0.0,0.0,0.0,0.0,0.0,0.0,0.0,0.0,0.0,0.0,0.0,0.0,0.0,0.0,0.0,0.0,0.0,0.0,0.0,0.0,0.0,0.0,0.0,0.0,0.0,0.0,0.0,0.0,0.0,0.0,0.0,0.0,0.0,0.0,0.0,0.0,0.0,0.0,0.0,0.0,0.0,0.0,4.699083562703736e-09,4.6967855079795095e-09,7.550033181474226e-10,7.144653911096363e-10,4.710495194346407e-17,4.710495194346407e-17,0.0,0.0,0.0,0.0,0.0,0.0,0.0,0.0,0.0,0.0,0.0,0.0,0.0,0.0,0.0,0.0,0.0,0.0,0.0,0.0,0.0,0.0,0.0,0.0,0.0,0.0,0.0,0.0,0.0,0.0,0.0,0.0,0.0,0.0,0.0,0.0,0.0,0.0,0.0,0.0,0.0,0.0,0.8084454369307971,0.8084454109665763,1.5689447343889533e-17,1.5654705049439715e-17,0.0,0.0,0.0,0.0,0.0,0.0,0.0,0.0,0.02951894054334668,0.028398952252439286,8.959274190493782e-18,8.23247419557654e-18,0.0,0.0,0.0,0.0,0.0,0.0,0.0,0.0,0.0,0.0,0.0,0.0,0.0,0.0,0.0,0.0,-1.2411935212208327,-0.18835930840145104,-81.72295354203371,60.81130060886316
3twp_643,0.0,1.0,1.0,5.0,0.0,0.0,0.0,0.0,0.0,0.0,0.0,0.0,0.0,0.0,1.0,0.0,0.0,0.0,0.0,0.0,0.0,1.0,0.0,2.0,0.0,0.0,10.0,1.0,1.5891399557499999,1.1486825118017001,60.36,3.9552822589190094e-06,3.948971838493735e-06,1.9063576642178972,1.8081681162732892,5.155574731736021e-16,4.869386158671783e-16,0.7613969903862229,0.7613969646409524,4.078053805992232e-17,3.920714902624744e-17,0.0,0.0,0.0,0.0,0.0,0.0,4.749760498888422,0.7984765149545563,0.9999997921012967,0.9999997915539053,0.0,0.0,0.0,0.0,0.0,0.0,0.0,0.0,0.0,0.0,0.0,0.0,0.0,0.0,0.0,0.0,0.0,0.0,0.0,0.0,0.0,0.0,0.0,0.0,0.0,0.0,0.0,0.0,0.0,0.0,0.0,0.0,0.0,0.0,0.0,0.0,0.0,0.0,0.0,0.0,0.0,0.0,1.1156649359914162e-12,6.366026562611725e-13,0.019720913238430497,0.019719614383386156,4.6500777337753264e-17,3.540172107728618e-17,0.0,0.0,0.0,0.0,0.0,0.0,0.0,0.0,0.0,0.0,0.0,0.0,0.0,0.0,0.0,0.0,0.0,0.0,0.0,0.0,0.0,0.0,0.0,0.0,0.0,0.0,0.0,0.0,0.0,0.0,0.0,0.0,0.0,0.0,0.0,0.0,0.0,0.0,0.0,0.0,0.0,0.0,1.5314643207478193e-08,1.5311956106706035e-08,1.1001763095404541e-17,1.0998053448163622e-17,0.0,0.0,0.0,0.0,0.0,0.0,0.0,0.0,0.744291089159498,0.744291064453021,2.9087271343456e-17,2.758279188181131e-17,0.0,0.0,0.0,0.0,0.0,0.0,0.0,0.0,0.0,0.0,0.0,0.0,0.0,0.0,0.0,0.0,-0.9069234249693033,-0.15232446040481631,-86.44445647951005,72.65534538949733
3twp_645,0.0,1.0,1.0,5.0,0.0,0.0,0.0,0.0,0.0,0.0,0.0,0.0,0.0,0.0,1.0,0.0,0.0,0.0,0.0,0.0,0.0,1.0,0.0,2.0,0.0,0.0,10.0,1.0,1.5891399557499999,1.1486825118017001,60.36,1.0298006735305507,1.0298006476875534,1.1385289311178983,1.1374213217865483,4.5091910853484167e-17,4.205889108971049e-17,1.4353848613051472,1.4211983123730674,1.7053406466741426e-18,1.6958417547967565e-18,0.0,0.0,0.0,0.0,0.0,0.0,3.961114387647641,0.7985092914024927,0.0070677940511046505,0.007067714924249394,0.0,0.0,0.0,0.0,0.0,0.0,0.0,0.0,0.0,0.0,0.0,0.0,0.0,0.0,0.0,0.0,0.0,0.0,0.0,0.0,0.0,0.0,0.0,0.0,0.0,0.0,0.0,0.0,0.0,0.0,0.0,0.0,0.0,0.0,0.0,0.0,0.0,0.0,0.0,0.0,0.0,0.0,2.359153382072967e-13,2.2028682111659604e-13,1.3068247457956546e-07,1.290478730622819e-07,1.4568014526249878e-17,1.2291120083868091e-17,0.0,0.0,0.0,0.0,0.0,0.0,0.0,0.0,0.0,0.0,0.0,0.0,0.0,0.0,0.0,0.0,0.0,0.0,0.0,0.0,0.0,0.0,0.0,0.0,0.0,0.0,0.0,0.0,0.0,0.0,0.0,0.0,0.0,0.0,0.0,0.0,0.0,0.0,0.0,0.0,0.0,0.0,0.02577063685205156,0.025770635206376128,1.5928101318657031e-18,1.5841689122200895e-18,0.0,0.0,0.0,0.0,0.0,0.0,0.0,0.0,0.41026034047342275,0.3961148967541029,1.6092353385390547e-21,1.6092353385390547e-21,0.0,0.0,0.0,0.0,0.0,0.0,0.0,0.0,0.0,0.0,0.0,0.0,0.0,0.0,0.0,0.0,-1.1899877030022152,-0.14645031787394885,-63.64036772086445,36.34852899099795
3twp_646,0.0,1.0,1.0,5.0,0.0,0.0,0.0,0.0,0.0,0.0,0.0,0.0,0.0,0.0,1.0,0.0,0.0,0.0,0.0,0.0,0.0,1.0,0.0,2.0,0.0,0.0,10.0,1.0,1.5891399557499999,1.1486825118017001,60.36,0.5059184657060924,0.5037084171065251,0.006873701815175422,0.006873581192541189,9.108547617176009e-15,9.091362263129073e-15,0.3758170886700484,0.37549501055069845,1.5580271539326587e-15,1.4884504563574108e-15,0.0,0.0,0.0,0.0,0.0,0.0,4.7942403563089036,0.7985094858387675,0.36448190749859005,0.36448190696443916,0.0,0.0,0.0,0.0,0.0,0.0,0.0,0.0,0.0,0.0,0.0,0.0,0.0,0.0,0.0,0.0,0.0,0.0,0.0,0.0,0.0,0.0,0.0,0.0,0.0,0.0,0.0,0.0,0.0,0.0,0.0,0.0,0.0,0.0,0.0,0.0,0.0,0.0,0.0,0.0,0.0,0.0,0.0003292799468026645,0.00032927994387988883,1.0155386700617783e-07,1.0149665299409319e-07,4.9820924786200725e-15,4.981918128272872e-15,0.0,0.0,0.0,0.0,0.0,0.0,0.0,0.0,0.0,0.0,0.0,0.0,0.0,0.0,0.0,0.0,0.0,0.0,0.0,0.0,0.0,0.0,0.0,0.0,0.0,0.0,0.0,0.0,0.0,0.0,0.0,0.0,0.0,0.0,0.0,0.0,0.0,0.0,0.0,0.0,0.0,0.0,0.10982910016808665,0.10982909964439476,2.0616495221146005e-16,1.440106651636878e-16,0.0,0.0,0.0,0.0,0.0,0.0,0.0,0.0,0.000950952230095814,0.0009453389951805965,8.606202566674429e-16,8.605845098207136e-16,0.0,0.0,0.0,0.0,0.0,0.0,0.0,0.0,0.0,0.0,0.0,0.0,0.0,0.0,0.0,0.0,-1.388880044503086,-0.14855913144334854,-62.80822617947009,35.62030859257742
3twp_665,0.0,1.0,1.0,5.0,0.0,0.0,0.0,0.0,0.0,0.0,0.0,0.0,0.0,0.0,1.0,0.0,0.0,0.0,0.0,0.0,0.0,1.0,0.0,2.0,0.0,0.0,10.0,1.0,1.5891399557499999,1.1486825118017001,60.36,1.187654311209617,1.0278523753271411,1.2748334911507382,1.2735167433328909,0.48297688085511786,0.48297688085497886,0.20897426229036722,0.20897413608801593,0.2857020157626459,0.28570201576176757,2.421145300394147e-22,2.421145300394147e-22,0.0,0.0,0.0,0.0,4.570807650995166,0.8488481158204565,0.17728333383201525,0.17728333383030073,0.0,0.0,0.0,0.0,0.0,0.0,0.0,0.0,0.0,0.0,0.0,0.0,0.0,0.0,0.0,0.0,0.0,0.0,0.0,0.0,0.0,0.0,0.0,0.0,0.0,0.0,0.0,0.0,0.0,0.0,0.0,0.0,0.0,0.0,0.0,0.0,0.0,0.0,0.0,0.0,0.0,0.0,5.735477477238148e-10,5.483066486785638e-10,0.9933683271553888,0.9932884420770026,0.4829757397787095,0.4829757397787015,0.0,0.0,0.0,0.0,0.0,0.0,0.0,0.0,0.0,0.0,0.0,0.0,0.0,0.0,0.0,0.0,0.0,0.0,0.0,0.0,0.0,0.0,0.0,0.0,0.0,0.0,0.0,0.0,0.0,0.0,0.0,0.0,0.0,0.0,0.0,0.0,0.0,0.0,0.0,0.0,0.0,0.0,7.770745543074954e-12,7.768965299286188e-12,0.2857019855821515,0.28570198558191906,0.0,0.0,0.0,0.0,0.0,0.0,0.0,0.0,7.059003095548395e-07,7.05843794451916e-07,3.830474839421622e-09,3.830474833866818e-09,2.421145300394147e-22,2.421145300394147e-22,0.0,0.0,0.0,0.0,0.0,0.0,0.0,0.0,0.0,0.0,0.0,0.0,0.0,0.0,-0.915729408489361,-0.15934510908085261,-80.92317353338235,58.73262138692723
3twp_676,0.0,1.0,1.0,5.0,0.0,0.0,0.0,0.0,0.0,0.0,0.0,0.0,0.0,0.0,1.0,0.0,0.0,0.0,0.0,0.0,0.0,1.0,0.0,2.0,0.0,0.0,10.0,1.0,1.5891399557499999,1.1486825118017001,60.36,4.21311888269892,4.212588218800871,0.18263924633835,0.18263924360227973,1.801045098440586e-18,1.3433753151274408e-18,1.1801725874184716,1.1797511820595943,4.117242839637068e-20,3.317273293429625e-20,0.0,0.0,0.0,0.0,0.0,0.0,2.831210705434422,0.7985093725326484,6.589562879255868e-08,6.29212673252385e-08,0.0,0.0,0.0,0.0,0.0,0.0,0.0,0.0,0.0,0.0,0.0,0.0,0.0,0.0,0.0,0.0,0.0,0.0,0.0,0.0,0.0,0.0,0.0,0.0,0.0,0.0,0.0,0.0,0.0,0.0,0.0,0.0,0.0,0.0,0.0,0.0,0.0,0.0,0.0,0.0,0.0,0.0,1.557647856804981e-07,1.5576297520653742e-07,6.881334646101484e-10,6.226412142587784e-10,1.2880529474651944e-18,8.303831641520491e-19,0.0,0.0,0.0,0.0,0.0,0.0,0.0,0.0,0.0,0.0,0.0,0.0,0.0,0.0,0.0,0.0,0.0,0.0,0.0,0.0,0.0,0.0,0.0,0.0,0.0,0.0,0.0,0.0,0.0,0.0,0.0,0.0,0.0,0.0,0.0,0.0,0.0,0.0,0.0,0.0,0.0,0.0,0.4767865894497108,0.4767865866198064,4.07340017240178e-20,3.273430626194337e-20,0.0,0.0,0.0,0.0,0.0,0.0,0.0,0.0,0.13394034667751673,0.1339383285695385,1.8112189373162701e-22,1.8112189373162701e-22,0.0,0.0,0.0,0.0,0.0,0.0,0.0,0.0,0.0,0.0,0.0,0.0,0.0,0.0,0.0,0.0,-0.6447829125664322,-0.12998944226415085,-42.095651293904744,18.268022294348704
3twp_686,0.0,1.0,1.0,5.0,0.0,0.0,0.0,0.0,0.0,0.0,0.0,0.0,0.0,0.0,1.0,0.0,0.0,0.0,0.0,0.0,0.0,1.0,0.0,2.0,0.0,0.0,10.0,1.0,1.5891399557499999,1.1486825118017001,60.36,4.8537275948117377e-05,4.848254693157691e-05,3.675519559916451,2.925087994747088,5.29051143382432e-16,5.172690195691685e-16,0.8865200601368015,0.8865190480881103,1.9325711460391542e-18,1.9249219090277863e-18,0.0,0.0,0.0,0.0,0.0,0.0,3.8931478002749995,0.7968447032876323,0.00021656430053698967,0.0002165642911417494,0.0,0.0,0.0,0.0,0.0,0.0,0.0,0.0,0.0,0.0,0.0,0.0,0.0,0.0,0.0,0.0,0.0,0.0,0.0,0.0,0.0,0.0,0.0,0.0,0.0,0.0,0.0,0.0,0.0,0.0,0.0,0.0,0.0,0.0,0.0,0.0,0.0,0.0,0.0,0.0,0.0,0.0,2.9025716336863686e-12,2.9012389063921626e-12,1.0439534995984778,0.7946437056949893,4.2876166181438786e-16,4.2567055701961247e-16,0.0,0.0,0.0,0.0,0.0,0.0,0.0,0.0,0.0,0.0,0.0,0.0,0.0,0.0,0.0,0.0,0.0,0.0,0.0,0.0,0.0,0.0,0.0,0.0,0.0,0.0,0.0,0.0,0.0,0.0,0.0,0.0,0.0,0.0,0.0,0.0,0.0,0.0,0.0,0.0,0.0,0.0,6.033654530070279e-10,4.714457686845374e-10,5.901718636305578e-19,5.898117094897222e-19,0.0,0.0,0.0,0.0,0.0,0.0,0.0,0.0,0.8864801294721554,0.8864791338773019,1.2872628760259497e-18,1.2814403782839152e-18,0.0,0.0,0.0,0.0,0.0,0.0,0.0,0.0,0.0,0.0,0.0,0.0,0.0,0.0,0.0,0.0,-0.94022652263955,-0.14970152291009234,-72.62521563853144,45.79895900059794
3twp_692,0.0,1.0,1.0,5.0,0.0,0.0,0.0,0.0,0.0,0.0,0.0,0.0,0.0,0.0,1.0,0.0,0.0,0.0,0.0,0.0,0.0,1.0,0.0,2.0,0.0,0.0,10.0,1.0,1.5891399557499999,1.1486825118017001,60.36,2.8909513229875645,2.55551346818112,0.5995031463369412,0.5989864709558943,1.3515791612151464e-16,1.2063772094691206e-16,2.3755191732202228,2.3299017792995227,1.038021312614267e-17,1.0276260720474912e-17,0.0,0.0,0.0,0.0,0.0,0.0,4.57854987209504,0.7985094780757356,0.9999976339996375,0.9999976306582891,0.0,0.0,0.0,0.0,0.0,0.0,0.0,0.0,0.0,0.0,0.0,0.0,0.0,0.0,0.0,0.0,0.0,0.0,0.0,0.0,0.0,0.0,0.0,0.0,0.0,0.0,0.0,0.0,0.0,0.0,0.0,0.0,0.0,0.0,0.0,0.0,0.0,0.0,0.0,0.0,0.0,0.0,2.8942469200649035e-13,2.3958150307687457e-13,0.21052686497506554,0.21050877734010726,9.708983733171467e-18,9.687789846846494e-18,0.0,0.0,0.0,0.0,0.0,0.0,0.0,0.0,0.0,0.0,0.0,0.0,0.0,0.0,0.0,0.0,0.0,0.0,0.0,0.0,0.0,0.0,0.0,0.0,0.0,0.0,0.0,0.0,0.0,0.0,0.0,0.0,0.0,0.0,0.0,0.0,0.0,0.0,0.0,0.0,0.0,0.0,5.991063200102311e-13,2.676935789286088e-13,3.712017940720563e-23,3.426037989657371e-23,0.0,0.0,0.0,0.0,0.0,0.0,0.0,0.0,1.0122689330549863,0.9666658091967512,3.464653884074366e-22,3.464653884074366e-22,0.0,0.0,0.0,0.0,0.0,0.0,0.0,0.0,0.0,0.0,0.0,0.0,0.0,0.0,0.0,0.0,-1.2123853914397835,-0.16689791588939384,-71.78816156747617,51.90802290699121
3twp_741,0.0,1.0,1.0,5.0,0.0,0.0,0.0,0.0,0.0,0.0,0.0,0.0,0.0,0.0,1.0,0.0,0.0,0.0,0.0,0.0,0.0,1.0,0.0,2.0,0.0,0.0,10.0,1.0,1.5891399557499999,1.1486825118017001,60.36,2.0107735423623523,2.0084183277343524,1.018987319997814,1.0189631155333,2.7898138454075005e-18,2.7898138454075005e-18,1.2204049167340874,1.2204022055553336,3.5582420684340534e-23,3.40897574531354e-23,0.0,0.0,0.0,0.0,0.0,0.0,3.2038557658076243,0.6739343533827672,2.5889409309433435e-11,2.529911376693706e-11,0.0,0.0,0.0,0.0,0.0,0.0,0.0,0.0,0.0,0.0,0.0,0.0,0.0,0.0,0.0,0.0,0.0,0.0,0.0,0.0,0.0,0.0,0.0,0.0,0.0,0.0,0.0,0.0,0.0,0.0,0.0,0.0,0.0,0.0,0.0,0.0,0.0,0.0,0.0,0.0,0.0,0.0,1.0009712300447002,1.0,0.6312186106766643,0.6312186106605401,0.0,0.0,0.0,0.0,0.0,0.0,0.0,0.0,0.0,0.0,0.0,0.0,0.0,0.0,0.0,0.0,0.0,0.0,0.0,0.0,0.0,0.0,0.0,0.0,0.0,0.0,0.0,0.0,0.0,0.0,0.0,0.0,0.0,0.0,0.0,0.0,0.0,0.0,0.0,0.0,0.0,0.0,0.0,0.0,0.9843885115055613,0.9843858685834028,1.3523271207409411e-24,1.3523271207409411e-24,0.0,0.0,0.0,0.0,0.0,0.0,0.0,0.0,0.23590954940772904,0.23590952527172948,2.3978539687072086e-25,2.3978539687072086e-25,0.0,0.0,0.0,0.0,0.0,0.0,0.0,0.0,0.0,0.0,0.0,0.0,0.0,0.0,0.0,0.0,-0.9138862635252506,-0.16089120187664926,-50.790781133958966,30.520576175380288
3twp_742,0.0,1.0,1.0,5.0,0.0,0.0,0.0,0.0,0.0,0.0,0.0,0.0,0.0,0.0,1.0,0.0,0.0,0.0,0.0,0.0,0.0,1.0,0.0,2.0,0.0,0.0,10.0,1.0,1.5891399557499999,1.1486825118017001,60.36,7.00580839221585,6.0012474443261565,0.012621591509855794,0.012621591480890858,0.0,0.0,2.554967898277477,2.1194604980691443,1.9988915892714996e-25,1.9988915892714996e-25,0.0,0.0,0.0,0.0,0.0,0.0,0.4655663791382153,0.2475628715545776,0.0,0.0,0.0,0.0,0.0,0.0,0.0,0.0,0.0,0.0,0.0,0.0,0.0,0.0,0.0,0.0,0.0,0.0,0.0,0.0,0.0,0.0,0.0,0.0,0.0,0.0,0.0,0.0,0.0,0.0,0.0,0.0,0.0,0.0,0.0,0.0,0.0,0.0,0.0,0.0,0.0,0.0,0.0,0.0,1.0000865402090444,0.9999999999822924,0.012621581339516191,0.012621581339450976,0.0,0.0,0.0,0.0,0.0,0.0,0.0,0.0,0.0,0.0,0.0,0.0,0.0,0.0,0.0,0.0,0.0,0.0,0.0,0.0,0.0,0.0,0.0,0.0,0.0,0.0,0.0,0.0,0.0,0.0,0.0,0.0,0.0,0.0,0.0,0.0,0.0,0.0,0.0,0.0,0.0,0.0,0.0,0.0,0.20150138345518973,0.2015010591118085,0.0,0.0,0.0,0.0,0.0,0.0,0.0,0.0,0.0,0.0,1.3363280182345254,0.9008435943160475,1.9988915892714996e-25,1.9988915892714996e-25,0.0,0.0,0.0,0.0,0.0,0.0,0.0,0.0,0.0,0.0,0.0,0.0,0.0,0.0,0.0,0.0,-1.0405897903161385,-0.24360851198522218,-19.82752678235605,12.371525363224926
3twp_745,0.0,1.0,1.0,5.0,0.0,0.0,0.0,0.0,0.0,0.0,0.0,0.0,0.0,0.0,1.0,0.0,0.0,0.0,0.0,0.0,0.0,1.0,0.0,2.0,0.0,0.0,10.0,1.0,1.5891399557499999,1.1486825118017001,60.36,3.267465300329335,2.9971807838094424,0.26746265485802523,0.2674503089305297,2.1028456199632823e-19,2.1028456199632823e-19,1.01377300763993,0.7401736227579464,2.359825281171901e-23,2.359825281171901e-23,0.0,0.0,0.0,0.0,0.0,0.0,2.190313454366088,0.6426091703666789,2.5892330575938816e-10,2.5892330575938816e-10,0.0,0.0,0.0,0.0,0.0,0.0,0.0,0.0,0.0,0.0,0.0,0.0,0.0,0.0,0.0,0.0,0.0,0.0,0.0,0.0,0.0,0.0,0.0,0.0,0.0,0.0,0.0,0.0,0.0,0.0,0.0,0.0,0.0,0.0,0.0,0.0,0.0,0.0,0.0,0.0,0.0,0.0,1.6685995597167967e-12,1.6385795400509598e-12,0.2672865386153139,0.26727419854467077,2.1028456199632823e-19,2.1028456199632823e-19,0.0,0.0,0.0,0.0,0.0,0.0,0.0,0.0,0.0,0.0,0.0,0.0,0.0,0.0,0.0,0.0,0.0,0.0,0.0,0.0,0.0,0.0,0.0,0.0,0.0,0.0,0.0,0.0,0.0,0.0,0.0,0.0,0.0,0.0,0.0,0.0,0.0,0.0,0.0,0.0,0.0,0.0,5.732791513489154e-14,2.5307270288057978e-14,2.3456200981327324e-24,2.3456200981327324e-24,0.0,0.0,0.0,0.0,0.0,0.0,0.0,0.0,0.5836330549908112,0.31077782920573094,1.492028467463275e-23,1.492028467463275e-23,0.0,0.0,0.0,0.0,0.0,0.0,0.0,0.0,0.0,0.0,0.0,0.0,0.0,0.0,0.0,0.0,-1.057435432613945,-0.20070168989910372,-44.855466758467635,27.857296157603397
3twp_749,0.0,1.0,1.0,5.0,0.0,0.0,0.0,0.0,0.0,0.0,0.0,0.0,0.0,0.0,1.0,0.0,0.0,0.0,0.0,0.0,0.0,1.0,0.0,2.0,0.0,0.0,10.0,1.0,1.5891399557499999,1.1486825118017001,60.36,1.4576338173464793,1.4511059358719882,1.4404717367865683,1.4404708714858052,3.9326176889610536e-19,3.9326176889610536e-19,0.9971135284963024,0.99711077610635,1.1773427823495059e-23,1.1370409676987603e-23,0.0,0.0,0.0,0.0,0.0,0.0,2.622585859480888,0.6669679777028336,1.5388090632280866e-10,1.5386885293055435e-10,0.0,0.0,0.0,0.0,0.0,0.0,0.0,0.0,0.0,0.0,0.0,0.0,0.0,0.0,0.0,0.0,0.0,0.0,0.0,0.0,0.0,0.0,0.0,0.0,0.0,0.0,0.0,0.0,0.0,0.0,0.0,0.0,0.0,0.0,0.0,0.0,0.0,0.0,0.0,0.0,0.0,0.0,1.001915413916943,1.0,0.7051277341009391,0.7051277318815882,0.0,0.0,0.0,0.0,0.0,0.0,0.0,0.0,0.0,0.0,0.0,0.0,0.0,0.0,0.0,0.0,0.0,0.0,0.0,0.0,0.0,0.0,0.0,0.0,0.0,0.0,0.0,0.0,0.0,0.0,0.0,0.0,0.0,0.0,0.0,0.0,0.0,0.0,0.0,0.0,0.0,0.0,0.0,0.0,0.9328705086985923,0.9328679810849736,5.176458284954186e-24,5.176458284954186e-24,0.0,0.0,0.0,0.0,0.0,0.0,0.0,0.0,0.05303668773170222,0.053036598747940984,0.0,0.0,0.0,0.0,0.0,0.0,0.0,0.0,0.0,0.0,0.0,0.0,0.0,0.0,0.0,0.0,0.0,0.0,-0.8926427044049223,-0.16504282245641663,-44.16532124535051,26.290591631107173
3twp_754,0.0,1.0,1.0,5.0,0.0,0.0,0.0,0.0,0.0,0.0,0.0,0.0,0.0,0.0,1.0,0.0,0.0,0.0,0.0,0.0,0.0,1.0,0.0,2.0,0.0,0.0,10.0,1.0,1.5891399557499999,1.1486825118017001,60.36,3.0195441674304195,3.009717128116903,1.1194596982643372,1.1149493777295127,7.450590593701265e-18,7.447960610947272e-18,1.5909644510397953,1.5909554742227623,5.143296088964912e-23,4.4690319620350846e-23,0.0,0.0,0.0,0.0,0.0,0.0,2.0435811327490905,0.6409181894409265,2.6380603127513897e-10,2.6380603127513897e-10,0.0,0.0,0.0,0.0,0.0,0.0,0.0,0.0,0.0,0.0,0.0,0.0,0.0,0.0,0.0,0.0,0.0,0.0,0.0,0.0,0.0,0.0,0.0,0.0,0.0,0.0,0.0,0.0,0.0,0.0,0.0,0.0,0.0,0.0,0.0,0.0,0.0,0.0,0.0,0.0,0.0,0.0,1.0086532660294285,0.9999999999919427,0.7555516473117223,0.7555516467329566,0.0,0.0,0.0,0.0,0.0,0.0,0.0,0.0,0.0,0.0,0.0,0.0,0.0,0.0,0.0,0.0,0.0,0.0,0.0,0.0,0.0,0.0,0.0,0.0,0.0,0.0,0.0,0.0,0.0,0.0,0.0,0.0,0.0,0.0,0.0,0.0,0.0,0.0,0.0,0.0,0.0,0.0,0.0,0.0,0.9528929650774381,0.9528864186308607,3.9286528397522684e-24,3.9286528397522684e-24,0.0,0.0,0.0,0.0,0.0,0.0,0.0,0.0,1.2341427204214648e-05,1.230761374489551e-05,4.144508306127832e-23,3.528754257658996e-23,0.0,0.0,0.0,0.0,0.0,0.0,0.0,0.0,0.0,0.0,0.0,0.0,0.0,0.0,0.0,0.0,-1.4910846629191785,-0.18646086234526912,-45.298784369977376,27.25496372865094
3twp_763,0.0,1.0,1.0,5.0,0.0,0.0,0.0,0.0,0.0,0.0,0.0,0.0,0.0,0.0,1.0,0.0,0.0,0.0,0.0,0.0,0.0,1.0,0.0,2.0,0.0,0.0,10.0,1.0,1.5891399557499999,1.1486825118017001,60.36,8.753973481784886,7.544540963180144,0.20989185545459121,0.20989185497872184,0.0,0.0,1.5708185189461108,1.553411684660079,1.6295919209554828e-24,1.6295919209554828e-24,0.0,0.0,0.0,0.0,0.0,0.0,1.5456772210433682,0.6596427596911646,1.3969000200433662e-10,1.3969000200433662e-10,0.0,0.0,0.0,0.0,0.0,0.0,0.0,0.0,0.0,0.0,0.0,0.0,0.0,0.0,0.0,0.0,0.0,0.0,0.0,0.0,0.0,0.0,0.0,0.0,0.0,0.0,0.0,0.0,0.0,0.0,0.0,0.0,0.0,0.0,0.0,0.0,0.0,0.0,0.0,0.0,0.0,0.0,0.23631534443499136,0.23631509981802157,0.20182846612481853,0.20182846564919105,0.0,0.0,0.0,0.0,0.0,0.0,0.0,0.0,0.0,0.0,0.0,0.0,0.0,0.0,0.0,0.0,0.0,0.0,0.0,0.0,0.0,0.0,0.0,0.0,0.0,0.0,0.0,0.0,0.0,0.0,0.0,0.0,0.0,0.0,0.0,0.0,0.0,0.0,0.0,0.0,0.0,0.0,0.0,0.0,0.1159626996000471,0.11596269895284018,1.6295919209554828e-24,1.6295919209554828e-24,0.0,0.0,0.0,0.0,0.0,0.0,0.0,0.0,0.899598983024036,0.8868421971141406,0.0,0.0,0.0,0.0,0.0,0.0,0.0,0.0,0.0,0.0,0.0,0.0,0.0,0.0,0.0,0.0,0.0,0.0,-0.7776951042092668,-0.1819250717054271,-33.241986695932745,21.113709851360714
3twp_769,0.0,1.0,1.0,5.0,0.0,0.0,0.0,0.0,0.0,0.0,0.0,0.0,0.0,0.0,1.0,0.0,0.0,0.0,0.0,0.0,0.0,1.0,0.0,2.0,0.0,0.0,10.0,1.0,1.5891399557499999,1.1486825118017001,60.36,9.624749000269093,8.940777645608797,0.011170679531780916,0.01117067790298055,0.0,0.0,2.401570042786837,2.3077805477558435,1.7222335989171996e-24,1.4786007964482272e-24,0.0,0.0,0.0,0.0,0.0,0.0,1.7007522991844712,0.659158324277876,1.5787395834009936e-10,1.5787395834009936e-10,0.0,0.0,0.0,0.0,0.0,0.0,0.0,0.0,0.0,0.0,0.0,0.0,0.0,0.0,0.0,0.0,0.0,0.0,0.0,0.0,0.0,0.0,0.0,0.0,0.0,0.0,0.0,0.0,0.0,0.0,0.0,0.0,0.0,0.0,0.0,0.0,0.0,0.0,0.0,0.0,0.0,0.0,1.2124994658059164e-06,1.2079699900910492e-06,0.0005165382092114713,0.0005165366151303443,0.0,0.0,0.0,0.0,0.0,0.0,0.0,0.0,0.0,0.0,0.0,0.0,0.0,0.0,0.0,0.0,0.0,0.0,0.0,0.0,0.0,0.0,0.0,0.0,0.0,0.0,0.0,0.0,0.0,0.0,0.0,0.0,0.0,0.0,0.0,0.0,0.0,0.0,0.0,0.0,0.0,0.0,0.0,0.0,1.1345251469134554e-06,1.1343472238890794e-06,1.5196176219835037e-24,1.2759848195145313e-24,0.0,0.0,0.0,0.0,0.0,0.0,0.0,0.0,0.800226684468465,0.7999527345677295,2.0261597693369592e-25,2.0261597693369592e-25,0.0,0.0,0.0,0.0,0.0,0.0,0.0,0.0,0.0,0.0,0.0,0.0,0.0,0.0,0.0,0.0,-0.8705997168437866,-0.18005869986395798,-33.493407294670554,21.54566070218053
3twp_778,0.0,1.0,1.0,5.0,0.0,0.0,0.0,0.0,0.0,0.0,0.0,0.0,0.0,0.0,1.0,0.0,0.0,0.0,0.0,0.0,0.0,1.0,0.0,2.0,0.0,0.0,10.0,1.0,1.5891399557499999,1.1486825118017001,60.36,6.186493486922754,5.15733429108204,1.9036768943100854e-07,1.903676720001281e-07,0.0,0.0,0.9073742242095927,0.6155765896647747,0.0,0.0,0.0,0.0,0.0,0.0,0.0,0.0,1.5723959784584618,0.6199478530510585,0.0,0.0,0.0,0.0,0.0,0.0,0.0,0.0,0.0,0.0,0.0,0.0,0.0,0.0,0.0,0.0,0.0,0.0,0.0,0.0,0.0,0.0,0.0,0.0,0.0,0.0,0.0,0.0,0.0,0.0,0.0,0.0,0.0,0.0,0.0,0.0,0.0,0.0,0.0,0.0,0.0,0.0,0.0,0.0,0.005083633866104689,0.0050836318379507825,5.720910188048255e-14,5.707204984771034e-14,0.0,0.0,0.0,0.0,0.0,0.0,0.0,0.0,0.0,0.0,0.0,0.0,0.0,0.0,0.0,0.0,0.0,0.0,0.0,0.0,0.0,0.0,0.0,0.0,0.0,0.0,0.0,0.0,0.0,0.0,0.0,0.0,0.0,0.0,0.0,0.0,0.0,0.0,0.0,0.0,0.0,0.0,0.0,0.0,1.1138024707963996e-07,1.113788526920951e-07,0.0,0.0,0.0,0.0,0.0,0.0,0.0,0.0,0.0,0.0,0.8293221742690369,0.5376500304357168,0.0,0.0,0.0,0.0,0.0,0.0,0.0,0.0,0.0,0.0,0.0,0.0,0.0,0.0,0.0,0.0,0.0,0.0,-0.6924999813230042,-0.18417723623230456,-21.233706982936987,11.003301966476473
3twp_779,0.0,1.0,1.0,5.0,0.0,0.0,0.0,0.0,0.0,0.0,0.0,0.0,0.0,0.0,1.0,0.0,0.0,0.0,0.0,0.0,0.0,1.0,0.0,2.0,0.0,0.0,10.0,1.0,1.5891399557499999,1.1486825118017001,60.36,3.956969378007502,3.9521112556035924,0.6520196069229345,0.6520196067232309,0.0,0.0,1.7087810734089288,1.7087740319495244,1.950003303328313e-24,1.950003303328313e-24,0.0,0.0,0.0,0.0,0.0,0.0,2.006706594957227,0.5919350846600117,8.194449830825628e-09,8.194401713284601e-09,0.0,0.0,0.0,0.0,0.0,0.0,0.0,0.0,0.0,0.0,0.0,0.0,0.0,0.0,0.0,0.0,0.0,0.0,0.0,0.0,0.0,0.0,0.0,0.0,0.0,0.0,0.0,0.0,0.0,0.0,0.0,0.0,0.0,0.0,0.0,0.0,0.0,0.0,0.0,0.0,0.0,0.0,1.0000180994273593,1.0,0.652018929724325,0.6520189297227194,0.0,0.0,0.0,0.0,0.0,0.0,0.0,0.0,0.0,0.0,0.0,0.0,0.0,0.0,0.0,0.0,0.0,0.0,0.0,0.0,0.0,0.0,0.0,0.0,0.0,0.0,0.0,0.0,0.0,0.0,0.0,0.0,0.0,0.0,0.0,0.0,0.0,0.0,0.0,0.0,0.0,0.0,0.0,0.0,0.7266624773863247,0.7266624202242548,5.599904456273391e-25,5.599904456273391e-25,0.0,0.0,0.0,0.0,0.0,0.0,0.0,0.0,0.8911502301302022,0.891149670351685,1.1798582552970743e-24,1.1798582552970743e-24,0.0,0.0,0.0,0.0,0.0,0.0,0.0,0.0,0.0,0.0,0.0,0.0,0.0,0.0,0.0,0.0,-0.5891007273498411,-0.1541815481308383,-32.5853517991732,19.35591257340304
3twp_785,0.0,1.0,1.0,5.0,0.0,0.0,0.0,0.0,0.0,0.0,0.0,0.0,0.0,0.0,1.0,0.0,0.0,0.0,0.0,0.0,0.0,1.0,0.0,2.0,0.0,0.0,10.0,1.0,1.5891399557499999,1.1486825118017001,60.36,7.623446210786865,7.028872319437571,0.38046282306847945,0.3804627796962405,4.395056124168995e-19,4.395056124168995e-19,2.456972033874145,2.2644794391115575,1.6697107114399588e-22,1.6697107114399588e-22,0.0,0.0,0.0,0.0,0.0,0.0,3.0257975812910387,0.7985090189465565,5.768320238522539e-10,4.936972138222335e-10,0.0,0.0,0.0,0.0,0.0,0.0,0.0,0.0,0.0,0.0,0.0,0.0,0.0,0.0,0.0,0.0,0.0,0.0,0.0,0.0,0.0,0.0,0.0,0.0,0.0,0.0,0.0,0.0,0.0,0.0,0.0,0.0,0.0,0.0,0.0,0.0,0.0,0.0,0.0,0.0,0.0,0.0,0.9999971787808885,0.9999963902404942,0.38033754215452825,0.380337541959475,0.0,0.0,0.0,0.0,0.0,0.0,0.0,0.0,0.0,0.0,0.0,0.0,0.0,0.0,0.0,0.0,0.0,0.0,0.0,0.0,0.0,0.0,0.0,0.0,0.0,0.0,0.0,0.0,0.0,0.0,0.0,0.0,0.0,0.0,0.0,0.0,0.0,0.0,0.0,0.0,0.0,0.0,0.0,0.0,0.9853094470833015,0.9853094260093442,1.9191701518748874e-24,1.9191701518748874e-24,0.0,0.0,0.0,0.0,0.0,0.0,0.0,0.0,5.6805627525229014e-05,5.680500106347397e-05,0.0,0.0,0.0,0.0,0.0,0.0,0.0,0.0,0.0,0.0,0.0,0.0,0.0,0.0,0.0,0.0,0.0,0.0,-0.8595849161871635,-0.11263459378476703,-43.32453112248858,24.322385707671156
3twp_8,0.0,1.0,1.0,5.0,0.0,0.0,0.0,0.0,0.0,0.0,0.0,0.0,0.0,0.0,1.0,0.0,0.0,0.0,0.0,0.0,0.0,1.0,0.0,2.0,0.0,0.0,10.0,1.0,1.5891399557499999,1.1486825118017001,60.36,0.945441895218191,0.9454417806010477,0.07862066920320109,0.07846000328394692,7.659003728947792e-11,7.658913389728851e-11,0.09329594275367761,0.09139266677604697,9.532252595650249e-11,9.531663250161037e-11,0.0,0.0,0.0,0.0,0.0,0.0,5.656756609099134,0.7985094864870643,0.003641677515155214,0.0036416774621371227,0.0,0.0,0.0,0.0,0.0,0.0,0.0,0.0,0.0,0.0,0.0,0.0,0.0,0.0,0.0,0.0,0.0,0.0,0.0,0.0,0.0,0.0,0.0,0.0,0.0,0.0,0.0,0.0,0.0,0.0,0.0,0.0,0.0,0.0,0.0,0.0,0.0,0.0,0.0,0.0,0.0,0.0,2.1500049729029894e-10,1.2647529083436227e-10,3.06662719434587e-09,3.063173721543019e-09,9.504462893946488e-18,9.332146974210655e-18,0.0,0.0,0.0,0.0,0.0,0.0,0.0,0.0,0.0,0.0,0.0,0.0,0.0,0.0,0.0,0.0,0.0,0.0,0.0,0.0,0.0,0.0,0.0,0.0,0.0,0.0,0.0,0.0,0.0,0.0,0.0,0.0,0.0,0.0,0.0,0.0,0.0,0.0,0.0,0.0,0.0,0.0,0.026241426023901403,0.024375697929225292,3.8305728292864864e-19,2.3723797287582412e-19,0.0,0.0,0.0,0.0,0.0,0.0,0.0,0.0,0.061176887671788194,0.06117669618623299,1.770028227624308e-14,1.2140621834610584e-14,0.0,0.0,0.0,0.0,0.0,0.0,0.0,0.0,0.0,0.0,0.0,0.0,0.0,0.0,0.0,0.0,-1.1883150636834054,-0.14945481243608463,-74.54930789984948,44.58992462866136
3twp_827,0.0,1.0,1.0,5.0,0.0,0.0,0.0,0.0,0.0,0.0,0.0,0.0,0.0,0.0,1.0,0.0,0.0,0.0,0.0,0.0,0.0,1.0,0.0,2.0,0.0,0.0,10.0,1.0,1.5891399557499999,1.1486825118017001,60.36,7.000668181565756,5.999935732784921,1.0446210090410908,1.0446210044807915,0.0,0.0,2.907868108640298,2.547947085956434,3.8856925902241434e-24,3.693639802400876e-24,0.0,0.0,0.0,0.0,0.0,0.0,2.1101362684966554,0.5919354676287063,3.3898769112474734e-10,3.3898769112474734e-10,0.0,0.0,0.0,0.0,0.0,0.0,0.0,0.0,0.0,0.0,0.0,0.0,0.0,0.0,0.0,0.0,0.0,0.0,0.0,0.0,0.0,0.0,0.0,0.0,0.0,0.0,0.0,0.0,0.0,0.0,0.0,0.0,0.0,0.0,0.0,0.0,0.0,0.0,0.0,0.0,0.0,0.0,1.0000435241730325,0.999999999675689,0.8164486639344926,0.8164486638925352,0.0,0.0,0.0,0.0,0.0,0.0,0.0,0.0,0.0,0.0,0.0,0.0,0.0,0.0,0.0,0.0,0.0,0.0,0.0,0.0,0.0,0.0,0.0,0.0,0.0,0.0,0.0,0.0,0.0,0.0,0.0,0.0,0.0,0.0,0.0,0.0,0.0,0.0,0.0,0.0,0.0,0.0,0.0,0.0,0.5011255848405967,0.5011249200624225,1.4974820201769988e-24,1.4974820201769988e-24,0.0,0.0,0.0,0.0,0.0,0.0,0.0,0.0,0.8347557543726845,0.47484294923281045,0.0,0.0,0.0,0.0,0.0,0.0,0.0,0.0,0.0,0.0,0.0,0.0,0.0,0.0,0.0,0.0,0.0,0.0,-1.2652879790098217,-0.2585909972731381,-43.702536701134704,29.291767370844795
3twp_912,0.0,1.0,1.0,5.0,0.0,0.0,0.0,0.0,0.0,0.0,0.0,0.0,0.0,0.0,1.0,0.0,0.0,0.0,0.0,0.0,0.0,1.0,0.0,2.0,0.0,0.0,10.0,1.0,1.5891399557499999,1.1486825118017001,60.36,2.328181309127948,1.9216165306032282,0.8422511834097298,0.8422371654153523,3.1881072314781824e-17,3.137369459944468e-17,1.872256883451008,1.8721438790900198,2.4674552213559396e-20,2.1131293319350452e-20,0.0,0.0,0.0,0.0,0.0,0.0,2.692448617325778,0.6681534370888182,9.212033631681857e-12,9.194354585005456e-12,0.0,0.0,0.0,0.0,0.0,0.0,0.0,0.0,0.0,0.0,0.0,0.0,0.0,0.0,0.0,0.0,0.0,0.0,0.0,0.0,0.0,0.0,0.0,0.0,0.0,0.0,0.0,0.0,0.0,0.0,0.0,0.0,0.0,0.0,0.0,0.0,0.0,0.0,0.0,0.0,0.0,0.0,1.000162862066948,1.0,0.714759535953077,0.7147595357709543,0.0,0.0,0.0,0.0,0.0,0.0,0.0,0.0,0.0,0.0,0.0,0.0,0.0,0.0,0.0,0.0,0.0,0.0,0.0,0.0,0.0,0.0,0.0,0.0,0.0,0.0,0.0,0.0,0.0,0.0,0.0,0.0,0.0,0.0,0.0,0.0,0.0,0.0,0.0,0.0,0.0,0.0,0.0,0.0,0.8771874687837461,0.8771871929840322,2.3554166372118937e-24,2.3554166372118937e-24,0.0,0.0,0.0,0.0,0.0,0.0,0.0,0.0,0.9919125989616969,0.9917999778782683,2.4554864258805838e-20,2.1012798689370487e-20,0.0,0.0,0.0,0.0,0.0,0.0,0.0,0.0,0.0,0.0,0.0,0.0,0.0,0.0,0.0,0.0,-0.9944279930840734,-0.19780377055712733,-56.201911549907486,38.67370146613242
3twp_92,0.0,1.0,1.0,5.0,0.0,0.0,0.0,0.0,0.0,0.0,0.0,0.0,0.0,0.0,1.0,0.0,0.0,0.0,0.0,0.0,0.0,1.0,0.0,2.0,0.0,0.0,10.0,1.0,1.5891399557499999,1.1486825118017001,60.36,5.122600923393249e-06,4.830811346633855e-06,1.0618656859673694,0.9659415550824482,1.897445209259411e-12,1.8968642668363083e-12,0.14410454330488265,0.14392588043501542,4.450375208632376e-12,4.45036475568344e-12,0.0,0.0,0.0,0.0,0.0,0.0,4.996852875068722,0.7985094865591968,0.2029170037189938,0.2029170025081711,0.0,0.0,0.0,0.0,0.0,0.0,0.0,0.0,0.0,0.0,0.0,0.0,0.0,0.0,0.0,0.0,0.0,0.0,0.0,0.0,0.0,0.0,0.0,0.0,0.0,0.0,0.0,0.0,0.0,0.0,0.0,0.0,0.0,0.0,0.0,0.0,0.0,0.0,0.0,0.0,0.0,0.0,3.475581914010693e-06,3.1838413460716422e-06,0.11140128237129766,0.1114012146903262,1.0820093970507322e-12,1.081658452516994e-12,0.0,0.0,0.0,0.0,0.0,0.0,0.0,0.0,0.0,0.0,0.0,0.0,0.0,0.0,0.0,0.0,0.0,0.0,0.0,0.0,0.0,0.0,0.0,0.0,0.0,0.0,0.0,0.0,0.0,0.0,0.0,0.0,0.0,0.0,0.0,0.0,0.0,0.0,0.0,0.0,0.0,0.0,3.2031571802230545e-11,3.1852641636822577e-11,2.643884629697679e-12,2.6438844962898983e-12,0.0,0.0,0.0,0.0,0.0,0.0,0.0,0.0,0.0486209916930265,0.048443151756578214,1.8041386899808272e-12,1.8041315888139924e-12,0.0,0.0,0.0,0.0,0.0,0.0,0.0,0.0,0.0,0.0,0.0,0.0,0.0,0.0,0.0,0.0,-1.2019272727770867,-0.16830532701201845,-77.13998925753651,46.4656990789433
