,PDB code,Affinity Data Type,Affinity Data Value,pKd pKi pIC50,delta G,1/K
4,1zsb,Kd,250000000.0,0.60,-0.82,0.0
8,3k41,Kd,150000000.0,0.82,-1.12,0.0
10,2w97,Kd,110000000.0,0.96,-1.31,0.0
15,1maw,Kd,80000000.0,1.10,-1.5,0.0
25,1a0t,Kd,50000000.0,1.30,-1.77,0.0
27,2igw,Kd,49000000.0,1.31,-1.79,0.0
33,3nm6,Kd,45000000.0,1.35,-1.84,0.0
34,1qpb,Kd,44000000.0,1.36,-1.85,0.0
38,3eor,Kd,40000000.0,1.40,-1.91,0.0
40,1utp,Kd,36000000.0,1.44,-1.97,0.0
60,1hgj,Kd,22000000.0,1.66,-2.26,0.0
65,3gf2,Kd,20000000.0,1.70,-2.32,0.0
70,2jjc,Kd,19000000.0,1.72,-2.35,0.0
71,3ern,Kd,18910000.0,1.72,-2.35,0.0
81,3f39,Kd,16500000.0,1.78,-2.43,0.0
86,1af6,Kd,15000000.0,1.82,-2.49,0.0
96,1mwt,Kd,13300000.0,1.88,-2.56,0.0
98,2ay2,Kd,13100000.0,1.88,-2.57,0.0
106,3ehn,Kd,12000000.0,1.92,-2.62,0.0
117,1wdq,Kd,10450000.0,1.98,-2.7,0.0
123,2bmv,Kd,10000000.0,2.00,-2.73,0.0
125,2r58,Kd,10000000.0,2.00,-2.73,0.0
126,3c2f,Kd,10100000.0,2.00,-2.72,0.0
146,2zg3,Kd,8700000.0,2.06,-2.81,0.0
153,2zg1,Kd,8000000.0,2.10,-2.86,0.0
161,2w8w,Kd,7500000.0,2.12,-2.9,0.0
169,1uxb,Kd,7000000.0,2.15,-2.94,0.0
177,2ay9,Kd,6900000.0,2.16,-2.95,0.0
199,1x8d,Kd,6160000.0,2.21,-3.01,0.0
203,2aac,Kd,6000000.0,2.22,-3.03,0.0
213,2igv,Kd,5900000.0,2.23,-3.04,0.0
217,2ay8,Kd,5800000.0,2.24,-3.05,0.0
227,1hge,Kd,5400000.0,2.27,-3.09,0.0
228,1uto,Kd,5320000.0,2.27,-3.1,0.0
235,2ay1,Kd,5140000.0,2.29,-3.12,0.0
242,1uxa,Kd,5000000.0,2.30,-3.14,0.0
244,2ay7,Kd,5000000.0,2.30,-3.14,0.0
276,6rnt,Kd,4300000.0,2.37,-3.23,0.0
277,3f6e,Kd,4139999.9999999995,2.38,-3.25,0.0
292,2wsx,Kd,3900000.0,2.41,-3.28,0.0
303,1oba,Kd,3600000.0,2.44,-3.33,0.0
311,1gbq,Kd,3500000.0,2.46,-3.35,0.0
321,1tok,Kd,3400000.0,2.47,-3.37,0.0
322,1utl,Kd,3410000.0,2.47,-3.36,0.0
347,1wdr,Kd,3050000.0,2.52,-3.43,0.0
348,3ad7,Kd,3010000.0,2.52,-3.44,0.0
349,3bf1,Kd,3000000.0,2.52,-3.44,0.0
362,1kf0,Kd,2800000.0,2.55,-3.48,0.0
369,1gwv,Kd,2680000.0,2.57,-3.51,0.0
371,2wq4,Kd,2700000.0,2.57,-3.5,0.0
375,2ay5,Kd,2600000.0,2.59,-3.52,0.0
376,2jst,Kd,2600000.0,2.59,-3.52,0.0
384,2r5a,Kd,2500000.0,2.60,-3.55,0.0
390,1cze,Kd,2400000.0,2.62,-3.57,0.0
392,2kfh,Kd,2400000.0,2.62,-3.57,0.0
393,3f37,Kd,2400000.0,2.62,-3.57,0.0
394,3f38,Kd,2400000.0,2.62,-3.57,0.0
413,3a1e,Kd,2200000.0,2.66,-3.62,0.0
419,1hgi,Kd,2100000.0,2.68,-3.65,0.0
427,3elc,Kd,2020000.0,2.69,-3.67,0.0
436,2ha4,Kd,2000000.0,2.70,-3.68,0.0
437,2krd,Kd,2000000.0,2.70,-3.68,0.0
440,2uyn,Kd,2000000.0,2.70,-3.68,0.0
441,3bra,Kd,2000000.0,2.70,-3.68,0.0
445,3gk2,Kd,2000000.0,2.70,-3.68,0.0
457,1pfu,Kd,1900000.0,2.72,-3.71,0.0
468,2vyt,Kd,1840000.0,2.74,-3.73,0.0
520,1czc,Kd,1500000.0,2.82,-3.85,0.0
521,1p17,Kd,1500000.0,2.82,-3.85,0.0
528,3lka,Kd,1500000.0,2.82,-3.85,0.0
544,2a29,Kd,1400000.0,2.85,-3.89,0.0
572,2k2r,Kd,1300000.0,2.89,-3.93,0.0
575,3f36,Kd,1300000.0,2.89,-3.93,0.0
597,2ay4,Kd,1240000.0,2.91,-3.96,0.0
608,2fkf,Kd,1200000.0,2.92,-3.98,0.0
609,2fw6,Kd,1200000.0,2.92,-3.98,0.0
610,2fwp,Kd,1200000.0,2.92,-3.98,0.0
611,2kfg,Kd,1200000.0,2.92,-3.98,0.0
645,2vmc,Kd,1150000.0,2.94,-4.01,0.0
653,1ykp,Kd,1100000.0,2.96,-4.03,0.0
655,2kdh,Kd,1100000.0,2.96,-4.03,0.0
656,2w8j,Kd,1100000.0,2.96,-4.03,0.0
658,3imc,Kd,1100000.0,2.96,-4.03,0.0
659,3img,Kd,1100000.0,2.96,-4.03,0.0
671,2rnw,Kd,1051000.0,2.98,-4.06,0.0
672,3ckb,Kd,1040000.0,2.98,-4.07,0.0
683,1ux7,Kd,1000000.0,3.00,-4.09,0.0
685,1ws4,Kd,1000000.0,3.00,-4.09,0.0
689,2q8h,Kd,1000000.0,3.00,-4.09,0.0
691,2v3u,Kd,1000000.0,3.00,-4.09,0.0
695,2xgm,Kd,1000000.0,3.00,-4.09,0.0
696,2xgo,Kd,1000000.0,3.00,-4.09,0.0
699,3d9o,Kd,1000000.0,3.00,-4.09,0.0
702,3ime,Kd,1000000.0,3.00,-4.09,0.0
734,1utm,Kd,972000.0,3.01,-4.11,0.0
738,2vmd,Kd,950000.0,3.02,-4.12,0.0
747,1ogd,Kd,930000.0,3.03,-4.13,0.0
748,1ws5,Kd,926000.0,3.03,-4.14,0.0
750,2ha3,Kd,930000.0,3.03,-4.13,0.0
751,3adv,Kd,933000.0,3.03,-4.13,0.0
752,3esj,Kd,925000.0,3.03,-4.14,0.0
773,2ohl,Kd,900000.0,3.05,-4.15,0.0
800,1hiy,Kd,830000.0,3.08,-4.2,0.0
808,1ugw,Kd,820000.0,3.09,-4.21,0.0
816,1swi,Kd,800000.0,3.10,-4.22,0.0
817,2xdl,Kd,790000.0,3.10,-4.23,0.0
818,3buf,Kd,800000.0,3.10,-4.22,0.0
819,3f78,Kd,800000.0,3.10,-4.22,0.0
820,3mo8,Kd,800000.0,3.10,-4.22,0.0
839,1uod,Kd,780000.0,3.11,-4.24,0.0
841,2ay6,Kd,780000.0,3.11,-4.24,0.0
844,3c2r,Kd,780000.0,3.11,-4.24,0.0
862,1ax0,Kd,746000.0,3.13,-4.26,0.0
877,1k9q,Kd,700000.0,3.15,-4.3,0.0
881,1rin,Kd,700000.0,3.15,-4.3,0.0
882,2fr8,Kd,700000.0,3.15,-4.3,0.0
883,2p8n,Kd,700000.0,3.15,-4.3,0.0
884,3cgy,Kd,715000.0,3.15,-4.29,0.0
885,3e73,Kd,700000.0,3.15,-4.3,0.0
901,3ad8,Kd,690000.0,3.16,-4.31,0.0
903,3f34,Kd,690000.0,3.16,-4.31,0.0
904,3f35,Kd,690000.0,3.16,-4.31,0.0
905,3kpu,Kd,690000.0,3.16,-4.31,0.0
906,3lk0,Kd,696900.0,3.16,-4.3,0.0
919,1lbk,Kd,668000.0,3.18,-4.33,0.0
921,2wik,Kd,660000.0,3.18,-4.34,0.0
923,3bug,Kd,660000.0,3.18,-4.34,0.0
943,1axz,Kd,637000.0,3.20,-4.36,0.0
946,2wij,Kd,630000.0,3.20,-4.36,0.0
954,1s5z,Kd,620000.0,3.21,-4.37,0.0
964,1evh,Kd,602000.0,3.22,-4.39,0.0
967,1q5l,Kd,600000.0,3.22,-4.39,0.0
969,1tog,Kd,600000.0,3.22,-4.39,0.0
971,1zc9,Kd,600000.0,3.22,-4.39,0.0
1011,1l5s,Kd,550000.0,3.26,-4.44,0.0
1018,3ioe,Kd,540000.0,3.27,-4.46,0.0
1023,1bcu,Kd,530000.0,3.28,-4.47,0.0
1025,1x07,Kd,520000.0,3.28,-4.48,0.0
1026,2xgs,Kd,530000.0,3.28,-4.47,0.0
1038,1ax1,Kd,515000.0,3.29,-4.48,0.0
1043,1d7j,Kd,500000.0,3.30,-4.5,0.0
1044,1k9r,Kd,500000.0,3.30,-4.5,0.0
1054,2w0s,Kd,500000.0,3.30,-4.5,0.0
1059,3hcm,Kd,500000.0,3.30,-4.5,0.0
1091,181l,Kd,480000.0,3.32,-4.52,0.0
1093,1rml,Kd,474000.0,3.32,-4.53,0.0
1094,227l,Kd,480000.0,3.32,-4.52,0.0
1096,3dmx,Kd,480000.0,3.32,-4.52,0.0
1097,3guj,Kd,480000.0,3.32,-4.52,0.0
1098,3hh4,Kd,480000.0,3.32,-4.52,0.0
1117,188l,Kd,470000.0,3.33,-4.54,0.0
1118,1jlr,Kd,465000.0,3.33,-4.54,0.0
1130,3f33,Kd,460000.0,3.34,-4.55,0.0
1140,3c2o,Kd,450000.0,3.35,-4.56,0.0
1153,1ahy,Kd,440000.0,3.36,-4.58,0.0
1155,2ha7,Kd,440000.0,3.36,-4.58,0.0
1167,187l,Kd,422000.0,3.37,-4.6,0.0
1171,225l,Kd,422000.0,3.37,-4.6,0.0
1175,3gum,Kd,422000.0,3.37,-4.6,0.0
1189,1toj,Kd,410000.0,3.39,-4.62,0.0
1208,1ikt,Kd,400000.0,3.40,-4.63,0.0
1211,1l83,Kd,400000.0,3.40,-4.63,0.0
1212,1m83,Kd,400000.0,3.40,-4.63,0.0
1215,220l,Kd,400000.0,3.40,-4.63,0.0
1216,223l,Kd,400000.0,3.40,-4.63,0.0
1218,2jqk,Kd,402000.0,3.40,-4.63,0.0
1221,2rnx,Kd,402000.0,3.40,-4.63,0.0
1223,3jzh,Kd,400000.0,3.40,-4.63,0.0
1239,2qtn,Kd,382000.0,3.42,-4.66,0.0
1241,2w08,Kd,380000.0,3.42,-4.66,0.0
1242,3iob,Kd,380000.0,3.42,-4.66,0.0
1243,3kqp,Kd,380000.0,3.42,-4.66,0.0
1244,3muk,Kd,380000.0,3.42,-4.66,0.0
1254,1ywi,Kd,371000.0,3.43,-4.68,0.0
1256,2wig,Kd,370000.0,3.43,-4.68,0.0
1279,1dwb,Kd,355000.0,3.45,-4.7,0.0
1280,3d49,Kd,355000.0,3.45,-4.7,0.0
1281,3nik,Kd,358800.0,3.45,-4.7,0.0
1292,3dla,Kd,350000.0,3.46,-4.71,0.0
1294,3nil,Kd,343200.0,3.46,-4.72,0.0
1321,1osv,Kd,330000.0,3.48,-4.75,0.0
1326,2p3i,Kd,330000.0,3.48,-4.75,0.0
1327,3d9m,Kd,330000.0,3.48,-4.75,0.0
1331,3gx0,Kd,330000.0,3.48,-4.75,0.0
1344,1gzc,Kd,320000.0,3.49,-4.76,0.0
1346,1utn,Kd,321000.0,3.49,-4.76,0.0
1349,3d1v,Kd,324000.0,3.49,-4.76,0.0
1367,1gz9,Kd,310000.0,3.51,-4.78,0.0
1369,2r0h,Kd,310000.0,3.51,-4.78,0.0
1380,1imx,Kd,300000.0,3.52,-4.8,0.0
1384,1ysg,Kd,300000.0,3.52,-4.8,0.0
1389,3lcu,Kd,300000.0,3.52,-4.8,0.0
1406,2b4m,Kd,295000.0,3.53,-4.81,0.0
1416,185l,Kd,290000.0,3.54,-4.82,0.0
1417,1vjd,Kd,286000.0,3.54,-4.83,0.0
1418,2jbv,Kd,290000.0,3.54,-4.82,0.0
1419,2o9v,Kd,288000.0,3.54,-4.83,0.0
1423,3obq,Kd,290000.0,3.54,-4.82,0.0
1437,2ay3,Kd,280000.0,3.55,-4.84,0.0
1438,2cle,Kd,280000.0,3.55,-4.84,0.0
1439,2clf,Kd,280000.0,3.55,-4.84,0.0
1440,2clm,Kd,280000.0,3.55,-4.84,0.0
1465,2hrm,Kd,278500.0,3.56,-4.85,0.0
1472,1jwm,Kd,270000.0,3.57,-4.87,0.0
1474,2l1r,Kd,270000.0,3.57,-4.87,0.0
1475,2rly,Kd,270000.0,3.57,-4.87,0.0
1490,1vjc,Kd,263000.0,3.58,-4.88,0.0
1498,1gww,Kd,258000.0,3.59,-4.89,0.0
1499,1nli,Kd,260000.0,3.59,-4.89,0.0
1501,2nn8,Kd,260000.0,3.59,-4.89,0.0
1518,1d7i,Kd,250000.0,3.60,-4.91,0.0
1534,2qpu,Kd,250000.0,3.60,-4.91,0.0
1535,2wp1,Kd,251000.0,3.60,-4.91,0.0
1536,2xdk,Kd,250000.0,3.60,-4.91,0.0
1538,3afk,Kd,251890.0,3.60,-4.91,0.0
1540,3bb1,Kd,250000.0,3.60,-4.91,0.0
1544,3m3o,Kd,250630.0,3.60,-4.91,0.0
1564,8gpb,Kd,250000.0,3.60,-4.91,0.0
1566,2kff,Kd,245000.0,3.61,-4.92,0.0
1570,3jzj,Kd,248000.0,3.61,-4.92,0.0
1609,1j5i,Kd,230000.0,3.64,-4.96,0.0
1611,2pem,Kd,230000.0,3.64,-4.96,0.0
1638,2qv7,Kd,219000.0,3.66,-4.99,0.0
1639,2rny,Kd,218000.0,3.66,-4.99,0.0
1640,2v00,Kd,220000.0,3.66,-4.99,0.0
1643,3buh,Kd,220000.0,3.66,-4.99,0.0
1648,3oy8,Kd,220000.0,3.66,-4.99,0.0
1649,3pcn,Kd,220000.0,3.66,-4.99,0.0
1680,1qsc,Kd,210000.0,3.68,-5.01,0.0
1681,2jff,Kd,210000.0,3.68,-5.01,0.0
1684,3ioc,Kd,210000.0,3.68,-5.01,0.0
1685,3isj,Kd,210000.0,3.68,-5.01,0.0
1700,1l2z,Kd,203000.0,3.69,-5.03,0.0
1701,2a8g,Kd,205000.0,3.69,-5.03,0.0
1702,3clp,Kd,205100.0,3.69,-5.03,0.0
1716,1bcj,Kd,200000.0,3.70,-5.04,1e-05
1718,1fwu,Kd,200000.0,3.70,-5.04,1e-05
1725,1w70,Kd,200000.0,3.70,-5.04,1e-05
1727,2bjm,Kd,200000.0,3.70,-5.04,1e-05
1728,2bmz,Kd,200000.0,3.70,-5.04,1e-05
1733,3kd7,Kd,200000.0,3.70,-5.04,1e-05
1734,3l59,Kd,200000.0,3.70,-5.04,1e-05
1761,183l,Kd,193000.0,3.71,-5.06,1e-05
1762,2vfk,Kd,194000.0,3.71,-5.06,1e-05
1763,3fj7,Kd,195000.0,3.71,-5.06,1e-05
1771,1fwv,Kd,190000.0,3.72,-5.07,1e-05
1773,1ugy,Kd,190000.0,3.72,-5.07,1e-05
1775,2r23,Kd,190000.0,3.72,-5.07,1e-05
1791,1b2m,Kd,185000.0,3.73,-5.09,1e-05
1794,3fjg,Kd,187000.0,3.73,-5.08,1e-05
1795,3h91,Kd,185000.0,3.73,-5.09,1e-05
1804,1oh4,Kd,180000.0,3.74,-5.11,1e-05
1805,2dwx,Kd,180000.0,3.74,-5.11,1e-05
1807,2wq5,Kd,180000.0,3.74,-5.11,1e-05
1809,3kpv,Kd,180000.0,3.74,-5.11,1e-05
1846,2i30,Kd,171000.0,3.77,-5.14,1e-05
1854,3kqm,Kd,170000.0,3.77,-5.14,1e-05
1882,3nq3,Kd,167000.0,3.78,-5.15,1e-05
1889,2clk,Kd,164000.0,3.79,-5.16,1e-05
1896,1li6,Kd,160000.0,3.80,-5.18,1e-05
1897,1nje,Kd,160000.0,3.80,-5.18,1e-05
1925,1mxl,Kd,154000.0,3.81,-5.2,1e-05
1926,2hu6,Kd,154000.0,3.81,-5.2,1e-05
1927,2jup,Kd,156000.0,3.81,-5.19,1e-05
1928,2o9a,Kd,156200.0,3.81,-5.19,1e-05
1939,1hn4,Kd,150000.0,3.82,-5.21,1e-05
1961,1r0x,Kd,149000.0,3.83,-5.22,1e-05
1962,1r10,Kd,149000.0,3.83,-5.22,1e-05
1969,1bky,Kd,144000.0,3.84,-5.24,1e-05
1972,1utj,Kd,144000.0,3.84,-5.24,1e-05
1973,2k4i,Kd,143000.0,3.84,-5.24,1e-05
1974,3ck8,Kd,146000.0,3.84,-5.23,1e-05
1977,3lzz,Kd,146000.0,3.84,-5.23,1e-05
1992,1sre,Kd,140000.0,3.85,-5.25,1e-05
1995,2vhq,Kd,140000.0,3.85,-5.25,1e-05
1998,3kqo,Kd,140000.0,3.85,-5.25,1e-05
2013,3lbz,Kd,138000.0,3.86,-5.26,1e-05
2026,1aj7,Kd,135000.0,3.87,-5.28,1e-05
2027,1v16,Kd,134800.0,3.87,-5.28,1e-05
2032,3ikf,Kd,135000.0,3.87,-5.28,1e-05
2057,1xfv,Kd,130000.0,3.89,-5.3,1e-05
2062,3obx,Kd,130000.0,3.89,-5.3,1e-05
2079,1avn,Kd,125000.0,3.90,-5.32,1e-05
2081,1slg,Kd,125000.0,3.90,-5.32,1e-05
2085,2vhj,Kd,125000.0,3.90,-5.32,1e-05
2086,2vuk,Kd,125000.0,3.90,-5.32,1e-05
2087,2wor,Kd,125000.0,3.90,-5.32,1e-05
2088,2wos,Kd,125000.0,3.90,-5.32,1e-05
2108,9icd,Kd,125000.0,3.90,-5.32,1e-05
2110,2oei,Kd,124000.0,3.91,-5.33,1e-05
2112,3l5b,Kd,123000.0,3.91,-5.33,1e-05
2117,1ahx,Kd,120000.0,3.92,-5.35,1e-05
2126,3fgc,Kd,120000.0,3.92,-5.35,1e-05
2127,3gk4,Kd,120000.0,3.92,-5.35,1e-05
2141,2a5b,Kd,117000.0,3.93,-5.36,1e-05
2142,2cbz,Kd,118000.0,3.93,-5.36,1e-05
2143,3jvk,Kd,118000.0,3.93,-5.36,1e-05
2151,1v1m,Kd,115000.0,3.94,-5.37,1e-05
2152,1z3t,Kd,115000.0,3.94,-5.37,1e-05
2154,3bwk,Kd,114000.0,3.94,-5.38,1e-05
2163,182l,Kd,112000.0,3.95,-5.39,1e-05
2166,3fsj,Kd,113000.0,3.95,-5.38,1e-05
2167,3kze,Kd,112000.0,3.95,-5.39,1e-05
2178,1x9d,Kd,110000.0,3.96,-5.4,1e-05
2181,2kvm,Kd,108400.0,3.96,-5.41,1e-05
2182,2l1b,Kd,110000.0,3.96,-5.4,1e-05
2183,2odd,Kd,109400.0,3.96,-5.4,1e-05
2186,2x13,Kd,109000.0,3.96,-5.4,1e-05
2187,2x14,Kd,109000.0,3.96,-5.4,1e-05
2191,3c39,Kd,109000.0,3.96,-5.4,1e-05
2192,3c3a,Kd,109000.0,3.96,-5.4,1e-05
2193,3c3c,Kd,109000.0,3.96,-5.4,1e-05
2195,3guo,Kd,109000.0,3.96,-5.4,1e-05
2216,1l5q,Kd,108000.0,3.97,-5.41,1e-05
2217,2flh,Kd,106000.0,3.97,-5.42,1e-05
2226,1v11,Kd,104800.0,3.98,-5.43,1e-05
2244,1ax2,Kd,103000.0,3.99,-5.44,1e-05
2247,2q8y,Kd,102000.0,3.99,-5.44,1e-05
2248,3chg,Kd,102000.0,3.99,-5.44,1e-05
2259,1fhr,Kd,100000.0,4.00,-5.45,1e-05
2261,1j4k,Kd,100000.0,4.00,-5.45,1e-05
2264,1lgw,Kd,100000.0,4.00,-5.45,1e-05
2272,2bow,Kd,100000.0,4.00,-5.45,1e-05
2274,2buv,Kd,100000.0,4.00,-5.45,1e-05
2277,2j9l,Kd,100000.0,4.00,-5.45,1e-05
2278,2ja3,Kd,100000.0,4.00,-5.45,1e-05
2279,2kfx,Kd,100000.0,4.00,-5.45,1e-05
2280,2kp8,Kd,100000.0,4.00,-5.45,1e-05
2285,2rin,Kd,100000.0,4.00,-5.45,1e-05
2286,2whp,Kd,100000.0,4.00,-5.45,1e-05
2287,3a1c,Kd,100000.0,4.00,-5.45,1e-05
2291,3ijh,Kd,100000.0,4.00,-5.45,1e-05
2323,1b42,Kd,97900.0,4.01,-5.47,1e-05
2326,2aoi,Kd,96700.0,4.01,-5.47,1e-05
2329,3fzn,Kd,97000.0,4.01,-5.47,1e-05
2330,3kqw,Kd,97000.0,4.01,-5.47,1e-05
2362,1mv0,Kd,93300.0,4.03,-5.49,1e-05
2366,2rm0,Kd,94000.0,4.03,-5.49,1e-05
2367,2w0z,Kd,93800.0,4.03,-5.49,1e-05
2369,3bxh,Kd,94340.0,4.03,-5.49,1e-05
2371,3nq9,Kd,92600.0,4.03,-5.5,1e-05
2393,1l7x,Kd,92000.0,4.04,-5.5,1e-05
2394,1li2,Kd,91000.0,4.04,-5.51,1e-05
2404,1awi,Kd,90000.0,4.05,-5.52,1e-05
2406,1r4w,Kd,90000.0,4.05,-5.52,1e-05
2407,1toi,Kd,90000.0,4.05,-5.52,1e-05
2411,3ck7,Kd,89000.0,4.05,-5.52,1e-05
2412,3d9n,Kd,90000.0,4.05,-5.52,1e-05
2414,3isw,Kd,90000.0,4.05,-5.52,1e-05
2415,3n8k,Kd,90000.0,4.05,-5.52,1e-05
2426,2clh,Kd,87600.0,4.06,-5.53,1e-05
2427,2clo,Kd,87600.0,4.06,-5.53,1e-05
2430,3m3c,Kd,86210.0,4.06,-5.54,1e-05
2442,1at6,Kd,85000.0,4.07,-5.55,1e-05
2449,2wgi,Kd,85000.0,4.07,-5.55,1e-05
2452,3mag,Kd,86000.0,4.07,-5.54,1e-05
2453,3mct,Kd,85500.0,4.07,-5.55,1e-05
2466,1lb6,Kd,84000.0,4.08,-5.56,1e-05
2468,1y2g,Kd,83100.0,4.08,-5.56,1e-05
2472,2kmx,Kd,83300.0,4.08,-5.56,1e-05
2487,1jn2,Kd,82000.0,4.09,-5.57,1e-05
2491,2v88,Kd,82100.0,4.09,-5.57,1e-05
2511,1gwm,Kd,80000.0,4.10,-5.59,1e-05
2512,1lxf,Kd,80000.0,4.10,-5.59,1e-05
2513,1odj,Kd,80000.0,4.10,-5.59,1e-05
2515,1rzx,Kd,80000.0,4.10,-5.59,1e-05
2522,3b78,Kd,80000.0,4.10,-5.59,1e-05
2524,3gk1,Kd,80000.0,4.10,-5.59,1e-05
2525,3iod,Kd,80000.0,4.10,-5.59,1e-05
2549,1d6s,Kd,78000.0,4.11,-5.6,1e-05
2550,1p19,Kd,76800.0,4.11,-5.61,1e-05
2551,1z3v,Kd,77000.0,4.11,-5.61,1e-05
2552,2c1n,Kd,78100.0,4.11,-5.6,1e-05
2554,2o9k,Kd,77000.0,4.11,-5.61,1e-05
2558,3ncr,Kd,77500.0,4.11,-5.6,1e-05
2559,3oyw,Kd,78000.0,4.11,-5.6,1e-05
2579,3a1d,Kd,75000.0,4.12,-5.62,1e-05
2581,3iew,Kd,75000.0,4.12,-5.62,1e-05
2582,3ivc,Kd,75000.0,4.12,-5.62,1e-05
2583,3ivq,Kd,76100.0,4.12,-5.62,1e-05
2610,1gny,Kd,73000.0,4.14,-5.64,1e-05
2611,1ov5,Kd,72000.0,4.14,-5.65,1e-05
2612,3adu,Kd,72800.0,4.14,-5.64,1e-05
2627,1om9,Kd,70000.0,4.15,-5.66,1e-05
2633,2vt3,Kd,70000.0,4.15,-5.66,1e-05
2637,3c8e,Kd,70000.0,4.15,-5.66,1e-05
2640,3guk,Kd,71000.0,4.15,-5.66,1e-05
2676,1nhb,Kd,68000.0,4.17,-5.68,1e-05
2679,2pl9,Kd,67400.0,4.17,-5.69,1e-05
2680,2vxj,Kd,68000.0,4.17,-5.68,1e-05
2681,3d9l,Kd,68000.0,4.17,-5.68,1e-05
2682,3gul,Kd,68000.0,4.17,-5.68,1e-05
2683,3hh6,Kd,68000.0,4.17,-5.68,1e-05
2701,1o9e,Kd,66000.0,4.18,-5.7,2e-05
2721,1at5,Kd,64000.0,4.19,-5.72,2e-05
2725,2pmc,Kd,64700.0,4.19,-5.71,2e-05
2726,2wl4,Kd,64000.0,4.19,-5.72,2e-05
2729,3cft,Kd,64000.0,4.19,-5.72,2e-05
2730,3cr5,Kd,64000.0,4.19,-5.72,2e-05
2731,3ds4,Kd,64500.0,4.19,-5.71,2e-05
2753,2r2b,Kd,63000.0,4.20,-5.73,2e-05
2755,3b8h,Kd,63700.0,4.20,-5.72,2e-05
2757,3hqh,Kd,63600.0,4.20,-5.72,2e-05
2772,1odi,Kd,62000.0,4.21,-5.74,2e-05
2773,1qk4,Kd,61000.0,4.21,-5.75,2e-05
2774,1ulg,Kd,62200.0,4.21,-5.73,2e-05
2775,1yon,Kd,61000.0,4.21,-5.75,2e-05
2797,1aze,Kd,60000.0,4.22,-5.76,2e-05
2798,1gx0,Kd,60000.0,4.22,-5.76,2e-05
2801,1pzi,Kd,60000.0,4.22,-5.76,2e-05
2805,2kzu,Kd,60000.0,4.22,-5.76,2e-05
2809,3f80,Kd,60000.0,4.22,-5.76,2e-05
2810,3kyq,Kd,60000.0,4.22,-5.76,2e-05
2827,1prl,Kd,59000.0,4.23,-5.77,2e-05
2828,1prm,Kd,59000.0,4.23,-5.77,2e-05
2833,3nii,Kd,58500.0,4.23,-5.77,2e-05
2851,2ksp,Kd,57000.0,4.24,-5.79,2e-05
2855,3h78,Kd,57000.0,4.24,-5.79,2e-05
2877,1li3,Kd,56000.0,4.25,-5.8,2e-05
2899,1u8t,Kd,55000.0,4.26,-5.81,2e-05
2900,2l12,Kd,55000.0,4.26,-5.81,2e-05
2902,3lk1,Kd,55200.0,4.26,-5.81,2e-05
2922,1g6r,Kd,54000.0,4.27,-5.82,2e-05
2923,1m5w,Kd,54000.0,4.27,-5.82,2e-05
2925,3ijg,Kd,54000.0,4.27,-5.82,2e-05
2934,1gx4,Kd,53000.0,4.28,-5.83,2e-05
2935,1i5h,Kd,53000.0,4.28,-5.83,2e-05
2937,2g96,Kd,52800.0,4.28,-5.83,2e-05
2938,2jo9,Kd,52100.0,4.28,-5.84,2e-05
2939,2vzr,Kd,52600.0,4.28,-5.83,2e-05
2941,3cr4,Kd,53000.0,4.28,-5.83,2e-05
2945,3jrs,Kd,52000.0,4.28,-5.84,2e-05
2967,2wuf,Kd,51000.0,4.29,-5.85,2e-05
2981,1det,Kd,50000.0,4.30,-5.86,2e-05
2982,1mfg,Kd,50000.0,4.30,-5.86,2e-05
2987,1xsc,Kd,50000.0,4.30,-5.86,2e-05
2988,2cli,Kd,50000.0,4.30,-5.86,2e-05
2989,2cll,Kd,50000.0,4.30,-5.86,2e-05
2991,2exg,Kd,50000.0,4.30,-5.86,2e-05
2993,2q7y,Kd,50000.0,4.30,-5.86,2e-05
2996,3ivg,Kd,50000.0,4.30,-5.86,2e-05
3001,3obu,Kd,50000.0,4.30,-5.86,2e-05
3044,1rgk,Kd,49100.0,4.31,-5.87,2e-05
3045,2tpi,Kd,49000.0,4.31,-5.88,2e-05
3046,2wkt,Kd,49000.0,4.31,-5.88,2e-05
3072,1gu3,Kd,47600.0,4.32,-5.89,2e-05
3074,2ha6,Kd,48000.0,4.32,-5.89,2e-05
3077,3c3q,Kd,48000.0,4.32,-5.89,2e-05
3078,3nth,Kd,48000.0,4.32,-5.89,2e-05
3082,4rsk,Kd,47400.0,4.32,-5.9,2e-05
3091,1olx,Kd,47100.0,4.33,-5.9,2e-05
3108,1e3v,Kd,45740.0,4.34,-5.92,2e-05
3109,1jyc,Kd,46000.0,4.34,-5.91,2e-05
3112,2ha5,Kd,46000.0,4.34,-5.91,2e-05
3113,2iv9,Kd,46000.0,4.34,-5.91,2e-05
3125,1sv3,Kd,45000.0,4.35,-5.93,2e-05
3126,1t37,Kd,45000.0,4.35,-5.93,2e-05
3128,1zm6,Kd,45000.0,4.35,-5.93,2e-05
3129,2rok,Kd,45000.0,4.35,-5.93,2e-05
3130,3feg,Kd,45000.0,4.35,-5.93,2e-05
3148,1n5z,Kd,44000.0,4.36,-5.94,2e-05
3150,1we2,Kd,44000.0,4.36,-5.94,2e-05
3151,2ez7,Kd,43500.0,4.36,-5.95,2e-05
3152,2fys,Kd,44000.0,4.36,-5.94,2e-05
3153,3c3o,Kd,44000.0,4.36,-5.94,2e-05
3154,3dpc,Kd,44000.0,4.36,-5.94,2e-05
3174,1td7,Kd,43000.0,4.37,-5.95,2e-05
3175,2jdy,Kd,42900.0,4.37,-5.95,2e-05
3176,2zif,Kd,43000.0,4.37,-5.95,2e-05
3188,1bhf,Kd,42000.0,4.38,-5.97,2e-05
3189,1p7m,Kd,42000.0,4.38,-5.97,2e-05
3190,1qvt,Kd,42000.0,4.38,-5.97,2e-05
3194,3guz,Kd,42000.0,4.38,-5.97,2e-05
3211,2hjb,Kd,40300.0,4.39,-5.99,2e-05
3212,3c3r,Kd,41000.0,4.39,-5.98,2e-05
3235,1btn,Kd,40000.0,4.40,-6.0,3e-05
3236,1jmq,Kd,40000.0,4.40,-6.0,3e-05
3238,1py1,Kd,40000.0,4.40,-6.0,3e-05
3244,3fn0,Kd,40000.0,4.40,-6.0,3e-05
3245,3i5r,Kd,40000.0,4.40,-6.0,3e-05
3247,3jzg,Kd,40000.0,4.40,-6.0,3e-05
3248,3l6x,Kd,40000.0,4.40,-6.0,3e-05
3276,1olu,Kd,39300.0,4.41,-6.01,3e-05
3279,3iqi,Kd,38700.0,4.41,-6.02,3e-05
3301,1tjp,Kd,38000.0,4.42,-6.03,3e-05
3305,3dri,Kd,37700.0,4.42,-6.03,3e-05
3307,3p1f,Kd,37700.0,4.42,-6.03,3e-05
3327,1rgl,Kd,37000.0,4.43,-6.04,3e-05
3328,1rst,Kd,37000.0,4.43,-6.04,3e-05
3331,2ha0,Kd,37000.0,4.43,-6.04,3e-05
3333,2we3,Kd,37000.0,4.43,-6.04,3e-05
3334,2wyf,Kd,37000.0,4.43,-6.04,3e-05
3336,3b82,Kd,37000.0,4.43,-6.04,3e-05
3337,3kqr,Kd,36800.0,4.43,-6.05,3e-05
3338,3m3e,Kd,37450.0,4.43,-6.04,3e-05
3366,1k2v,Kd,36000.0,4.44,-6.06,3e-05
3367,2amt,Kd,36000.0,4.44,-6.06,3e-05
3368,2aoh,Kd,36300.0,4.44,-6.05,3e-05
3372,3k27,Kd,36000.0,4.44,-6.06,3e-05
3373,3okc,Kd,36500.0,4.44,-6.05,3e-05
3374,3pd3,Kd,36200.0,4.44,-6.06,3e-05
3394,1zhk,Kd,35200.0,4.45,-6.07,3e-05
3406,1qvu,Kd,35000.0,4.46,-6.08,3e-05
3410,2h9m,Kd,35000.0,4.46,-6.08,3e-05
3411,2j4q,Kd,35000.0,4.46,-6.08,3e-05
3414,2v85,Kd,34600.0,4.46,-6.08,3e-05
3415,2v86,Kd,34600.0,4.46,-6.08,3e-05
3416,2w2u,Kd,35000.0,4.46,-6.08,3e-05
3417,2zit,Kd,35000.0,4.46,-6.08,3e-05
3440,2bj4,Kd,34000.0,4.47,-6.09,3e-05
3443,2v83,Kd,33800.0,4.47,-6.1,3e-05
3444,3hec,Kd,34000.0,4.47,-6.09,3e-05
3468,1r5v,Kd,33000.0,4.48,-6.11,3e-05
3469,1zkk,Kd,33000.0,4.48,-6.11,3e-05
3470,2jq9,Kd,33400.0,4.48,-6.1,3e-05
3471,2ogy,Kd,33200.0,4.48,-6.11,3e-05
3476,3pd4,Kd,33200.0,4.48,-6.11,3e-05
3507,1o7o,Kd,32000.0,4.49,-6.13,3e-05
3509,3f9y,Kd,32000.0,4.49,-6.13,3e-05
3512,3kmy,Kd,32000.0,4.49,-6.13,3e-05
3513,3l2y,Kd,32070.0,4.49,-6.13,3e-05
3543,2r1y,Kd,31000.0,4.51,-6.15,3e-05
3572,1xz8,Kd,30000.0,4.52,-6.17,3e-05
3575,2a4m,Kd,30000.0,4.52,-6.17,3e-05
3581,2opy,Kd,30000.0,4.52,-6.17,3e-05
3582,2puy,Kd,30000.0,4.52,-6.17,3e-05
3583,2ra6,Kd,30000.0,4.52,-6.17,3e-05
3586,2wl5,Kd,30000.0,4.52,-6.17,3e-05
3589,3bzf,Kd,30000.0,4.52,-6.17,3e-05
3594,3fdt,Kd,30000.0,4.52,-6.17,3e-05
3596,3gy7,Kd,30000.0,4.52,-6.17,3e-05
3635,3l81,Kd,29600.0,4.53,-6.17,3e-05
3650,1amw,Kd,29000.0,4.54,-6.19,3e-05
3651,1b2h,Kd,29000.0,4.54,-6.19,3e-05
3653,1i8h,Kd,29000.0,4.54,-6.19,3e-05
3656,1oko,Kd,29000.0,4.54,-6.19,3e-05
3657,1szd,Kd,29160.0,4.54,-6.18,3e-05
3658,1w80,Kd,28600.0,4.54,-6.19,3e-05
3659,2frd,Kd,29000.0,4.54,-6.19,3e-05
3667,3d9p,Kd,29000.0,4.54,-6.19,3e-05
3668,3iub,Kd,29000.0,4.54,-6.19,3e-05
3693,1czo,Kd,28000.0,4.55,-6.21,4e-05
3696,1utc,Kd,28000.0,4.55,-6.21,4e-05
3697,2aof,Kd,28200.0,4.55,-6.2,4e-05
3699,2w92,Kd,28000.0,4.55,-6.21,4e-05
3701,3adt,Kd,28000.0,4.55,-6.21,4e-05
3704,3b2q,Kd,28000.0,4.55,-6.21,4e-05
3707,3p8p,Kd,28000.0,4.55,-6.21,4e-05
3742,1uj0,Kd,27000.0,4.57,-6.23,4e-05
3744,2uzj,Kd,27000.0,4.57,-6.23,4e-05
3764,5a3h,Kd,26700.0,4.57,-6.24,4e-05
3774,2k46,Kd,26300.0,4.58,-6.24,4e-05
3787,1d04,Kd,26000.0,4.59,-6.25,4e-05
3788,1fj4,Kd,26000.0,4.59,-6.25,4e-05
3800,3f3t,Kd,26000.0,4.59,-6.25,4e-05
3803,3iqh,Kd,25800.0,4.59,-6.26,4e-05
3806,3ob2,Kd,25800.0,4.59,-6.26,4e-05
3835,1q9d,Kd,25000.0,4.60,-6.27,4e-05
3839,2fsv,Kd,25000.0,4.60,-6.27,4e-05
3843,2kbr,Kd,25400.0,4.60,-6.27,4e-05
3845,2pyy,Kd,25000.0,4.60,-6.27,4e-05
3847,2r1w,Kd,25000.0,4.60,-6.27,4e-05
3849,2v87,Kd,25100.0,4.60,-6.27,4e-05
3850,2vb8,Kd,25000.0,4.60,-6.27,4e-05
3851,2vba,Kd,25000.0,4.60,-6.27,4e-05
3857,3d7k,Kd,25000.0,4.60,-6.27,4e-05
3858,3iqg,Kd,24900.0,4.60,-6.28,4e-05
3894,2bxf,Kd,24550.0,4.61,-6.29,4e-05
3895,2xs8,Kd,24500.0,4.61,-6.29,4e-05
3897,3lgs,Kd,24800.0,4.61,-6.28,4e-05
3911,1joc,Kd,24000.0,4.62,-6.3,4e-05
3912,1l0a,Kd,23900.0,4.62,-6.3,4e-05
3913,1mn9,Kd,24000.0,4.62,-6.3,4e-05
3914,1ofz,Kd,24100.0,4.62,-6.3,4e-05
3915,1sm3,Kd,24000.0,4.62,-6.3,4e-05
3917,2a25,Kd,24000.0,4.62,-6.3,4e-05
3918,2a5c,Kd,24000.0,4.62,-6.3,4e-05
3921,2k00,Kd,24000.0,4.62,-6.3,4e-05
3922,2rol,Kd,24000.0,4.62,-6.3,4e-05
3958,2rqu,Kd,23600.0,4.63,-6.31,4e-05
4004,2w87,Kd,22200.0,4.65,-6.34,5e-05
4028,2aoj,Kd,22100.0,4.66,-6.35,5e-05
4029,2ca8,Kd,22000.0,4.66,-6.35,5e-05
4030,2ha2,Kd,22000.0,4.66,-6.35,5e-05
4036,3h1z,Kd,22000.0,4.66,-6.35,5e-05
4037,3mss,Kd,22000.0,4.66,-6.35,5e-05
4068,1f47,Kd,21600.0,4.67,-6.36,5e-05
4069,2h23,Kd,21200.0,4.67,-6.37,5e-05
4090,1xge,Kd,20800.0,4.68,-6.38,5e-05
4091,2nsl,Kd,20900.0,4.68,-6.38,5e-05
4095,3gl6,Kd,20700.0,4.68,-6.39,5e-05
4130,2rio,Kd,20400.0,4.69,-6.39,5e-05
4152,1gpy,Kd,20000.0,4.70,-6.41,5e-05
4154,1h60,Kd,20000.0,4.70,-6.41,5e-05
4155,1om2,Kd,20000.0,4.70,-6.41,5e-05
4159,2cex,Kd,20000.0,4.70,-6.41,5e-05
4164,2j9n,Kd,20000.0,4.70,-6.41,5e-05
4166,2k62,Kd,20000.0,4.70,-6.41,5e-05
4168,2qfo,Kd,20000.0,4.70,-6.41,5e-05
4176,3ij1,Kd,20000.0,4.70,-6.41,5e-05
4177,3k5i,Kd,20000.0,4.70,-6.41,5e-05
4178,3kiv,Kd,20000.0,4.70,-6.41,5e-05
4179,3kr0,Kd,20000.0,4.70,-6.41,5e-05
4180,3lm1,Kd,20000.0,4.70,-6.41,5e-05
4181,3nkk,Kd,20000.0,4.70,-6.41,5e-05
4182,3p2k,Kd,20000.0,4.70,-6.41,5e-05
4231,2d82,Kd,19600.0,4.71,-6.42,5e-05
4237,3ny3,Kd,19300.0,4.71,-6.43,5e-05
4253,184l,Kd,19000.0,4.72,-6.44,5e-05
4254,1h7a,Kd,19000.0,4.72,-6.44,5e-05
4259,2xdu,Kd,19000.0,4.72,-6.44,5e-05
4261,3cpj,Kd,18900.0,4.72,-6.44,5e-05
4262,3d9k,Kd,19000.0,4.72,-6.44,5e-05
4266,3f9w,Kd,19000.0,4.72,-6.44,5e-05
4267,3oka,Kd,19000.0,4.72,-6.44,5e-05
4268,3okp,Kd,19000.0,4.72,-6.44,5e-05
4269,3omg,Kd,19000.0,4.72,-6.44,5e-05
4306,1br8,Kd,18000.0,4.74,-6.47,6e-05
4310,1ru1,Kd,18000.0,4.74,-6.47,6e-05
4313,2ov4,Kd,18000.0,4.74,-6.47,6e-05
4314,2uxu,Kd,18000.0,4.74,-6.47,6e-05
4316,2w68,Kd,18000.0,4.74,-6.47,6e-05
4319,2xg3,Kd,18200.0,4.74,-6.46,5e-05
4321,3dnt,Kd,18000.0,4.74,-6.47,6e-05
4323,3f3u,Kd,18000.0,4.74,-6.47,6e-05
4326,3hg1,Kd,18000.0,4.74,-6.47,6e-05
4329,3lcv,Kd,18000.0,4.74,-6.47,6e-05
4330,3llm,Kd,18000.0,4.74,-6.47,6e-05
4366,3nim,Kd,17700.0,4.75,-6.48,6e-05
4373,1q8t,Kd,17500.0,4.76,-6.49,6e-05
4377,3hdk,Kd,17500.0,4.76,-6.49,6e-05
4398,1h62,Kd,17000.0,4.77,-6.5,6e-05
4399,1l5r,Kd,17000.0,4.77,-6.5,6e-05
4402,1str,Kd,17000.0,4.77,-6.5,6e-05
4405,2b4l,Kd,17000.0,4.77,-6.5,6e-05
4415,3cyy,Kd,16800.0,4.77,-6.51,6e-05
4417,3iqu,Kd,17000.0,4.77,-6.5,6e-05
4466,2rr4,Kd,16700.0,4.78,-6.51,6e-05
4476,2nsj,Kd,16300.0,4.79,-6.53,6e-05
4488,1azg,Kd,16000.0,4.80,-6.54,6e-05
4492,1tsv,Kd,16000.0,4.80,-6.54,6e-05
4496,2r1x,Kd,16000.0,4.80,-6.54,6e-05
4499,3bpc,Kd,16000.0,4.80,-6.54,6e-05
4501,3iiy,Kd,16000.0,4.80,-6.54,6e-05
4558,1y3p,Kd,15000.0,4.82,-6.58,7e-05
4560,2a0t,Kd,15000.0,4.82,-6.58,7e-05
4561,2gl0,Kd,15000.0,4.82,-6.58,7e-05
4562,2gzl,Kd,15000.0,4.82,-6.58,7e-05
4564,2hr6,Kd,15000.0,4.82,-6.58,7e-05
4567,2l0i,Kd,15000.0,4.82,-6.58,7e-05
4568,2l11,Kd,15000.0,4.82,-6.58,7e-05
4575,3fbr,Kd,15000.0,4.82,-6.58,7e-05
4578,3kmx,Kd,15000.0,4.82,-6.58,7e-05
4579,3kqy,Kd,15000.0,4.82,-6.58,7e-05
4580,3lxo,Kd,15000.0,4.82,-6.58,7e-05
4620,3a1s,Kd,14800.0,4.83,-6.58,7e-05
4621,3a1t,Kd,14800.0,4.83,-6.58,7e-05
4623,3ds0,Kd,14900.0,4.83,-6.58,7e-05
4654,186l,Kd,14000.0,4.85,-6.62,7e-05
4655,1bux,Kd,14000.0,4.85,-6.62,7e-05
4658,1jws,Kd,14000.0,4.85,-6.62,7e-05
4662,1tkc,Kd,14000.0,4.85,-6.62,7e-05
4664,1vkj,Kd,14000.0,4.85,-6.62,7e-05
4667,2j4k,Kd,14000.0,4.85,-6.62,7e-05
4673,2w4x,Kd,14000.0,4.85,-6.62,7e-05
4675,3cj2,Kd,14000.0,4.85,-6.62,7e-05
4676,3f70,Kd,14000.0,4.85,-6.62,7e-05
4677,3h52,Kd,14000.0,4.85,-6.62,7e-05
4680,3kpw,Kd,14000.0,4.85,-6.62,7e-05
4741,3iw8,Kd,13400.0,4.87,-6.64,7e-05
4758,3exh,Kd,13100.0,4.88,-6.66,8e-05
4759,3lp4,Kd,13100.0,4.88,-6.66,8e-05
4772,1h61,Kd,13000.0,4.89,-6.66,8e-05
4773,1h79,Kd,13000.0,4.89,-6.66,8e-05
4775,1p1q,Kd,12800.0,4.89,-6.67,8e-05
4779,2j77,Kd,12900.0,4.89,-6.67,8e-05
4782,3cx9,Kd,12900.0,4.89,-6.67,8e-05
4785,3juk,Kd,12900.0,4.89,-6.67,8e-05
4786,3m8u,Kd,12900.0,4.89,-6.67,8e-05
4787,3nij,Kd,12900.0,4.89,-6.67,8e-05
4843,3juq,Kd,12400.0,4.91,-6.69,8e-05
4847,3nin,Kd,12400.0,4.91,-6.69,8e-05
4871,1ff1,Kd,12000.0,4.92,-6.71,8e-05
4875,1nlt,Kd,12000.0,4.92,-6.71,8e-05
4876,1y2f,Kd,12000.0,4.92,-6.71,8e-05
4877,2a58,Kd,12000.0,4.92,-6.71,8e-05
4880,2haw,Kd,12000.0,4.92,-6.71,8e-05
4939,2wib,Kd,11800.0,4.93,-6.72,8e-05
4941,3iqj,Kd,11700.0,4.93,-6.72,9e-05
4951,1r2b,Kd,11400.0,4.94,-6.74,9e-05
4956,2vo4,Kd,11600.0,4.94,-6.73,9e-05
4957,2vpe,Kd,11400.0,4.94,-6.74,9e-05
4958,3dow,Kd,11500.0,4.94,-6.73,9e-05
4967,4ts1,Kd,11600.0,4.94,-6.73,9e-05
4998,1ao0,Kd,11000.0,4.96,-6.76,9e-05
4999,1cea,Kd,11000.0,4.96,-6.76,9e-05
5000,1dar,Kd,11000.0,4.96,-6.76,9e-05
5001,1elr,Kd,11000.0,4.96,-6.76,9e-05
5003,1nlp,Kd,11000.0,4.96,-6.76,9e-05
5005,1pg2,Kd,11000.0,4.96,-6.76,9e-05
5008,1tsy,Kd,11000.0,4.96,-6.76,9e-05
5009,1uz8,Kd,11000.0,4.96,-6.76,9e-05
5016,3bxg,Kd,10980.0,4.96,-6.76,9e-05
5020,3m5a,Kd,11000.0,4.96,-6.76,9e-05
5021,3mmr,Kd,11000.0,4.96,-6.76,9e-05
5063,3lle,Kd,10700.0,4.97,-6.78,9e-05
5083,2gfa,Kd,10400.0,4.98,-6.79,0.0001
5084,2h2h,Kd,10500.0,4.98,-6.79,0.0001
5086,2vr3,Kd,10500.0,4.98,-6.79,0.0001
5087,2w47,Kd,10500.0,4.98,-6.79,0.0001
5098,1j4p,Kd,10200.0,4.99,-6.81,0.0001
5099,1k3n,Kd,10200.0,4.99,-6.81,0.0001
5101,3hrf,Kd,10300.0,4.99,-6.8,0.0001
5116,1f8a,Kd,10000.0,5.00,-6.82,0.0001
5123,1ih0,Kd,10000.0,5.00,-6.82,0.0001
5125,1jm4,Kd,10000.0,5.00,-6.82,0.0001
5126,1jpl,Kd,10000.0,5.00,-6.82,0.0001
5131,1oai,Kd,10000.0,5.00,-6.82,0.0001
5133,1ql7,Kd,10000.0,5.00,-6.82,0.0001
5134,1sbr,Kd,10000.0,5.00,-6.82,0.0001
5135,1sts,Kd,10000.0,5.00,-6.82,0.0001
5138,1yid,Kd,10000.0,5.00,-6.82,0.0001
5139,1zhl,Kd,9900.0,5.00,-6.82,0.0001
5141,2bgd,Kd,10000.0,5.00,-6.82,0.0001
5142,2jqi,Kd,10000.0,5.00,-6.82,0.0001
5143,2kbs,Kd,10000.0,5.00,-6.82,0.0001
5144,2oiq,Kd,10000.0,5.00,-6.82,0.0001
5147,2vxn,Kd,10000.0,5.00,-6.82,0.0001
5148,2w6u,Kd,10000,5.00,-6.82,0.0001
5149,2w76,Kd,10000,5.00,-6.82,0.0001
5151,3cfn,Kd,10000.0,5.00,-6.82,0.0001
5155,3dvp,Kd,10000.0,5.00,-6.82,0.0001
5156,3e7f,Kd,10000.0,5.00,-6.82,0.0001
5159,3k02,Kd,10000.0,5.00,-6.82,0.0001
5161,3new,Kd,10000.0,5.00,-6.82,0.0001
5162,3omc,Kd,10000.0,5.00,-6.82,0.0001
5167,4cts,Kd,10000.0,5.00,-6.82,0.0001
5221,3ads,Kd,9730.0,5.01,-6.83,0.0001
5243,1u9l,Kd,9600.0,5.02,-6.84,0.0001
5245,2d0k,Kd,9510.0,5.02,-6.85,0.00011
5248,2wji,Kd,9600.0,5.02,-6.84,0.0001
5249,2xbp,Kd,9600.0,5.02,-6.84,0.0001
5271,1i1e,Kd,9400.0,5.03,-6.85,0.00011
5303,1mfa,Kd,9100.0,5.04,-6.87,0.00011
5305,2jmj,Kd,9100.0,5.04,-6.87,0.00011
5307,2w85,Kd,9170.0,5.04,-6.87,0.00011
5337,1hpk,Kd,9000.0,5.05,-6.88,0.00011
5345,2pk4,Kd,9000.0,5.05,-6.88,0.00011
5394,2h6k,Kd,8700.0,5.06,-6.9,0.00011
5395,2ipo,Kd,8800.0,5.06,-6.89,0.00011
5397,2vwf,Kd,8700.0,5.06,-6.9,0.00011
5429,3juo,Kd,8550.0,5.07,-6.91,0.00012
5461,3efr,Kd,8300.0,5.08,-6.93,0.00012
5488,1m48,Kd,8200.0,5.09,-6.93,0.00012
5489,1nw7,Kd,8100.0,5.09,-6.94,0.00012
5495,3hbo,Kd,8200.0,5.09,-6.93,0.00012
5518,1ez9,Kd,8000.0,5.10,-6.95,0.00013
5520,1kmy,Kd,8000.0,5.10,-6.95,0.00013
5521,1m6p,Kd,8000.0,5.10,-6.95,0.00013
5524,1onz,Kd,8000.0,5.10,-6.95,0.00013
5525,1rlp,Kd,8000.0,5.10,-6.95,0.00013
5526,1rlq,Kd,8000.0,5.10,-6.95,0.00013
5530,1vj6,Kd,8000.0,5.10,-6.95,0.00013
5532,1x8s,Kd,8000.0,5.10,-6.95,0.00013
5537,2h5a,Kd,8000.0,5.10,-6.95,0.00013
5539,2pnx,Kd,7900.0,5.10,-6.96,0.00013
5541,2r02,Kd,8000.0,5.10,-6.95,0.00013
5544,3gy4,Kd,8000.0,5.10,-6.95,0.00013
5599,2h6q,Kd,7800.0,5.11,-6.96,0.00013
5628,1qaw,Kd,7500.0,5.12,-6.99,0.00013
5629,1uv6,Kd,7575,5.12,-6.98,0.00013
5637,3hb8,Kd,7500.0,5.12,-6.99,0.00013
5640,3nkx,Kd,7500.0,5.12,-6.99,0.00013
5666,2kwn,Kd,7400.0,5.13,-7.0,0.00014
5685,1w2x,Kd,7200.0,5.14,-7.01,0.00014
5689,2hqu,Kd,7200.0,5.14,-7.01,0.00014
5691,2xi7,Kd,7200.0,5.14,-7.01,0.00014
5693,2zjv,Kd,7260.0,5.14,-7.01,0.00014
5695,3kr2,Kd,7200.0,5.14,-7.01,0.00014
5726,1g6s,Kd,7000.0,5.15,-7.03,0.00014
5727,1g6t,Kd,7000.0,5.15,-7.03,0.00014
5731,1lkx,Kd,7100.0,5.15,-7.02,0.00014
5732,1mi4,Kd,7000.0,5.15,-7.03,0.00014
5736,1qk3,Kd,7100.0,5.15,-7.02,0.00014
5745,2gtv,Kd,7000.0,5.15,-7.03,0.00014
5746,2knh,Kd,7000.0,5.15,-7.03,0.00014
5749,2qfq,Kd,7000.0,5.15,-7.03,0.00014
5750,2qfs,Kd,7000.0,5.15,-7.03,0.00014
5751,2r03,Kd,7000.0,5.15,-7.03,0.00014
5752,2r05,Kd,7000.0,5.15,-7.03,0.00014
5755,3e6k,Kd,7000.0,5.15,-7.03,0.00014
5756,3fjx,Kd,7000.0,5.15,-7.03,0.00014
5757,3fk0,Kd,7000.0,5.15,-7.03,0.00014
5758,3fzh,Kd,7000.0,5.15,-7.03,0.00014
5763,3p8e,Kd,7000.0,5.15,-7.03,0.00014
5809,3ctr,Kd,6940.0,5.16,-7.03,0.00014
5810,3lqi,Kd,6900.0,5.16,-7.04,0.00014
5827,2f5t,Kd,6800.0,5.17,-7.05,0.00015
5873,3iqv,Kd,6600.0,5.18,-7.06,0.00015
5889,1oxr,Kd,6400.0,5.19,-7.08,0.00016
5890,1rnt,Kd,6500.0,5.19,-7.07,0.00015
5895,2nxm,Kd,6400.0,5.19,-7.08,0.00016
5924,1kll,Kd,6300.0,5.20,-7.09,0.00016
5927,3kqs,Kd,6300.0,5.20,-7.09,0.00016
5956,1nw5,Kd,6100.0,5.21,-7.11,0.00016
5958,1ox9,Kd,6160.0,5.21,-7.1,0.00016
5962,3b2t,Kd,6210.0,5.21,-7.1,0.00016
5964,3ilq,Kd,6200.0,5.21,-7.1,0.00016
5965,3nsq,Kd,6200.0,5.21,-7.1,0.00016
5999,1f3j,Kd,6000.0,5.22,-7.12,0.00017
6003,1irs,Kd,6000.0,5.22,-7.12,0.00017
6007,1ucn,Kd,6000.0,5.22,-7.12,0.00017
6009,1zea,Kd,6000.0,5.22,-7.12,0.00017
6013,2gz2,Kd,6000.0,5.22,-7.12,0.00017
6015,2koh,Kd,6000.0,5.22,-7.12,0.00017
6016,2qbx,Kd,6000.0,5.22,-7.12,0.00017
6017,2rfy,Kd,6000.0,5.22,-7.12,0.00017
6023,3ds3,Kd,6000.0,5.22,-7.12,0.00017
6024,3h85,Kd,6000.0,5.22,-7.12,0.00017
6027,3lq2,Kd,5970.0,5.22,-7.12,0.00017
6028,3lq4,Kd,5970.0,5.22,-7.12,0.00017
6029,3ms9,Kd,6000.0,5.22,-7.12,0.00017
6030,3n1c,Kd,6000.0,5.22,-7.12,0.00017
6032,3nti,Kd,6000.0,5.22,-7.12,0.00017
6060,1b4z,Kd,5900,5.23,-7.13,0.00017
6088,1hk5,Kd,5720.0,5.24,-7.15,0.00017
6090,1q8w,Kd,5700.0,5.24,-7.15,0.00018
6094,2k3w,Kd,5800.0,5.24,-7.14,0.00017
6101,3m59,Kd,5800.0,5.24,-7.14,0.00017
6102,3mle,Kd,5800.0,5.24,-7.14,0.00017
6143,2bfr,Kd,5630.0,5.25,-7.16,0.00018
6144,2pv3,Kd,5570.0,5.25,-7.16,0.00018
6145,2xl2,Kd,5600.0,5.25,-7.16,0.00018
6146,2xl3,Kd,5600.0,5.25,-7.16,0.00018
6174,2oz6,Kd,5500.0,5.26,-7.17,0.00018
6176,2vcb,Kd,5500.0,5.26,-7.17,0.00018
6177,3n9s,Kd,5500.0,5.26,-7.17,0.00018
6203,2az5,Kd,5360.0,5.27,-7.19,0.00019
6208,3g2u,Kd,5400.0,5.27,-7.18,0.00019
6227,1b46,Kd,5200,5.28,-7.2,0.00019
6228,1ckb,Kd,5200.0,5.28,-7.2,0.00019
6231,1s5q,Kd,5200.0,5.28,-7.2,0.00019
6237,3bbf,Kd,5200.0,5.28,-7.2,0.00019
6238,3coj,Kd,5200.0,5.28,-7.2,0.00019
6269,2wc4,Kd,5100.0,5.29,-7.22,0.0002
6270,2xzw,Kd,5100.0,5.29,-7.22,0.0002
6288,1a29,Kd,5000.0,5.30,-7.23,0.0002
6295,1h6h,Kd,5000.0,5.30,-7.23,0.0002
6298,1p4u,Kd,5000.0,5.30,-7.23,0.0002
6299,1pdq,Kd,5000.0,5.30,-7.23,0.0002
6301,1srg,Kd,5000.0,5.30,-7.23,0.0002
6311,2gph,Kd,5000.0,5.30,-7.23,0.0002
6312,2ke1,Kd,5000.0,5.30,-7.23,0.0002
6314,2o1v,Kd,5000.0,5.30,-7.23,0.0002
6316,2q7q,Kd,5000.0,5.30,-7.23,0.0002
6323,3btr,Kd,5000.0,5.30,-7.23,0.0002
6328,3gpo,Kd,5000.0,5.30,-7.23,0.0002
6329,3hs8,Kd,5000.0,5.30,-7.23,0.0002
6332,3p8h,Kd,5000.0,5.30,-7.23,0.0002
6381,1hk4,Kd,4900.0,5.31,-7.24,0.0002
6382,1mfd,Kd,4900.0,5.31,-7.24,0.0002
6384,3m53,Kd,4900.0,5.31,-7.24,0.0002
6402,1lvu,Kd,4800.0,5.32,-7.25,0.00021
6404,1oim,Kd,4800.0,5.32,-7.25,0.00021
6405,1ra8,Kd,4800.0,5.32,-7.25,0.00021
6416,2w9r,Kd,4800.0,5.32,-7.25,0.00021
6448,2c80,Kd,4700.0,5.33,-7.26,0.00021
6451,3ftq,Kd,4700.0,5.33,-7.26,0.00021
6454,3ml4,Kd,4700.0,5.33,-7.26,0.00021
6479,1aqc,Kd,4560.0,5.34,-7.28,0.00022
6481,1jwu,Kd,4600.0,5.34,-7.28,0.00022
6488,3efs,Kd,4600.0,5.34,-7.28,0.00022
6491,3kqt,Kd,4600.0,5.34,-7.28,0.00022
6492,3nee,Kd,4600.0,5.34,-7.28,0.00022
6493,3nrz,Kd,4600.0,5.34,-7.28,0.00022
6518,2fxv,Kd,4500.0,5.35,-7.29,0.00022
6521,2h13,Kd,4500.0,5.35,-7.29,0.00022
6526,3g8e,Kd,4500.0,5.35,-7.29,0.00022
6557,1adl,Kd,4400.0,5.36,-7.3,0.00023
6558,1w6y,Kd,4400.0,5.36,-7.3,0.00023
6560,2eva,Kd,4400.0,5.36,-7.3,0.00023
6561,2nng,Kd,4400.0,5.36,-7.3,0.00023
6567,3mf5,Kd,4320.0,5.36,-7.31,0.00023
6568,3ncq,Kd,4400.0,5.36,-7.3,0.00023
6598,2h2d,Kd,4300.0,5.37,-7.32,0.00023
6599,2hj4,Kd,4290.0,5.37,-7.32,0.00023
6603,3lqj,Kd,4300.0,5.37,-7.32,0.00023
6634,2h2j,Kd,4200.0,5.38,-7.33,0.00024
6638,2qhd,Kd,4200.0,5.38,-7.33,0.00024
6641,3e85,Kd,4200.0,5.38,-7.33,0.00024
6669,2h6b,Kd,4100.0,5.39,-7.35,0.00024
6672,2wic,Kd,4100.0,5.39,-7.35,0.00024
6706,1bp0,Kd,4000.0,5.40,-7.36,0.00025
6709,1m7i,Kd,4000.0,5.40,-7.36,0.00025
6714,1ow6,Kd,4000.0,5.40,-7.36,0.00025
6715,1ow7,Kd,4000.0,5.40,-7.36,0.00025
6716,1ow8,Kd,4000.0,5.40,-7.36,0.00025
6717,1pz5,Kd,4000.0,5.40,-7.36,0.00025
6718,1r9l,Kd,4000.0,5.40,-7.36,0.00025
6725,2c1p,Kd,4000.0,5.40,-7.36,0.00025
6726,2f35,Kd,3940.0,5.40,-7.37,0.00025
6729,2jdm,Kd,3960.0,5.40,-7.37,0.00025
6733,3b4p,Kd,4000.0,5.40,-7.36,0.00025
6737,3l6h,Kd,4000.0,5.40,-7.36,0.00025
6738,3m57,Kd,4000.0,5.40,-7.36,0.00025
6779,1u2r,Kd,3900.0,5.41,-7.37,0.00026
6781,1y3a,Kd,3900.0,5.41,-7.37,0.00026
6786,3gqo,Kd,3900.0,5.41,-7.37,0.00026
6815,1abf,Kd,3800.0,5.42,-7.39,0.00026
6817,1h9z,Kd,3800.0,5.42,-7.39,0.00026
6818,1nu8,Kd,3800.0,5.42,-7.39,0.00026
6819,1p28,Kd,3800.0,5.42,-7.39,0.00026
6820,1r5n,Kd,3800.0,5.42,-7.39,0.00026
6824,2vpo,Kd,3800.0,5.42,-7.39,0.00026
6825,2wa8,Kd,3800.0,5.42,-7.39,0.00026
6827,3ob1,Kd,3830.0,5.42,-7.39,0.00026
6856,1y98,Kd,3700.0,5.43,-7.41,0.00027
6860,3ivv,Kd,3700.0,5.43,-7.41,0.00027
6863,3ng4,Kd,3700.0,5.43,-7.41,0.00027
6901,1h0a,Kd,3600.0,5.44,-7.42,0.00028
6908,3lp7,Kd,3600.0,5.44,-7.42,0.00028
6910,3pty,Kd,3650.0,5.44,-7.41,0.00027
6937,2iko,Kd,3571,5.45,-7.43,0.00028
6945,1b4h,Kd,3440.0,5.46,-7.45,0.00029
6947,1lf8,Kd,3500.0,5.46,-7.44,0.00029
6948,1lv8,Kd,3500.0,5.46,-7.44,0.00029
6956,3fzk,Kd,3500.0,5.46,-7.44,0.00029
6957,3gbq,Kd,3500.0,5.46,-7.44,0.00029
6985,1lin,Kd,3400.0,5.47,-7.46,0.00029
6986,1nlo,Kd,3400.0,5.47,-7.46,0.00029
6988,1xh5,Kd,3400,5.47,-7.46,0.00029
6989,2hf8,Kd,3400.0,5.47,-7.46,0.00029
6991,2r0z,Kd,3400.0,5.47,-7.46,0.00029
6992,2xde,Kd,3420.0,5.47,-7.45,0.00029
6994,3pd2,Kd,3400.0,5.47,-7.46,0.00029
7017,1g85,Kd,3300.0,5.48,-7.47,0.0003
7018,1uh1,Kd,3300.0,5.48,-7.47,0.0003
7019,2cbv,Kd,3300.0,5.48,-7.47,0.0003
7021,2qic,Kd,3300.0,5.48,-7.47,0.0003
7024,2zkj,Kd,3300.0,5.48,-7.47,0.0003
7025,3bxe,Kd,3340.0,5.48,-7.47,0.0003
7026,3d2r,Kd,3300.0,5.48,-7.47,0.0003
7027,3iw6,Kd,3290.0,5.48,-7.48,0.0003
7028,3m58,Kd,3300.0,5.48,-7.47,0.0003
7068,1pot,Kd,3200.0,5.49,-7.49,0.00031
7071,1tys,Kd,3270.0,5.49,-7.48,0.00031
7072,1uef,Kd,3200.0,5.49,-7.49,0.00031
7076,2qtr,Kd,3200.0,5.49,-7.49,0.00031
7079,3bvb,Kd,3200.0,5.49,-7.49,0.00031
7080,3ga5,Kd,3200.0,5.49,-7.49,0.00031
7082,3hmp,Kd,3240.0,5.49,-7.48,0.00031
7083,3i73,Kd,3230.0,5.49,-7.49,0.00031
7117,3c1n,Kd,3130.0,5.50,-7.5,0.00032
7133,1t08,Kd,3100.0,5.51,-7.51,0.00032
7139,3da9,Kd,3100.0,5.51,-7.51,0.00032
7140,3kgt,Kd,3100.0,5.51,-7.51,0.00032
7180,1oe7,Kd,3000.0,5.52,-7.53,0.00033
7181,1oe8,Kd,3000.0,5.52,-7.53,0.00033
7182,1pyg,Kd,3000.0,5.52,-7.53,0.00033
7184,1xxi,Kd,3000.0,5.52,-7.53,0.00033
7187,2ez5,Kd,3000.0,5.52,-7.53,0.00033
7192,2vnf,Kd,3000.0,5.52,-7.53,0.00033
7195,3eys,Kd,3000.0,5.52,-7.53,0.00033
7196,3hqr,Kd,3000.0,5.52,-7.53,0.00033
7197,3hzm,Kd,3000.0,5.52,-7.53,0.00033
7244,7gpb,Kd,3000.0,5.52,-7.53,0.00033
7257,1h26,Kd,2900.0,5.54,-7.55,0.00034
7258,1ha2,Kd,2900.0,5.54,-7.55,0.00034
7261,1r5w,Kd,2900.0,5.54,-7.55,0.00034
7262,2c9b,Kd,2880.0,5.54,-7.55,0.00035
7263,2idk,Kd,2900.0,5.54,-7.55,0.00034
7265,2olb,Kd,2900,5.54,-7.55,0.00034
7268,3bxf,Kd,2870.0,5.54,-7.56,0.00035
7271,3ggw,Kd,2900.0,5.54,-7.55,0.00034
7272,3iqq,Kd,2900.0,5.54,-7.55,0.00034
7273,3jyr,Kd,2900.0,5.54,-7.55,0.00034
7303,1njc,Kd,2800.0,5.55,-7.57,0.00036
7304,1y3n,Kd,2800.0,5.55,-7.57,0.00036
7305,2c2l,Kd,2800.0,5.55,-7.57,0.00036
7337,2jdn,Kd,2780.0,5.56,-7.58,0.00036
7349,1njd,Kd,2700.0,5.57,-7.59,0.00037
7350,2fuu,Kd,2700.0,5.57,-7.59,0.00037
7352,2nmx,Kd,2700.0,5.57,-7.59,0.00037
7357,3bex,Kd,2700.0,5.57,-7.59,0.00037
7358,3coz,Kd,2700.0,5.57,-7.59,0.00037
7387,3jup,Kd,2630.0,5.58,-7.61,0.00038
7392,1f4x,Kd,2600.0,5.59,-7.61,0.00038
7393,1fo0,Kd,2600.0,5.59,-7.61,0.00038
7399,3gxy,Kd,2600.0,5.59,-7.61,0.00038
7439,1h27,Kd,2500.0,5.60,-7.64,0.0004
7441,1o9d,Kd,2500.0,5.60,-7.64,0.0004
7443,2bz8,Kd,2500.0,5.60,-7.64,0.0004
7445,2vxa,Kd,2500.0,5.60,-7.64,0.0004
7452,3e6y,Kd,2500.0,5.60,-7.64,0.0004
7495,1a08,Kd,2400.0,5.62,-7.66,0.00042
7496,1aqi,Kd,2400.0,5.62,-7.66,0.00042
7500,1oip,Kd,2420.0,5.62,-7.66,0.00041
7501,1r5l,Kd,2420.0,5.62,-7.66,0.00041
7502,1uti,Kd,2400.0,5.62,-7.66,0.00042
7503,2bmk,Kd,2400.0,5.62,-7.66,0.00042
7506,2z5t,Kd,2400.0,5.62,-7.66,0.00042
7508,3btj,Kd,2400.0,5.62,-7.66,0.00042
7509,3c6w,Kd,2400.0,5.62,-7.66,0.00042
7510,3e3c,Kd,2400.0,5.62,-7.66,0.00042
7511,3ip9,Kd,2400.0,5.62,-7.66,0.00042
7513,3nes,Kd,2400.0,5.62,-7.66,0.00042
7549,1vwl,Kd,2330.0,5.63,-7.68,0.00043
7550,3bux,Kd,2360.0,5.63,-7.67,0.00042
7552,3gy3,Kd,2360.0,5.63,-7.67,0.00042
7553,3l1n,Kd,2340.0,5.63,-7.68,0.00043
7563,1hk1,Kd,2300.0,5.64,-7.69,0.00043
7575,2reg,Kd,2300.0,5.64,-7.69,0.00043
7583,3fwv,Kd,2300.0,5.64,-7.69,0.00043
7585,3iw7,Kd,2300.0,5.64,-7.69,0.00043
7630,1hq5,Kd,2220.0,5.65,-7.71,0.00045
7673,2azm,Kd,2200.0,5.66,-7.71,0.00045
7676,2nxd,Kd,2200.0,5.66,-7.71,0.00045
7681,2z5s,Kd,2200.0,5.66,-7.71,0.00045
7683,3ery,Kd,2200,5.66,-7.71,0.00045
7684,3g2w,Kd,2200.0,5.66,-7.71,0.00045
7685,3iuc,Kd,2170.0,5.66,-7.72,0.00046
7689,3p4f,Kd,2200.0,5.66,-7.71,0.00045
7756,1e8h,Kd,2100.0,5.68,-7.74,0.00048
7759,1ow4,Kd,2100.0,5.68,-7.74,0.00048
7763,2c92,Kd,2110.0,5.68,-7.74,0.00047
7764,2cbu,Kd,2100.0,5.68,-7.74,0.00048
7765,2k0x,Kd,2100.0,5.68,-7.74,0.00048
7767,2uyq,Kd,2100.0,5.68,-7.74,0.00048
7771,3al3,Kd,2100.0,5.68,-7.74,0.00048
7772,3b5j,Kd,2100.0,5.68,-7.74,0.00048
7773,3d45,Kd,2100.0,5.68,-7.74,0.00048
7804,1gw6,Kd,2050.0,5.69,-7.76,0.00049
7814,1a99,Kd,2000.0,5.70,-7.77,0.0005
7815,1bt6,Kd,2000.0,5.70,-7.77,0.0005
7816,1dkd,Kd,2000.0,5.70,-7.77,0.0005
7826,1pgp,Kd,2000.0,5.70,-7.77,0.0005
7827,1xt3,Kd,2009.9999999999998,5.70,-7.77,0.0005
7831,2adm,Kd,2000.0,5.70,-7.77,0.0005
7839,2h3e,Kd,2000.0,5.70,-7.77,0.0005
7841,2i4p,Kd,1978,5.70,-7.78,0.00051
7842,2i4z,Kd,1978,5.70,-7.78,0.00051
7843,2o3z,Kd,2000.0,5.70,-7.77,0.0005
7844,2oi9,Kd,2000.0,5.70,-7.77,0.0005
7846,2x7x,Kd,2000.0,5.70,-7.77,0.0005
7849,2zbk,Kd,2000.0,5.70,-7.77,0.0005
7853,3c4h,Kd,2000.0,5.70,-7.77,0.0005
7855,3dkj,Kd,2000.0,5.70,-7.77,0.0005
7857,3ds1,Kd,2000.0,5.70,-7.77,0.0005
7858,3eks,Kd,2000.0,5.70,-7.77,0.0005
7859,3fhb,Kd,2000.0,5.70,-7.77,0.0005
7926,1n7m,Kd,1960.0,5.71,-7.78,0.00051
7927,2oz2,Kd,1930.0,5.71,-7.79,0.00052
7929,3bt9,Kd,1950.0,5.71,-7.79,0.00051
7931,3lf0,Kd,1930.0,5.71,-7.79,0.00052
7941,1cka,Kd,1900.0,5.72,-7.8,0.00053
7942,1guw,Kd,1900.0,5.72,-7.8,0.00053
7943,1obx,Kd,1900.0,5.72,-7.8,0.00053
7946,2v25,Kd,1900.0,5.72,-7.8,0.00053
8006,1dmb,Kd,1800.0,5.74,-7.83,0.00056
8007,1e8z,Kd,1800.0,5.74,-7.83,0.00056
8009,1h25,Kd,1800.0,5.74,-7.83,0.00056
8014,1qy2,Kd,1800.0,5.74,-7.83,0.00056
8021,2pgz,Kd,1800.0,5.74,-7.83,0.00056
8023,2pqc,Kd,1800.0,5.74,-7.83,0.00056
8027,3bzi,Kd,1800.0,5.74,-7.83,0.00056
8028,3d1f,Kd,1800.0,5.74,-7.83,0.00056
8030,3gy2,Kd,1800.0,5.74,-7.83,0.00056
8031,3ivx,Kd,1800.0,5.74,-7.83,0.00056
8033,3kr1,Kd,1800.0,5.74,-7.83,0.00056
8034,3o0e,Kd,1800.0,5.74,-7.83,0.00056
8108,3btc,Kd,1770.0,5.75,-7.84,0.00056
8126,1p1o,Kd,1740.0,5.76,-7.85,0.00057
8130,2qta,Kd,1750.0,5.76,-7.85,0.00057
8144,1ddm,Kd,1700.0,5.77,-7.87,0.00059
8146,1jmf,Kd,1700.0,5.77,-7.87,0.00059
8153,2boj,Kd,1700.0,5.77,-7.87,0.00059
8163,3d1e,Kd,1700.0,5.77,-7.87,0.00059
8164,3eg6,Kd,1700.0,5.77,-7.87,0.00059
8165,3k00,Kd,1700.0,5.77,-7.87,0.00059
8166,3k8d,Kd,1700.0,5.77,-7.87,0.00059
8227,1hmt,Kd,1640.0,5.79,-7.89,0.00061
8245,1ggd,Kd,1600.0,5.80,-7.9,0.00063
8249,1njb,Kd,1600.0,5.80,-7.9,0.00063
8253,2q88,Kd,1600.0,5.80,-7.9,0.00063
8256,3bl2,Kd,1580,5.80,-7.91,0.00063
8322,1h8s,Kd,1540.0,5.81,-7.92,0.00065
8323,1lkl,Kd,1540,5.81,-7.92,0.00065
8325,2zju,Kd,1557.0,5.81,-7.92,0.00064
8335,1apb,Kd,1510.0,5.82,-7.94,0.00066
8336,1bbz,Kd,1500.0,5.82,-7.94,0.00067
8341,1ntv,Kd,1500.0,5.82,-7.94,0.00067
8342,1ols,Kd,1520.0,5.82,-7.93,0.00066
8345,1urg,Kd,1500.0,5.82,-7.94,0.00067
8346,1vwn,Kd,1500.0,5.82,-7.94,0.00067
8348,2g6q,Kd,1500.0,5.82,-7.94,0.00067
8351,2nn1,Kd,1500.0,5.82,-7.94,0.00067
8366,3e1r,Kd,1500.0,5.82,-7.94,0.00067
8369,3h6z,Kd,1500.0,5.82,-7.94,0.00067
8371,3iue,Kd,1500.0,5.82,-7.94,0.00067
8429,3buw,Kd,1490.0,5.83,-7.94,0.00067
8453,1abt,Kd,1400.0,5.85,-7.98,0.00071
8463,1ogz,Kd,1400.0,5.85,-7.98,0.00071
8468,1u1w,Kd,1400.0,5.85,-7.98,0.00071
8472,2e5y,Kd,1400.0,5.85,-7.98,0.00071
8480,2vmf,Kd,1400,5.85,-7.98,0.00071
8486,3e5u,Kd,1400.0,5.85,-7.98,0.00071
8488,3euf,Kd,1400.0,5.85,-7.98,0.00071
8489,3fxb,Kd,1400.0,5.85,-7.98,0.00071
8543,1kl3,Kd,1370.0,5.86,-7.99,0.00073
8574,3bim,Kd,1320.0,5.88,-8.02,0.00076
8593,1b3l,Kd,1300,5.89,-8.03,0.00077
8600,1y8o,Kd,1300.0,5.89,-8.03,0.00077
8601,1ydk,Kd,1300.0,5.89,-8.03,0.00077
8609,2oqs,Kd,1300.0,5.89,-8.03,0.00077
8610,2ph9,Kd,1300.0,5.89,-8.03,0.00077
8612,2qm7,Kd,1300.0,5.89,-8.03,0.00077
8616,2y3p,Kd,1300.0,5.89,-8.03,0.00077
8618,3bu6,Kd,1300.0,5.89,-8.03,0.00077
8620,3eeb,Kd,1300.0,5.89,-8.03,0.00077
8623,3ghe,Kd,1300.0,5.89,-8.03,0.00077
8624,3h1x,Kd,1300.0,5.89,-8.03,0.00077
8625,3m54,Kd,1300.0,5.89,-8.03,0.00077
8687,1a9r,Kd,1250.0,5.90,-8.05,0.0008
8690,2weq,Kd,1270.0,5.90,-8.04,0.00079
8716,1ugx,Kd,1240.0,5.91,-8.05,0.00081
8719,2pv2,Kd,1230.0,5.91,-8.06,0.00081
8732,1a4h,Kd,1200.0,5.92,-8.07,0.00083
8734,1aj6,Kd,1200.0,5.92,-8.07,0.00083
8735,1dvx,Kd,1200.0,5.92,-8.07,0.00083
8737,1kyv,Kd,1200.0,5.92,-8.07,0.00083
8738,1lvk,Kd,1200.0,5.92,-8.07,0.00083
8741,1oay,Kd,1200.0,5.92,-8.07,0.00083
8744,1qka,Kd,1200,5.92,-8.07,0.00083
8745,1qwe,Kd,1200.0,5.92,-8.07,0.00083
8746,1ule,Kd,1200.0,5.92,-8.07,0.00083
8749,1yet,Kd,1200.0,5.92,-8.07,0.00083
8751,2ans,Kd,1200.0,5.92,-8.07,0.00083
8752,2g83,Kd,1200.0,5.92,-8.07,0.00083
8754,2hc4,Kd,1200.0,5.92,-8.07,0.00083
8755,2iwu,Kd,1200.0,5.92,-8.07,0.00083
8756,2pmk,Kd,1200.0,5.92,-8.07,0.00083
8759,2zyn,Kd,1200.0,5.92,-8.07,0.00083
8760,3c11,Kd,1200.0,5.92,-8.07,0.00083
8763,3kgu,Kd,1200.0,5.92,-8.07,0.00083
8764,3n5u,Kd,1200.0,5.92,-8.07,0.00083
8765,3neo,Kd,1200.0,5.92,-8.07,0.00083
8845,1kv1,Kd,1160.0,5.94,-8.09,0.00086
8853,3o8t,Kd,1150.0,5.94,-8.1,0.00087
8854,3o8u,Kd,1150.0,5.94,-8.1,0.00087
8855,3obj,Kd,1150.0,5.94,-8.1,0.00087
8856,3oc1,Kd,1150.0,5.94,-8.1,0.00087
8865,2weh,Kd,1125,5.95,-8.11,0.00089
8884,1b9j,Kd,1100,5.96,-8.12,0.00091
8889,1q8u,Kd,1100.0,5.96,-8.12,0.00091
8890,1t7r,Kd,1100.0,5.96,-8.12,0.00091
8893,2j79,Kd,1100.0,5.96,-8.12,0.00091
8894,2joa,Kd,1100.0,5.96,-8.12,0.00091
8898,2peh,Kd,1100.0,5.96,-8.12,0.00091
8901,2xht,Kd,1100.0,5.96,-8.12,0.00091
8904,3btl,Kd,1090.0,5.96,-8.13,0.00092
8905,3cfs,Kd,1100.0,5.96,-8.12,0.00091
8985,2hug,Kd,1060.0,5.97,-8.15,0.00094
9005,2df6,Kd,1050.0,5.98,-8.15,0.00095
9014,1kl5,Kd,1020.0,5.99,-8.17,0.00098
9016,3e12,Kd,1020.0,5.99,-8.17,0.00098
9017,3huc,Kd,1030,5.99,-8.16,0.00097
9027,1a1e,Kd,1000.0,6.00,-8.18,0.001
9028,1ado,Kd,1000.0,6.00,-8.18,0.001
9031,1ceb,Kd,1000.0,6.00,-8.18,0.001
9032,1ctr,Kd,1000.0,6.00,-8.18,0.001
9033,1d2e,Kd,1000.0,6.00,-8.18,0.001
9035,1dpu,Kd,1000.0,6.00,-8.18,0.001
9039,1f40,Kd,1000.0,6.00,-8.18,0.001
9042,1gt1,Kd,1000.0,6.00,-8.18,0.001
9044,1hn2,Kd,1000.0,6.00,-8.18,0.001
9047,1k03,Kd,1000.0,6.00,-8.18,0.001
9050,1lvc,Kd,1000.0,6.00,-8.18,0.001
9058,1xk5,Kd,1000.0,6.00,-8.18,0.001
9063,2gh9,Kd,1000.0,6.00,-8.18,0.001
9064,2izl,Kd,1000.0,6.00,-8.18,0.001
9065,2l6e,Kd,1000.0,6.00,-8.18,0.001
9070,2rcn,Kd,1000.0,6.00,-8.18,0.001
9073,2wf5,Kd,1000.0,6.00,-8.18,0.001
9074,2wnl,Kd,1000,6.00,-8.18,0.001
9078,2z5o,Kd,1000.0,6.00,-8.18,0.001
9079,2z97,Kd,1000.0,6.00,-8.18,0.001
9086,3bze,Kd,1000.0,6.00,-8.18,0.001
9087,3cfq,Kd,1000.0,6.00,-8.18,0.001
9089,3dxm,Kd,1000.0,6.00,-8.18,0.001
9095,3met,Kd,1000.0,6.00,-8.18,0.001
9097,3nex,Kd,1000.0,6.00,-8.18,0.001
9098,3nyn,Kd,1000.0,6.00,-8.18,0.001
9175,1b5h,Kd,970.0,6.01,-8.2,0.00103
9201,3coy,Kd,960.0,6.02,-8.2,0.00104
9228,1n8u,Kd,930.0,6.03,-8.22,0.00108
9229,1n8v,Kd,930.0,6.03,-8.22,0.00108
9230,1okl,Kd,930.0,6.03,-8.22,0.00108
9233,1t7d,Kd,940.0,6.03,-8.22,0.00106
9234,2ce9,Kd,930.0,6.03,-8.22,0.00108
9257,2ivz,Kd,920.0,6.04,-8.23,0.00109
9262,3ijy,Kd,910.0,6.04,-8.24,0.0011
9289,1t29,Kd,900.0,6.05,-8.24,0.00111
9294,2nns,Kd,900.0,6.05,-8.24,0.00111
9297,2r7g,Kd,900.0,6.05,-8.24,0.00111
9302,3cfv,Kd,900.0,6.05,-8.24,0.00111
9305,3gus,Kd,900,6.05,-8.24,0.00111
9308,3ouj,Kd,900,6.05,-8.24,0.00111
9354,1g7q,Kd,877,6.06,-8.26,0.00114
9355,1jmi,Kd,870.0,6.06,-8.26,0.00115
9356,1kjr,Kd,880.0,6.06,-8.26,0.00114
9357,1nxk,Kd,880,6.06,-8.26,0.00114
9359,1qnh,Kd,872,6.06,-8.26,0.00115
9361,2fxs,Kd,870.0,6.06,-8.26,0.00115
9362,2nnd,Kd,870.0,6.06,-8.26,0.00115
9365,3buo,Kd,880.0,6.06,-8.26,0.00114
9388,1jmg,Kd,850.0,6.07,-8.28,0.00118
9392,1yy6,Kd,860.0,6.07,-8.27,0.00116
9395,2jkr,Kd,850.0,6.07,-8.28,0.00118
9404,3le8,Kd,860,6.07,-8.27,0.00116
9430,1f4y,Kd,830.0,6.08,-8.29,0.0012
9433,1sri,Kd,830.0,6.08,-8.29,0.0012
9435,1y8p,Kd,840.0,6.08,-8.28,0.00119
9438,2pze,Kd,840.0,6.08,-8.28,0.00119
9439,2w7y,Kd,830.0,6.08,-8.29,0.0012
9441,2wej,Kd,839,6.08,-8.28,0.00119
9444,3iw5,Kd,839.0,6.08,-8.28,0.00119
9446,3otf,Kd,830.0,6.08,-8.29,0.0012
9478,1ogx,Kd,810.0,6.09,-8.31,0.00123
9479,1rd7,Kd,810,6.09,-8.31,0.00123
9480,1re7,Kd,810,6.09,-8.31,0.00123
9481,1rx7,Kd,810,6.09,-8.31,0.00123
9482,1w9u,Kd,810.0,6.09,-8.31,0.00123
9517,1dzk,Kd,800.0,6.10,-8.31,0.00125
9519,1gt5,Kd,800.0,6.10,-8.31,0.00125
9520,1lgt,Kd,800.0,6.10,-8.31,0.00125
9523,1oj5,Kd,800.0,6.10,-8.31,0.00125
9524,1tka,Kd,800.0,6.10,-8.31,0.00125
9525,1ujj,Kd,800.0,6.10,-8.31,0.00125
9527,2cvd,Kd,800.0,6.10,-8.31,0.00125
9528,2e7f,Kd,790.0,6.10,-8.32,0.00127
9532,2p7a,Kd,788.0,6.10,-8.32,0.00127
9535,2v8x,Kd,800,6.10,-8.31,0.00125
9543,3cii,Kd,800.0,6.10,-8.31,0.00125
9545,3d62,Kd,800,6.10,-8.31,0.00125
9607,1xxh,Kd,780.0,6.11,-8.33,0.00128
9608,2jnw,Kd,780.0,6.11,-8.33,0.00128
9612,2qx0,Kd,780.0,6.11,-8.33,0.00128
9655,2fgv,Kd,760,6.12,-8.34,0.00132
9656,2kgi,Kd,750.0,6.12,-8.35,0.00133
9658,2wvt,Kd,755,6.12,-8.35,0.00132
9693,1aku,Kd,746,6.13,-8.35,0.00134
9713,2c97,Kd,720.0,6.14,-8.38,0.00139
9715,2zym,Kd,730.0,6.14,-8.37,0.00137
9716,3bti,Kd,720.0,6.14,-8.38,0.00139
9718,3ig1,Kd,730.0,6.14,-8.37,0.00137
9741,1h6e,Kd,700.0,6.15,-8.39,0.00143
9751,2j3q,Kd,700.0,6.15,-8.39,0.00143
9752,2k7l,Kd,700.0,6.15,-8.39,0.00143
9755,2r75,Kd,714,6.15,-8.38,0.0014
9767,3ce0,Kd,700.0,6.15,-8.39,0.00143
9769,3ktr,Kd,700.0,6.15,-8.39,0.00143
9826,2i4j,Kd,684.8,6.16,-8.4,0.00146
9829,3m89,Kd,690.0,6.16,-8.4,0.00145
9848,1a9q,Kd,680.0,6.17,-8.41,0.00147
9849,1d6v,Kd,670,6.17,-8.42,0.00149
9854,1sle,Kd,670,6.17,-8.42,0.00149
9855,1yc1,Kd,680,6.17,-8.41,0.00147
9856,1yc3,Kd,680,6.17,-8.41,0.00147
9897,2qhm,Kd,660,6.18,-8.43,0.00152
9901,3eu7,Kd,660.0,6.18,-8.43,0.00152
9914,1d4t,Kd,650,6.19,-8.44,0.00154
9918,1tpz,Kd,640.0,6.19,-8.44,0.00156
9919,1tq4,Kd,640.0,6.19,-8.44,0.00156
9921,2bt9,Kd,640.0,6.19,-8.44,0.00156
9924,2qbu,Kd,645.0,6.19,-8.44,0.00155
9953,1jif,Kd,630,6.20,-8.45,0.00159
9959,2bxe,Kd,630,6.20,-8.45,0.00159
9963,2won,Kd,624,6.20,-8.46,0.0016
9964,2xto,Kd,630,6.20,-8.45,0.00159
9991,1b3h,Kd,620.0,6.21,-8.46,0.00161
9992,1njf,Kd,620.0,6.21,-8.46,0.00161
9997,2zm3,Kd,614.0,6.21,-8.47,0.00163
9999,3bun,Kd,610.0,6.21,-8.47,0.00164
10000,3dgn,Kd,620,6.21,-8.46,0.00161
10004,3lxn,Kd,620,6.21,-8.46,0.00161
10005,3m55,Kd,620.0,6.21,-8.46,0.00161
10047,1fbm,Kd,600.0,6.22,-8.48,0.00167
10050,1ka7,Kd,600.0,6.22,-8.48,0.00167
10052,1xb7,Kd,600.0,6.22,-8.48,0.00167
10064,3acl,Kd,600.0,6.22,-8.48,0.00167
10065,3dxj,Kd,600.0,6.22,-8.48,0.00167
10067,3g2s,Kd,600.0,6.22,-8.48,0.00167
10070,3ip5,Kd,600.0,6.22,-8.48,0.00167
10071,3ipa,Kd,600.0,6.22,-8.48,0.00167
10075,3p2e,Kd,600.0,6.22,-8.48,0.00167
10076,3pb3,Kd,600.0,6.22,-8.48,0.00167
10108,1m7d,Kd,590.0,6.23,-8.49,0.00169
10188,2zdn,Kd,562,6.25,-8.52,0.00178
10215,2hdx,Kd,550.0,6.26,-8.53,0.00182
10221,3oap,Kd,550.0,6.26,-8.53,0.00182
10248,1uwj,Kd,540,6.27,-8.55,0.00185
10251,2nxl,Kd,540.0,6.27,-8.55,0.00185
10280,1g50,Kd,530.0,6.28,-8.56,0.00189
10281,1g6g,Kd,530,6.28,-8.56,0.00189
10282,1gui,Kd,530.0,6.28,-8.56,0.00189
10289,2gfd,Kd,520.0,6.28,-8.57,0.00192
10291,2nmb,Kd,530.0,6.28,-8.56,0.00189
10333,3f48,Kd,512,6.29,-8.58,0.00195
10375,1c7e,Kd,505,6.30,-8.59,0.00198
10377,1d4p,Kd,500.0,6.30,-8.59,0.002
10379,1h24,Kd,500.0,6.30,-8.59,0.002
10381,1lag,Kd,500,6.30,-8.59,0.002
10383,1osf,Kd,500,6.30,-8.59,0.002
10386,1wdn,Kd,500.0,6.30,-8.59,0.002
10393,2jg8,Kd,500.0,6.30,-8.59,0.002
10395,2oi2,Kd,500,6.30,-8.59,0.002
10396,2or9,Kd,500.0,6.30,-8.59,0.002
10398,2q89,Kd,500.0,6.30,-8.59,0.002
10402,2vrj,Kd,500.0,6.30,-8.59,0.002
10407,3ebl,Kd,500.0,6.30,-8.59,0.002
10409,3k5v,Kd,500.0,6.30,-8.59,0.002
10411,3me9,Kd,500.0,6.30,-8.59,0.002
10488,1nja,Kd,490.0,6.31,-8.6,0.00204
10489,2bal,Kd,490,6.31,-8.6,0.00204
10492,2p0x,Kd,494,6.31,-8.6,0.00202
10493,2pvu,Kd,490.0,6.31,-8.6,0.00204
10494,3hs9,Kd,490,6.31,-8.6,0.00204
10524,1w3j,Kd,484,6.32,-8.61,0.00207
10525,2c9d,Kd,480.0,6.32,-8.62,0.00208
10527,2wnc,Kd,479,6.32,-8.62,0.00209
10528,2zb1,Kd,480.0,6.32,-8.62,0.00208
10533,3m3r,Kd,480.0,6.32,-8.62,0.00208
10557,1dvs,Kd,470,6.33,-8.63,0.00213
10558,1ex8,Kd,470.0,6.33,-8.63,0.00213
10563,3dxk,Kd,470,6.33,-8.63,0.00213
10565,3hxi,Kd,470.0,6.33,-8.63,0.00213
10599,1w9v,Kd,460.0,6.34,-8.64,0.00217
10600,1xq0,Kd,454,6.34,-8.65,0.0022
10602,3cj5,Kd,460.0,6.34,-8.64,0.00217
10638,1qwf,Kd,450.0,6.35,-8.65,0.00222
10641,2j7f,Kd,445,6.35,-8.66,0.00225
10642,2p09,Kd,450,6.35,-8.65,0.00222
10646,3ed0,Kd,450.0,6.35,-8.65,0.00222
10649,3fvh,Kd,447.0,6.35,-8.66,0.00224
10650,3hik,Kd,445.0,6.35,-8.66,0.00225
10684,1if4,Kd,435,6.36,-8.67,0.0023
10687,2iws,Kd,440.0,6.36,-8.67,0.00227
10690,3fr0,Kd,440,6.36,-8.67,0.00227
10716,6abp,Kd,440.0,6.36,-8.67,0.00227
10720,1g3f,Kd,430.0,6.37,-8.68,0.00233
10721,1gx8,Kd,430.0,6.37,-8.68,0.00233
10723,1hms,Kd,430.0,6.37,-8.68,0.00233
10725,2qpq,Kd,430.0,6.37,-8.68,0.00233
10726,2w9h,Kd,430,6.37,-8.68,0.00233
10728,2zdk,Kd,428,6.37,-8.68,0.00234
10756,1qja,Kd,416,6.38,-8.7,0.0024
10758,1ukh,Kd,420.0,6.38,-8.69,0.00238
10762,2hkf,Kd,420.0,6.38,-8.69,0.00238
10763,2q2c,Kd,420.0,6.38,-8.69,0.00238
10829,1a07,Kd,400.0,6.40,-8.72,0.0025
10830,1a1b,Kd,400.0,6.40,-8.72,0.0025
10831,1a1c,Kd,400.0,6.40,-8.72,0.0025
10834,1g7v,Kd,400.0,6.40,-8.72,0.0025
10836,1i7z,Kd,400.0,6.40,-8.72,0.0025
10845,1nzv,Kd,400.0,6.40,-8.72,0.0025
10848,1t2v,Kd,400,6.40,-8.72,0.0025
10849,1usk,Kd,400.0,6.40,-8.72,0.0025
10851,1z2b,Kd,400.0,6.40,-8.72,0.0025
10860,2nno,Kd,400.0,6.40,-8.72,0.0025
10862,2qqs,Kd,400.0,6.40,-8.72,0.0025
10866,2zdl,Kd,402,6.40,-8.72,0.00249
10870,3k1j,Kd,400.0,6.40,-8.72,0.0025
10874,3ng5,Kd,400,6.40,-8.72,0.0025
10960,1i80,Kd,390.0,6.41,-8.74,0.00256
10964,2cgf,Kd,390.0,6.41,-8.74,0.00256
10966,2qki,Kd,390.0,6.41,-8.74,0.00256
10972,2zdm,Kd,386,6.41,-8.74,0.00259
11003,1r17,Kd,379,6.42,-8.76,0.00264
11008,2j78,Kd,384,6.42,-8.75,0.0026
11012,3d2e,Kd,380.0,6.42,-8.75,0.00263
11044,2cia,Kd,370,6.43,-8.77,0.0027
11082,1j4q,Kd,360.0,6.44,-8.79,0.00278
11093,3d7m,Kd,360.0,6.44,-8.79,0.00278
11094,3ffu,Kd,360.0,6.44,-8.79,0.00278
11135,3d32,Kd,354,6.45,-8.8,0.00282
11148,1gt3,Kd,350.0,6.46,-8.8,0.00286
11160,2xdx,Kd,350.0,6.46,-8.8,0.00286
11165,3o8p,Kd,350,6.46,-8.8,0.00286
11194,7abp,Kd,350.0,6.46,-8.8,0.00286
11195,1aqj,Kd,340.0,6.47,-8.82,0.00294
11196,1bxl,Kd,340.0,6.47,-8.82,0.00294
11201,1o9k,Kd,340.0,6.47,-8.82,0.00294
11207,3gcq,Kd,342,6.47,-8.82,0.00292
11240,1byg,Kd,330,6.48,-8.84,0.00303
11247,1rpj,Kd,330.0,6.48,-8.84,0.00303
11254,2q2n,Kd,330.0,6.48,-8.84,0.00303
11257,2wnj,Kd,330,6.48,-8.84,0.00303
11260,3cph,Kd,330.0,6.48,-8.84,0.00303
11269,3ogx,Kd,330.0,6.48,-8.84,0.00303
11307,1dl7,Kd,320.0,6.49,-8.86,0.00313
11309,1ru2,Kd,320.0,6.49,-8.86,0.00313
11311,1x11,Kd,320.0,6.49,-8.86,0.00313
11312,1y1d,Kd,320,6.49,-8.86,0.00313
11318,3bum,Kd,320.0,6.49,-8.86,0.00313
11320,3mho,Kd,320.0,6.49,-8.86,0.00313
11323,3nw3,Kd,320.0,6.49,-8.86,0.00313
11368,1xa5,Kd,316,6.50,-8.86,0.00316
11371,2weg,Kd,314,6.50,-8.87,0.00318
11372,3bwj,Kd,319.0,6.50,-8.86,0.00313
11389,1vwf,Kd,310,6.51,-8.87,0.00323
11390,2jdh,Kd,310.0,6.51,-8.87,0.00323
11391,2jkt,Kd,310.0,6.51,-8.87,0.00323
11394,2xjj,Kd,310.0,6.51,-8.87,0.00323
11396,3cj4,Kd,310.0,6.51,-8.87,0.00323
11424,1ct8,Kd,300.0,6.52,-8.89,0.00333
11425,1esz,Kd,300.0,6.52,-8.89,0.00333
11426,1g74,Kd,300.0,6.52,-8.89,0.00333
11427,1gt4,Kd,300.0,6.52,-8.89,0.00333
11428,1h28,Kd,300.0,6.52,-8.89,0.00333
11429,1j80,Kd,300.0,6.52,-8.89,0.00333
11430,1k3q,Kd,300.0,6.52,-8.89,0.00333
11434,1qy1,Kd,300.0,6.52,-8.89,0.00333
11437,1zhy,Kd,300,6.52,-8.89,0.00333
11439,2fx8,Kd,302,6.52,-8.89,0.00331
11443,2jql,Kd,300.0,6.52,-8.89,0.00333
11444,2nn7,Kd,300.0,6.52,-8.89,0.00333
11446,2ntf,Kd,300,6.52,-8.89,0.00333
11450,2pfy,Kd,300.0,6.52,-8.89,0.00333
11454,2w0p,Kd,300.0,6.52,-8.89,0.00333
11455,2w73,Kd,300.0,6.52,-8.89,0.00333
11457,2zft,Kd,300,6.52,-8.89,0.00333
11458,3bva,Kd,300.0,6.52,-8.89,0.00333
11461,3g2v,Kd,300.0,6.52,-8.89,0.00333
11463,3hjo,Kd,300.0,6.52,-8.89,0.00333
11464,3hzv,Kd,300.0,6.52,-8.89,0.00333
11465,3ljj,Kd,300,6.52,-8.89,0.00333
11534,2p7g,Kd,297.0,6.53,-8.9,0.00337
11544,1d3q,Kd,290.0,6.54,-8.91,0.00345
11545,1drv,Kd,290.0,6.54,-8.91,0.00345
11553,2h21,Kd,290.0,6.54,-8.91,0.00345
11554,2jdk,Kd,290.0,6.54,-8.91,0.00345
11555,2zfs,Kd,287,6.54,-8.92,0.00348
11556,2zhd,Kd,287,6.54,-8.92,0.00348
11559,3d0b,Kd,290.0,6.54,-8.91,0.00345
11560,3exf,Kd,290.0,6.54,-8.91,0.00345
11564,3jvs,Kd,290.0,6.54,-8.91,0.00345
11605,1dhj,Kd,281,6.55,-8.93,0.00356
11607,1hmr,Kd,280.0,6.55,-8.93,0.00357
11610,1q4k,Kd,280,6.55,-8.93,0.00357
11612,1umw,Kd,280,6.55,-8.93,0.00357
11613,1yc4,Kd,280,6.55,-8.93,0.00357
11614,1yda,Kd,280,6.55,-8.93,0.00357
11617,2fgh,Kd,280.0,6.55,-8.93,0.00357
11718,2khh,Kd,276,6.56,-8.94,0.00362
11719,2zq2,Kd,276,6.56,-8.94,0.00362
11735,1sld,Kd,270,6.57,-8.96,0.0037
11736,1ujk,Kd,270.0,6.57,-8.96,0.0037
11737,1wva,Kd,270,6.57,-8.96,0.0037
11739,1zub,Kd,270.0,6.57,-8.96,0.0037
11740,2buj,Kd,270,6.57,-8.96,0.0037
11743,2fqy,Kd,270,6.57,-8.96,0.0037
11744,2hzl,Kd,270,6.57,-8.96,0.0037
11799,1k1i,Kd,264,6.58,-8.97,0.00379
11800,2p7z,Kd,262.0,6.58,-8.97,0.00382
11808,1b58,Kd,260,6.59,-8.98,0.00385
11812,1hk3,Kd,260.0,6.59,-8.98,0.00385
11814,1mq1,Kd,260,6.59,-8.98,0.00385
11821,2v7d,Kd,260,6.59,-8.98,0.00385
11868,1b38,Kd,254.0,6.60,-8.99,0.00394
11871,1gwr,Kd,250,6.60,-9.0,0.004
11879,2euk,Kd,250.0,6.60,-9.0,0.004
11885,2jdp,Kd,250.0,6.60,-9.0,0.004
11887,2xhx,Kd,250.0,6.60,-9.0,0.004
11889,3cwk,Kd,250,6.60,-9.0,0.004
11890,3dgl,Kd,250,6.60,-9.0,0.004
11895,3ip6,Kd,250.0,6.60,-9.0,0.004
11960,3mo2,Kd,244,6.61,-9.02,0.0041
11975,1ii5,Kd,240,6.62,-9.03,0.00417
11976,1jd5,Kd,240.0,6.62,-9.03,0.00417
11978,1s3k,Kd,240.0,6.62,-9.03,0.00417
11984,2ews,Kd,240.0,6.62,-9.03,0.00417
11985,2j7b,Kd,240,6.62,-9.03,0.00417
11986,2jgs,Kd,240.0,6.62,-9.03,0.00417
11987,2vwc,Kd,240.0,6.62,-9.03,0.00417
11991,2zq1,Kd,239,6.62,-9.03,0.00418
11995,3ljo,Kd,239,6.62,-9.03,0.00418
12044,3f8f,Kd,236,6.63,-9.04,0.00424
12071,1tmm,Kd,230.0,6.64,-9.05,0.00435
12074,2gej,Kd,230.0,6.64,-9.05,0.00435
12078,2kpl,Kd,230.0,6.64,-9.05,0.00435
12079,2oi3,Kd,230.0,6.64,-9.05,0.00435
12087,3cf1,Kd,230,6.64,-9.05,0.00435
12100,5abp,Kd,230.0,6.64,-9.05,0.00435
12129,2j75,Kd,225,6.65,-9.06,0.00444
12141,1a4r,Kd,220.0,6.66,-9.08,0.00455
12144,1h3h,Kd,220,6.66,-9.08,0.00455
12147,1rf7,Kd,220,6.66,-9.08,0.00455
12151,2v5x,Kd,220,6.66,-9.08,0.00455
12160,3lnj,Kd,219,6.66,-9.08,0.00457
12212,3ew2,Kd,215,6.67,-9.09,0.00465
12213,3g19,Kd,214,6.67,-9.09,0.00467
12228,1mai,Kd,210,6.68,-9.1,0.00476
12232,2fqw,Kd,210,6.68,-9.1,0.00476
12233,2iwx,Kd,210.0,6.68,-9.1,0.00476
12241,3dab,Kd,210.0,6.68,-9.1,0.00476
12244,3ie3,Kd,210.0,6.68,-9.1,0.00476
12302,1a09,Kd,200.0,6.70,-9.13,0.005
12303,1a50,Kd,200.0,6.70,-9.13,0.005
12304,1b0h,Kd,200.0,6.70,-9.13,0.005
12305,1b3g,Kd,200,6.70,-9.13,0.005
12310,1gca,Kd,200.0,6.70,-9.13,0.005
12317,1lfo,Kd,200.0,6.70,-9.13,0.005
12318,1mwn,Kd,200,6.70,-9.13,0.005
12319,1nki,Kd,200.0,6.70,-9.13,0.005
12326,1xr8,Kd,200,6.70,-9.13,0.005
12329,2baq,Kd,200,6.70,-9.13,0.005
12330,2emt,Kd,201,6.70,-9.13,0.00498
12331,2eum,Kd,200.0,6.70,-9.13,0.005
12332,2evl,Kd,200.0,6.70,-9.13,0.005
12336,2kup,Kd,200.0,6.70,-9.13,0.005
12341,2py4,Kd,200.0,6.70,-9.13,0.005
12345,3c7n,Kd,200.0,6.70,-9.13,0.005
12347,3hzk,Kd,200.0,6.70,-9.13,0.005
12351,3mhi,Kd,200.0,6.70,-9.13,0.005
12353,3pck,Kd,200.0,6.70,-9.13,0.005
12467,1n4m,Kd,190.0,6.72,-9.16,0.00526
12468,1ov3,Kd,190.0,6.72,-9.16,0.00526
12469,1rbp,Kd,190.0,6.72,-9.16,0.00526
12472,2jdu,Kd,190.0,6.72,-9.16,0.00526
12475,2vpn,Kd,190.0,6.72,-9.16,0.00526
12476,2w3o,Kd,190.0,6.72,-9.16,0.00526
12483,3bxz,Kd,190.0,6.72,-9.16,0.00526
12484,3diw,Kd,190.0,6.72,-9.16,0.00526
12510,5fwg,Kd,190.0,6.72,-9.16,0.00526
12554,1brp,Kd,182,6.74,-9.19,0.00549
12555,1qab,Kd,182,6.74,-9.19,0.00549
12558,1usi,Kd,180.0,6.74,-9.2,0.00556
12572,3bsz,Kd,182,6.74,-9.19,0.00549
12573,3dgo,Kd,180,6.74,-9.2,0.00556
12575,3fzy,Kd,180.0,6.74,-9.2,0.00556
12576,3heg,Kd,180.0,6.74,-9.2,0.00556
12579,3m67,Kd,180.0,6.74,-9.2,0.00556
12581,3n6k,Kd,180,6.74,-9.2,0.00556
12651,3ekq,Kd,176.0,6.75,-9.21,0.00568
12686,1bkj,Kd,170.0,6.77,-9.23,0.00588
12688,1hk2,Kd,170.0,6.77,-9.23,0.00588
12689,1knu,Kd,170,6.77,-9.23,0.00588
12699,1y19,Kd,170,6.77,-9.23,0.00588
12703,2p54,Kd,170,6.77,-9.23,0.00588
12707,2w10,Kd,170,6.77,-9.23,0.00588
12715,3m40,Kd,170.0,6.77,-9.23,0.00588
12751,1v4s,Kd,164.9,6.78,-9.25,0.00606
12752,3f9m,Kd,164.9,6.78,-9.25,0.00606
12754,3gcu,Kd,165,6.78,-9.25,0.00606
12755,3id8,Kd,164.9,6.78,-9.25,0.00606
12776,2rcb,Kd,163,6.79,-9.25,0.00613
12795,1fl3,Kd,160.0,6.80,-9.27,0.00625
12799,1p1n,Kd,160.0,6.80,-9.27,0.00625
12876,3mo0,Kd,154,6.81,-9.29,0.00649
12894,1drk,Kd,150.0,6.82,-9.3,0.00667
12898,1jeu,Kd,150,6.82,-9.3,0.00667
12899,1k1n,Kd,153,6.82,-9.29,0.00654
12900,1lrh,Kd,150.0,6.82,-9.3,0.00667
12907,1tr7,Kd,150.0,6.82,-9.3,0.00667
12908,1uwf,Kd,150.0,6.82,-9.3,0.00667
12909,1xh7,Kd,150,6.82,-9.3,0.00667
12912,2c94,Kd,150.0,6.82,-9.3,0.00667
12916,2g97,Kd,152,6.82,-9.3,0.00658
12917,2jk9,Kd,150,6.82,-9.3,0.00667
12920,2pym,Kd,150,6.82,-9.3,0.00667
12924,2v8w,Kd,150.0,6.82,-9.3,0.00667
12934,3m3x,Kd,150.0,6.82,-9.3,0.00667
13004,3e6v,Kd,147,6.83,-9.32,0.0068
13007,3lbd,Kd,148,6.83,-9.31,0.00676
13050,1bap,Kd,140.0,6.85,-9.34,0.00714
13054,1lkk,Kd,140,6.85,-9.34,0.00714
13055,1os5,Kd,140.0,6.85,-9.34,0.00714
13056,1q72,Kd,140.0,6.85,-9.34,0.00714
13057,1qyg,Kd,140.0,6.85,-9.34,0.00714
13062,1xt8,Kd,140.0,6.85,-9.34,0.00714
13078,3iet,Kd,140.0,6.85,-9.34,0.00714
13145,3mo5,Kd,136,6.87,-9.36,0.00735
13147,3tmk,Kd,135,6.87,-9.37,0.00741
13158,1i3z,Kd,131,6.88,-9.38,0.00763
13182,1b3f,Kd,130,6.89,-9.39,0.00769
13184,1jev,Kd,130,6.89,-9.39,0.00769
13189,1vr1,Kd,128,6.89,-9.4,0.00781
13191,2bfq,Kd,130.0,6.89,-9.39,0.00769
13192,2dri,Kd,130.0,6.89,-9.39,0.00769
13194,2f34,Kd,130.0,6.89,-9.39,0.00769
13199,2vk2,Kd,130.0,6.89,-9.39,0.00769
13210,3hu1,Kd,130.0,6.89,-9.39,0.00769
13211,3hu3,Kd,130.0,6.89,-9.39,0.00769
13216,3psl,Kd,130.0,6.89,-9.39,0.00769
13271,1k1l,Kd,125,6.90,-9.41,0.008
13274,2g1o,Kd,127,6.90,-9.4,0.00787
13279,3cow,Kd,125.0,6.90,-9.41,0.008
13299,2ito,Kd,123.6,6.91,-9.42,0.00809
13300,3evc,Kd,124,6.91,-9.42,0.00806
13301,3evd,Kd,124,6.91,-9.42,0.00806
13316,1b39,Kd,120.0,6.92,-9.44,0.00833
13317,1d4w,Kd,120,6.92,-9.44,0.00833
13319,1k6v,Kd,120,6.92,-9.44,0.00833
13326,1swr,Kd,120.0,6.92,-9.44,0.00833
13330,2foy,Kd,120,6.92,-9.44,0.00833
13331,2g78,Kd,120,6.92,-9.44,0.00833
13332,2g79,Kd,120,6.92,-9.44,0.00833
13339,3bu8,Kd,120.0,6.92,-9.44,0.00833
13341,3ckx,Kd,120,6.92,-9.44,0.00833
13419,1oeb,Kd,118.0,6.93,-9.45,0.00847
13420,2weo,Kd,118,6.93,-9.45,0.00847
13446,3luo,Kd,113,6.95,-9.47,0.00885
13459,1atr,Kd,110,6.96,-9.49,0.00909
13460,1ats,Kd,110,6.96,-9.49,0.00909
13461,1ba0,Kd,110,6.96,-9.49,0.00909
13462,1ba1,Kd,110,6.96,-9.49,0.00909
13464,1bup,Kd,110,6.96,-9.49,0.00909
13465,1c5c,Kd,110,6.96,-9.49,0.00909
13466,1d3v,Kd,110.0,6.96,-9.49,0.00909
13470,1gux,Kd,110,6.96,-9.49,0.00909
13472,1hpm,Kd,110,6.96,-9.49,0.00909
13475,1n3w,Kd,110,6.96,-9.49,0.00909
13476,1nga,Kd,110,6.96,-9.49,0.00909
13477,1ngb,Kd,110,6.96,-9.49,0.00909
13478,1ngc,Kd,110,6.96,-9.49,0.00909
13479,1ngd,Kd,110,6.96,-9.49,0.00909
13481,1qqm,Kd,110,6.96,-9.49,0.00909
13482,1qqn,Kd,110,6.96,-9.49,0.00909
13483,1qqo,Kd,110,6.96,-9.49,0.00909
13488,2bup,Kd,110,6.96,-9.49,0.00909
13489,2clq,Kd,110,6.96,-9.49,0.00909
13494,2qwl,Kd,110,6.96,-9.49,0.00909
13495,2qwm,Kd,110,6.96,-9.49,0.00909
13496,2qwn,Kd,110,6.96,-9.49,0.00909
13497,2qwo,Kd,110,6.96,-9.49,0.00909
13498,2qwp,Kd,110,6.96,-9.49,0.00909
13499,2qwq,Kd,110,6.96,-9.49,0.00909
13503,3exe,Kd,110.0,6.96,-9.49,0.00909
13504,3hsc,Kd,110,6.96,-9.49,0.00909
13554,2k0g,Kd,107,6.97,-9.5,0.00935
13576,3hv8,Kd,104.2,6.98,-9.52,0.0096
13593,1upv,Kd,103,6.99,-9.53,0.00971
13594,1upw,Kd,103,6.99,-9.53,0.00971
13619,1is0,Kd,100.0,7.00,-9.54,0.01
13620,1kc5,Kd,100.0,7.00,-9.54,0.01
13622,1m74,Kd,100,7.00,-9.54,0.01
13625,1tyr,Kd,100.0,7.00,-9.54,0.01
13626,1uki,Kd,100,7.00,-9.54,0.01
13629,1vyj,Kd,100,7.00,-9.54,0.01
13632,2a2g,Kd,100.0,7.00,-9.54,0.01
13638,2j7g,Kd,100,7.00,-9.54,0.01
13639,2p0d,Kd,100.0,7.00,-9.54,0.01
13645,2wzf,Kd,100,7.00,-9.54,0.01
13649,3bbb,Kd,100,7.00,-9.54,0.01
13652,3drf,Kd,100.0,7.00,-9.54,0.01
13653,3drg,Kd,100.0,7.00,-9.54,0.01
13655,3fsm,Kd,100.0,7.00,-9.54,0.01
13656,3g15,Kd,100.0,7.00,-9.54,0.01
13657,3g2t,Kd,100.0,7.00,-9.54,0.01
13659,3hzy,Kd,100.0,7.00,-9.54,0.01
13660,3kdm,Kd,100.0,7.00,-9.54,0.01
13664,3l8s,Kd,99.0,7.00,-9.55,0.0101
13667,3mhm,Kd,100.0,7.00,-9.54,0.01
13774,2zmd,Kd,98.0,7.01,-9.56,0.0102
13777,3nht,Kd,98,7.01,-9.56,0.0102
13798,3cdb,Kd,95.7,7.02,-9.57,0.01045
13822,1b1h,Kd,93.0,7.03,-9.59,0.01075
13826,3dsu,Kd,94,7.03,-9.58,0.01064
13827,3eyf,Kd,94,7.03,-9.58,0.01064
13859,1gnj,Kd,91,7.04,-9.6,0.01099
13889,1b5i,Kd,90,7.05,-9.61,0.01111
13891,1g7p,Kd,90,7.05,-9.61,0.01111
13892,1nox,Kd,90,7.05,-9.61,0.01111
13896,2fts,Kd,90,7.05,-9.61,0.01111
13901,2wer,Kd,90,7.05,-9.61,0.01111
13947,1bwn,Kd,87,7.06,-9.63,0.01149
13952,2zsc,Kd,87,7.06,-9.63,0.01149
13981,1ydd,Kd,86,7.07,-9.63,0.01163
13982,1zsh,Kd,85,7.07,-9.64,0.01176
13984,2ate,Kd,86,7.07,-9.63,0.01163
14021,1xpz,Kd,84,7.08,-9.65,0.0119
14022,2hnx,Kd,83,7.08,-9.65,0.01205
14082,1b32,Kd,79,7.10,-9.68,0.01266
14087,1j81,Kd,80.0,7.10,-9.68,0.0125
14090,1t4e,Kd,80,7.10,-9.68,0.0125
14095,2f7i,Kd,80,7.10,-9.68,0.0125
14096,2fou,Kd,80,7.10,-9.68,0.0125
14098,2hbt,Kd,80,7.10,-9.68,0.0125
14099,2hbu,Kd,80,7.10,-9.68,0.0125
14100,2iku,Kd,79,7.10,-9.68,0.01266
14101,2il2,Kd,79,7.10,-9.68,0.01266
14104,2v57,Kd,79,7.10,-9.68,0.01266
14106,2wjg,Kd,80.0,7.10,-9.68,0.0125
14109,2y33,Kd,80,7.10,-9.68,0.0125
14110,2y34,Kd,80,7.10,-9.68,0.0125
14114,3hky,Kd,80,7.10,-9.68,0.0125
14182,3e64,Kd,78.0,7.11,-9.69,0.01282
14214,1b05,Kd,75,7.12,-9.71,0.01333
14215,1b52,Kd,76,7.12,-9.71,0.01316
14216,1gwq,Kd,76,7.12,-9.71,0.01316
14231,3d2t,Kd,75,7.12,-9.71,0.01333
14232,3d5f,Kd,76.4,7.12,-9.7,0.01309
14235,3fe7,Kd,75,7.12,-9.71,0.01333
14236,3hww,Kd,75,7.12,-9.71,0.01333
14276,2j7d,Kd,74,7.13,-9.72,0.01351
14277,3gcv,Kd,74,7.13,-9.72,0.01351
14302,2pv1,Kd,73,7.14,-9.73,0.0137
14307,3f3v,Kd,73,7.14,-9.73,0.0137
14348,1fch,Kd,70,7.15,-9.76,0.01429
14349,1nzl,Kd,70.0,7.15,-9.76,0.01429
14351,1xr9,Kd,70,7.15,-9.76,0.01429
14354,2bba,Kd,70,7.15,-9.76,0.01429
14356,2fci,Kd,70,7.15,-9.76,0.01429
14357,2fqx,Kd,71,7.15,-9.75,0.01408
14358,2hmh,Kd,70,7.15,-9.76,0.01429
14360,2ovq,Kd,70,7.15,-9.76,0.01429
14364,2wfj,Kd,70,7.15,-9.76,0.01429
14366,3c49,Kd,70.0,7.15,-9.76,0.01429
14369,3fql,Kd,71,7.15,-9.75,0.01408
14446,3f3d,Kd,69,7.16,-9.76,0.01449
14471,2doo,Kd,67,7.17,-9.78,0.01493
14473,2i6b,Kd,68,7.17,-9.77,0.01471
14477,3el4,Kd,67.4,7.17,-9.78,0.01484
14527,2q63,Kd,66,7.18,-9.79,0.01515
14552,1fcx,Kd,64,7.19,-9.81,0.01562
14555,1hsl,Kd,64.0,7.19,-9.81,0.01562
14556,1idg,Kd,65,7.19,-9.8,0.01538
14558,1lxh,Kd,65,7.19,-9.8,0.01538
14562,1nu1,Kd,64,7.19,-9.81,0.01562
14565,1q7a,Kd,64,7.19,-9.81,0.01562
14571,2j7h,Kd,65,7.19,-9.8,0.01538
14576,3f19,Kd,65.1,7.19,-9.8,0.01536
14631,2pqb,Kd,63,7.20,-9.82,0.01587
14632,2xii,Kd,63.3,7.20,-9.81,0.0158
14633,3c79,Kd,63,7.20,-9.82,0.01587
14634,3eov,Kd,63,7.20,-9.82,0.01587
14660,2pl0,Kd,62.0,7.21,-9.83,0.01613
14668,3f1a,Kd,61.1,7.21,-9.84,0.01637
14670,3if7,Kd,61,7.21,-9.84,0.01639
14714,1sw2,Kd,60,7.22,-9.85,0.01667
14717,2ci9,Kd,60,7.22,-9.85,0.01667
14720,2fo4,Kd,60,7.22,-9.85,0.01667
14727,2rkn,Kd,60.0,7.22,-9.85,0.01667
14729,3csl,Kd,60.0,7.22,-9.85,0.01667
14731,3cyu,Kd,60,7.22,-9.85,0.01667
14732,3cyz,Kd,60.0,7.22,-9.85,0.01667
14733,3dzt,Kd,60.2,7.22,-9.84,0.01661
14735,3hu2,Kd,60.0,7.22,-9.85,0.01667
14741,3pcj,Kd,60.0,7.22,-9.85,0.01667
14827,1etz,Kd,58,7.24,-9.87,0.01724
14845,3o84,Kd,58,7.24,-9.87,0.01724
14891,1jet,Kd,56,7.25,-9.89,0.01786
14894,2ces,Kd,56,7.25,-9.89,0.01786
14897,2qbw,Kd,56,7.25,-9.89,0.01786
14898,3gcs,Kd,56,7.25,-9.89,0.01786
14899,3mhl,Kd,56.0,7.25,-9.89,0.01786
14918,1dhi,Kd,55,7.26,-9.9,0.01818
14920,1mrx,Kd,55,7.26,-9.9,0.01818
14922,2f8i,Kd,55,7.26,-9.9,0.01818
14924,2xib,Kd,55.1,7.26,-9.9,0.01815
14926,3cz1,Kd,55.0,7.26,-9.9,0.01818
14928,3ifo,Kd,54.5,7.26,-9.9,0.01835
14929,3p5o,Kd,55.2,7.26,-9.9,0.01812
14958,1fdq,Kd,53.4,7.27,-9.92,0.01873
14960,2ity,Kd,53.5,7.27,-9.91,0.01869
14962,3l3q,Kd,53.2,7.27,-9.92,0.0188
14981,1b40,Kd,53,7.28,-9.92,0.01887
14983,1kel,Kd,52,7.28,-9.93,0.01923
14985,1ppx,Kd,52,7.28,-9.93,0.01923
14986,1pun,Kd,52,7.28,-9.93,0.01923
14987,1puq,Kd,52,7.28,-9.93,0.01923
14988,1pus,Kd,52,7.28,-9.93,0.01923
14989,1shc,Kd,53,7.28,-9.92,0.01887
14991,2cgr,Kd,53,7.28,-9.92,0.01887
14992,2pql,Kd,53,7.28,-9.92,0.01887
14997,3a6t,Kd,52,7.28,-9.93,0.01923
14999,3iwy,Kd,53,7.28,-9.92,0.01887
15048,3ccz,Kd,51.7,7.29,-9.93,0.01934
15072,1ej4,Kd,50,7.30,-9.95,0.02
15080,1opi,Kd,50,7.30,-9.95,0.02
15081,1oqp,Kd,50,7.30,-9.95,0.02
15083,1sw1,Kd,50,7.30,-9.95,0.02
15097,2uxi,Kd,50.0,7.30,-9.95,0.02
15098,2vvn,Kd,50,7.30,-9.95,0.02
15174,3mxf,Kd,49,7.31,-9.97,0.02041
15212,1xh6,Kd,48,7.32,-9.98,0.02083
15214,2j7e,Kd,48,7.32,-9.98,0.02083
15218,3kv2,Kd,47.51,7.32,-9.98,0.02105
15222,3ogm,Kd,48,7.32,-9.98,0.02083
15243,1fe3,Kd,46.7,7.33,-9.99,0.02141
15250,3gjd,Kd,46.8,7.33,-9.99,0.02137
15277,1uw6,Kd,45.2,7.34,-10.01,0.02212
15278,1y2a,Kd,45.8,7.34,-10.01,0.02183
15317,1qkb,Kd,45,7.35,-10.02,0.02222
15319,1ttm,Kd,45,7.35,-10.02,0.02222
15352,1k6p,Kd,44,7.36,-10.03,0.02273
15353,1swg,Kd,43.9,7.36,-10.03,0.02278
15394,1b51,Kd,43,7.37,-10.04,0.02326
15395,1cnx,Kd,43,7.37,-10.04,0.02326
15396,1fao,Kd,43.0,7.37,-10.04,0.02326
15399,1yvh,Kd,43,7.37,-10.04,0.02326
15402,2pr9,Kd,42.2,7.37,-10.05,0.0237
15406,3dp4,Kd,43,7.37,-10.04,0.02326
15410,3m5e,Kd,43.0,7.37,-10.04,0.02326
15451,1t13,Kd,42.0,7.38,-10.06,0.02381
15491,1d3p,Kd,41,7.39,-10.07,0.02439
15493,1ilh,Kd,41,7.39,-10.07,0.02439
15494,1jd6,Kd,41.0,7.39,-10.07,0.02439
15502,2qhr,Kd,41,7.39,-10.07,0.02439
15531,1b55,Kd,40,7.40,-10.09,0.025
15532,1drj,Kd,40.0,7.40,-10.09,0.025
15536,1k1m,Kd,40,7.40,-10.09,0.025
15537,1oar,Kd,40,7.40,-10.09,0.025
15540,1q4l,Kd,40,7.40,-10.09,0.025
15541,1r6n,Kd,40,7.40,-10.09,0.025
15555,2xtn,Kd,40,7.40,-10.09,0.025
15562,3f18,Kd,39.5,7.40,-10.09,0.02532
15568,3m17,Kd,40,7.40,-10.09,0.025
15661,2q2a,Kd,39.0,7.41,-10.1,0.02564
15748,1b5j,Kd,37,7.43,-10.13,0.02703
15749,1fl6,Kd,37,7.43,-10.13,0.02703
15752,2bak,Kd,37,7.43,-10.13,0.02703
15799,2vx9,Kd,36,7.44,-10.15,0.02778
15804,3fea,Kd,36,7.44,-10.15,0.02778
15805,3gp0,Kd,36,7.44,-10.15,0.02778
15807,3kmr,Kd,36,7.44,-10.15,0.02778
15841,1n0s,Kd,35.2,7.45,-10.16,0.02841
15842,2ccb,Kd,35.76,7.45,-10.15,0.02796
15849,1iq1,Kd,35,7.46,-10.17,0.02857
15852,1yei,Kd,35,7.46,-10.17,0.02857
15853,1yej,Kd,35,7.46,-10.17,0.02857
15859,3g5y,Kd,35,7.46,-10.17,0.02857
15861,3ikc,Kd,35.0,7.46,-10.17,0.02857
15915,1xh4,Kd,34,7.47,-10.18,0.02941
15917,2nm1,Kd,34,7.47,-10.18,0.02941
15921,3el0,Kd,34.1,7.47,-10.18,0.02933
15943,5tmp,Kd,34,7.47,-10.18,0.02941
15950,1k6c,Kd,33,7.48,-10.2,0.0303
15965,3o6m,Kd,33,7.48,-10.2,0.0303
15993,1ewj,Kd,32,7.49,-10.22,0.03125
15995,2br8,Kd,32.6,7.49,-10.21,0.03067
16003,3eu5,Kd,32,7.49,-10.22,0.03125
16004,3fsk,Kd,32,7.49,-10.22,0.03125
16005,3lcs,Kd,32,7.49,-10.22,0.03125
16062,3o6l,Kd,31,7.51,-10.24,0.03226
16152,1bm7,Kd,30,7.52,-10.26,0.03333
16156,1lah,Kd,30,7.52,-10.26,0.03333
16158,1lke,Kd,30.2,7.52,-10.25,0.03311
16161,1osg,Kd,30,7.52,-10.26,0.03333
16165,1qpd,Kd,30,7.52,-10.26,0.03333
16166,1qpj,Kd,30,7.52,-10.26,0.03333
16169,1vea,Kd,30,7.52,-10.26,0.03333
16174,2gek,Kd,30.0,7.52,-10.26,0.03333
16178,2mas,Kd,30,7.52,-10.26,0.03333
16179,2nnv,Kd,30.0,7.52,-10.26,0.03333
16192,3hmo,Kd,30.5,7.52,-10.25,0.03279
16193,3i02,Kd,30.0,7.52,-10.26,0.03333
16272,1g1e,Kd,29,7.54,-10.28,0.03448
16278,2e7l,Kd,29.0,7.54,-10.28,0.03448
16281,2q5s,Kd,29,7.54,-10.28,0.03448
16329,1k1j,Kd,28,7.55,-10.3,0.03571
16339,2fov,Kd,28,7.55,-10.3,0.03571
16341,2vc2,Kd,28,7.55,-10.3,0.03571
16344,3b50,Kd,28,7.55,-10.3,0.03571
16384,1ryh,Kd,27.6,7.56,-10.31,0.03623
16385,2jiu,Kd,27.6,7.56,-10.31,0.03623
16386,3cct,Kd,27.4,7.56,-10.31,0.0365
16398,1m13,Kd,27,7.57,-10.32,0.03704
16407,2pyn,Kd,27,7.57,-10.32,0.03704
16411,3cd0,Kd,26.9,7.57,-10.32,0.03717
16414,3gfw,Kd,27,7.57,-10.32,0.03704
16460,3cda,Kd,26.3,7.58,-10.33,0.03802
16477,3efl,Kd,26,7.59,-10.34,0.03846
16522,2c3i,Kd,25,7.60,-10.36,0.04
16529,2qs2,Kd,25,7.60,-10.36,0.04
16537,3fh7,Kd,25,7.60,-10.36,0.04
16545,3iux,Kd,25.1,7.60,-10.36,0.03984
16606,1ftm,Kd,24.8,7.61,-10.37,0.04032
16608,3ifp,Kd,24.5,7.61,-10.38,0.04082
16617,1fzq,Kd,24,7.62,-10.39,0.04167
16618,1k6t,Kd,24,7.62,-10.39,0.04167
16631,2z4r,Kd,24,7.62,-10.39,0.04167
16633,3eyu,Kd,24,7.62,-10.39,0.04167
16635,3o4k,Kd,24,7.62,-10.39,0.04167
16679,1e5a,Kd,23,7.64,-10.41,0.04348
16690,3bkb,Kd,23,7.64,-10.41,0.04348
16691,3d78,Kd,23,7.64,-10.41,0.04348
16692,3fat,Kd,22.8,7.64,-10.42,0.04386
16695,3k5k,Kd,23,7.64,-10.41,0.04348
16751,1i8i,Kd,22,7.66,-10.44,0.04545
16770,3g0f,Kd,22,7.66,-10.44,0.04545
16847,1ngw,Kd,20.7,7.68,-10.48,0.04831
16855,2arm,Kd,21,7.68,-10.47,0.04762
16866,3f8c,Kd,21,7.68,-10.47,0.04762
16868,3miy,Kd,21,7.68,-10.47,0.04762
16926,1fzm,Kd,20,7.70,-10.5,0.05
16933,1j7z,Kd,20.0,7.70,-10.5,0.05
16938,1oau,Kd,20,7.70,-10.5,0.05
16939,1oz0,Kd,20,7.70,-10.5,0.05
16949,2agv,Kd,20,7.70,-10.5,0.05
16955,2flu,Kd,20,7.70,-10.5,0.05
16956,2fx7,Kd,20,7.70,-10.5,0.05
16958,2hmu,Kd,20,7.70,-10.5,0.05
16959,2hmv,Kd,20,7.70,-10.5,0.05
16960,2hmw,Kd,20,7.70,-10.5,0.05
16977,3f3e,Kd,20,7.70,-10.5,0.05
16979,3g0e,Kd,20,7.70,-10.5,0.05
16980,3hy5,Kd,20,7.70,-10.5,0.05
16982,3iai,Kd,20,7.70,-10.5,0.05
16986,3n7r,Kd,20,7.70,-10.5,0.05
16987,3n7s,Kd,20,7.70,-10.5,0.05
17033,4tmk,Kd,20,7.70,-10.5,0.05
17083,3lk8,Kd,19.7,7.71,-10.51,0.05076
17093,1cnw,Kd,19,7.72,-10.53,0.05263
17095,1m2z,Kd,19,7.72,-10.53,0.05263
17096,1oif,Kd,19,7.72,-10.53,0.05263
17097,1p93,Kd,19,7.72,-10.53,0.05263
17098,1snu,Kd,19,7.72,-10.53,0.05263
17105,2x2c,Kd,19,7.72,-10.53,0.05263
17108,3d4f,Kd,19,7.72,-10.53,0.05263
17110,3el5,Kd,18.9,7.72,-10.53,0.05291
17185,1qiw,Kd,18,7.74,-10.56,0.05556
17187,1rd4,Kd,18.3,7.74,-10.55,0.05464
17201,2v59,Kd,18,7.74,-10.56,0.05556
17280,2ccc,Kd,17.57,7.76,-10.57,0.05692
17281,2zpk,Kd,17.5,7.76,-10.58,0.05714
17294,1axs,Kd,17,7.77,-10.59,0.05882
17302,1xh9,Kd,17,7.77,-10.59,0.05882
17304,2fx9,Kd,17,7.77,-10.59,0.05882
17306,2hw7,Kd,17,7.77,-10.59,0.05882
17308,2jsd,Kd,17,7.77,-10.59,0.05882
17313,2qm9,Kd,17,7.77,-10.59,0.05882
17318,3dsz,Kd,17.1,7.77,-10.59,0.05848
17320,3gm0,Kd,17,7.77,-10.59,0.05882
17411,1j19,Kd,16.4,7.79,-10.61,0.06098
17412,1ywh,Kd,16.4,7.79,-10.61,0.06098
17413,2zwz,Kd,16.3,7.79,-10.62,0.06135
17424,1u1b,Kd,16,7.80,-10.63,0.0625
17437,3g5v,Kd,16,7.80,-10.63,0.0625
17521,1b6h,Kd,15.0,7.82,-10.67,0.06667
17525,1nf8,Kd,15.0,7.82,-10.67,0.06667
17529,1sqq,Kd,15,7.82,-10.67,0.06667
17538,2jg0,Kd,15,7.82,-10.67,0.06667
17539,2o4n,Kd,15,7.82,-10.67,0.06667
17549,2xjg,Kd,15,7.82,-10.67,0.06667
17552,3gcp,Kd,15,7.82,-10.67,0.06667
17555,3mj1,Kd,15,7.82,-10.67,0.06667
17626,3cd7,Kd,14.3,7.84,-10.7,0.06993
17642,1cny,Kd,14,7.85,-10.71,0.07143
17644,1laf,Kd,14,7.85,-10.71,0.07143
17645,1lbf,Kd,14.0,7.85,-10.71,0.07143
17646,1lst,Kd,14,7.85,-10.71,0.07143
17660,3c84,Kd,14,7.85,-10.71,0.07143
17745,3hwx,Kd,13.9,7.86,-10.71,0.07194
17753,2z6w,Kd,13.4,7.87,-10.73,0.07463
17754,3ccw,Kd,13.5,7.87,-10.73,0.07407
17767,2clv,Kd,13.2,7.88,-10.74,0.07576
17779,1fzo,Kd,13,7.89,-10.75,0.07692
17781,1h2t,Kd,13,7.89,-10.75,0.07692
17782,1h2u,Kd,13,7.89,-10.75,0.07692
17787,1qng,Kd,13,7.89,-10.75,0.07692
17797,2g2r,Kd,13,7.89,-10.75,0.07692
17814,3gxz,Kd,13,7.89,-10.75,0.07692
17907,3cd5,Kd,12.7,7.90,-10.77,0.07874
17929,1avp,Kd,12,7.92,-10.8,0.08333
17932,1f90,Kd,11.9,7.92,-10.8,0.08403
17936,1tfq,Kd,12.0,7.92,-10.8,0.08333
17950,2qs3,Kd,12,7.92,-10.8,0.08333
17961,3h9f,Kd,12,7.92,-10.8,0.08333
17963,3hv7,Kd,12,7.92,-10.8,0.08333
18036,2ewa,Kd,11.5,7.94,-10.82,0.08696
18045,1leg,Kd,11.1,7.95,-10.85,0.09009
18047,2itp,Kd,11.3,7.95,-10.83,0.0885
18075,2eh8,Kd,11,7.96,-10.85,0.09091
18078,2j6m,Kd,10.9,7.96,-10.86,0.09174
18087,3a5y,Kd,11,7.96,-10.85,0.09091
18091,3ekw,Kd,10.9,7.96,-10.86,0.09174
18094,3g5d,Kd,11,7.96,-10.85,0.09091
18199,1a4k,Kd,10.0,8.00,-10.91,0.1
18207,1fpp,Kd,10,8.00,-10.91,0.1
18210,1gaf,Kd,10,8.00,-10.91,0.1
18212,1i5d,Kd,10.0,8.00,-10.91,0.1
18216,1r0p,Kd,10,8.00,-10.91,0.1
18217,1rmz,Kd,10,8.00,-10.91,0.1
18222,1utr,Kd,10,8.00,-10.91,0.1
18223,1vyg,Kd,10,8.00,-10.91,0.1
18224,1xws,Kd,10,8.00,-10.91,0.1
18225,1ycm,Kd,10,8.00,-10.91,0.1
18230,1z3j,Kd,10,8.00,-10.91,0.1
18232,2bik,Kd,10,8.00,-10.91,0.1
18244,2qs1,Kd,10,8.00,-10.91,0.1
18247,2r6f,Kd,10,8.00,-10.91,0.1
18255,2z8e,Kd,10.0,8.00,-10.91,0.1
18257,3c9e,Kd,10,8.00,-10.91,0.1
18263,3dba,Kd,10,8.00,-10.91,0.1
18268,3gkz,Kd,10,8.00,-10.91,0.1
18270,3gvu,Kd,10,8.00,-10.91,0.1
18273,3hx3,Kd,10,8.00,-10.91,0.1
18276,3l8x,Kd,10,8.00,-10.91,0.1
18278,3nga,Kd,10,8.00,-10.91,0.1
18398,8abp,Kd,10.0,8.00,-10.91,0.1
18399,9abp,Kd,10.0,8.00,-10.91,0.1
18402,2cc7,Kd,9.88,8.01,-10.91,0.10121
18418,1b7h,Kd,9.5,8.02,-10.94,0.10526
18419,2cet,Kd,9.6,8.02,-10.93,0.10417
18445,1mpa,Kd,9.1,8.04,-10.96,0.10989
18447,2mpa,Kd,9.1,8.04,-10.96,0.10989
18481,1sjh,Kd,9,8.05,-10.97,0.11111
18482,1vyf,Kd,9,8.05,-10.97,0.11111
18484,2b9a,Kd,9,8.05,-10.97,0.11111
18496,2xcg,Kd,9,8.05,-10.97,0.11111
18509,3eqy,Kd,8.9,8.05,-10.98,0.11236
18574,1iwq,Kd,8.8,8.06,-10.98,0.11364
18582,4fab,Kd,8.8,8.06,-10.98,0.11364
18592,1dva,Kd,8.5,8.07,-11.0,0.11765
18593,1gni,Kd,8.5,8.07,-11.0,0.11765
18618,3ifl,Kd,8.4,8.08,-11.01,0.11905
18639,3hub,Kd,8.2,8.09,-11.02,0.12195
18662,1erb,Kd,8,8.10,-11.04,0.125
18664,1fzj,Kd,8,8.10,-11.04,0.125
18666,1l6m,Kd,7.9,8.10,-11.05,0.12658
18695,3f15,Kd,7.88,8.10,-11.05,0.1269
18699,3kr8,Kd,8,8.10,-11.04,0.125
18705,3nal,Kd,8,8.10,-11.04,0.125
18706,3nx7,Kd,7.88,8.10,-11.05,0.1269
18820,2k2g,Kd,7.5,8.12,-11.08,0.13333
18884,2fxu,Kd,7,8.15,-11.12,0.14286
18885,2jf4,Kd,7,8.15,-11.12,0.14286
18892,3bu1,Kd,7.1,8.15,-11.11,0.14085
18984,3g08,Kd,6.843,8.16,-11.13,0.14613
19038,2wtw,Kd,6.5,8.19,-11.16,0.15385
19041,3blr,Kd,6.4,8.19,-11.17,0.15625
19072,2pqj,Kd,6.33,8.20,-11.18,0.15798
19148,1sje,Kd,6,8.22,-11.21,0.16667
19168,3nan,Kd,6,8.22,-11.21,0.16667
19261,3f16,Kd,5.91,8.23,-11.22,0.1692
19278,1ydb,Kd,5.8,8.24,-11.23,0.17241
19299,1g4o,Kd,5.6,8.25,-11.25,0.17857
19301,2h5e,Kd,5.6,8.25,-11.25,0.17857
19316,2e2r,Kd,5.5,8.26,-11.26,0.18182
19318,3dpo,Kd,5.5,8.26,-11.26,0.18182
19329,1clu,Kd,5.4,8.27,-11.27,0.18519
19368,2a4w,Kd,5.1,8.29,-11.31,0.19608
19379,1bzf,Kd,5,8.30,-11.32,0.2
19390,1tft,Kd,5.0,8.30,-11.32,0.2
19396,2aeb,Kd,5,8.30,-11.32,0.2
19399,2hrp,Kd,5,8.30,-11.32,0.2
19400,2imd,Kd,5,8.30,-11.32,0.2
19404,2pll,Kd,5,8.30,-11.32,0.2
19410,2v7a,Kd,5.0,8.30,-11.32,0.2
19411,2v95,Kd,5.0,8.30,-11.32,0.2
19417,3bjm,Kd,5,8.30,-11.32,0.2
19547,3cs9,Kd,4.9,8.31,-11.33,0.20408
19563,2gj5,Kd,4.74,8.32,-11.35,0.21097
19565,2xhr,Kd,4.8,8.32,-11.34,0.20833
19601,1bzy,Kd,4.6,8.34,-11.37,0.21739
19609,3npc,Kd,4.6,8.34,-11.37,0.21739
19620,1mj7,Kd,4.50,8.35,-11.38,0.22222
19621,2uwd,Kd,4.5,8.35,-11.38,0.22222
19724,1fd0,Kd,4,8.40,-11.45,0.25
19726,1fzk,Kd,4,8.40,-11.45,0.25
19741,2baj,Kd,4.0,8.40,-11.45,0.25
19751,2xyn,Kd,4,8.40,-11.45,0.25
19760,3el9,Kd,4.00,8.40,-11.45,0.25
19857,1e4h,Kd,3.9,8.41,-11.46,0.25641
19858,1g48,Kd,3.9,8.41,-11.46,0.25641
19859,1i9p,Kd,3.9,8.41,-11.46,0.25641
19860,1i9q,Kd,3.9,8.41,-11.46,0.25641
19861,1w96,Kd,3.9,8.41,-11.46,0.25641
19881,1i9o,Kd,3.8,8.42,-11.48,0.26316
19883,2isc,Kd,3.8,8.42,-11.48,0.26316
19899,2xbv,Kd,3.7,8.43,-11.5,0.27027
19901,3nhi,Kd,3.7,8.43,-11.5,0.27027
19924,2vc9,Kd,3.6,8.44,-11.51,0.27778
19938,1jq9,Kd,3.57,8.45,-11.52,0.28011
19942,1a3e,Kd,3.5,8.46,-11.53,0.28571
19944,1ere,Kd,3.49,8.46,-11.53,0.28653
19952,2ocf,Kd,3.49,8.46,-11.53,0.28653
19955,3kdd,Kd,3.45,8.46,-11.54,0.28986
19957,3nam,Kd,3.5,8.46,-11.53,0.28571
19977,3fme,Kd,3.4,8.47,-11.55,0.29412
19991,1i9l,Kd,3.3,8.48,-11.56,0.30303
19992,1i9m,Kd,3.3,8.48,-11.56,0.30303
20001,3eqs,Kd,3.3,8.48,-11.56,0.30303
20018,1akt,Kd,3.2,8.49,-11.58,0.3125
20021,2g5u,Kd,3.2,8.49,-11.58,0.3125
20079,1fby,Kd,3,8.52,-11.62,0.33333
20080,1fcy,Kd,3,8.52,-11.62,0.33333
20092,1sps,Kd,3,8.52,-11.62,0.33333
20108,2q64,Kd,3.0,8.52,-11.62,0.33333
20117,2vw5,Kd,3,8.52,-11.62,0.33333
20120,2wn9,Kd,3.0,8.52,-11.62,0.33333
20135,3jzo,Kd,3,8.52,-11.62,0.33333
20247,3kjd,Kd,2.9,8.54,-11.64,0.34483
20265,2byr,Kd,2.8,8.55,-11.66,0.35714
20292,1bgq,Kd,2.7,8.57,-11.68,0.37037
20293,1q1g,Kd,2.7,8.57,-11.68,0.37037
20299,2w6t,Kd,2.7,8.57,-11.68,0.37037
20300,2w78,Kd,2.7,8.57,-11.68,0.37037
20301,2x4z,Kd,2.7,8.57,-11.68,0.37037
20323,1akw,Kd,2.6,8.59,-11.71,0.38462
20329,2itz,Kd,2.6,8.59,-11.71,0.38462
20353,2r5b,Kd,2.5,8.60,-11.73,0.4
20357,3hzf,Kd,2.5,8.60,-11.73,0.4
20358,3ilz,Kd,2.5,8.60,-11.73,0.4
20390,1azl,Kd,2.4,8.62,-11.75,0.41667
20422,3f17,Kd,2.36,8.63,-11.76,0.42373
20428,1g45,Kd,2.3,8.64,-11.78,0.43478
20433,2qry,Kd,2.3,8.64,-11.78,0.43478
20436,3hkw,Kd,2.3,8.64,-11.78,0.43478
20469,1i9n,Kd,2.2,8.66,-11.8,0.45455
20530,1g4j,Kd,2.0,8.70,-11.86,0.5
20534,1jcq,Kd,2,8.70,-11.86,0.5
20535,1jgl,Kd,2,8.70,-11.86,0.5
20537,1jyq,Kd,2,8.70,-11.86,0.5
20539,1lnm,Kd,2.0,8.70,-11.86,0.5
20545,1sa4,Kd,2,8.70,-11.86,0.5
20547,1t7j,Kd,2.0,8.70,-11.86,0.5
20549,1xap,Kd,2,8.70,-11.86,0.5
20550,1y0x,Kd,2,8.70,-11.86,0.5
20556,2f0y,Kd,2,8.70,-11.86,0.5
20560,2fr3,Kd,2.0,8.70,-11.86,0.5
20561,2h4n,Kd,2,8.70,-11.86,0.5
20568,2nwl,Kd,2,8.70,-11.86,0.5
20569,2nwx,Kd,2,8.70,-11.86,0.5
20573,2pcp,Kd,2,8.70,-11.86,0.5
20595,3brn,Kd,2,8.70,-11.86,0.5
20608,3kbc,Kd,2,8.70,-11.86,0.5
20725,1c12,Kd,1.9,8.72,-11.89,0.52632
20774,1mjj,Kd,1.83,8.74,-11.91,0.54645
20778,2fl5,Kd,1.8,8.74,-11.92,0.55556
20783,3eml,Kd,1.8,8.74,-11.92,0.55556
20803,1bnv,Kd,1.70,8.77,-11.96,0.58824
20806,1qft,Kd,1.7,8.77,-11.96,0.58824
20813,2itt,Kd,1.7,8.77,-11.96,0.58824
20815,2nry,Kd,1.7,8.77,-11.96,0.58824
20857,1g46,Kd,1.6,8.80,-11.99,0.625
20858,1ryf,Kd,1.6,8.80,-11.99,0.625
20894,1ork,Kd,1.56,8.81,-12.01,0.64103
20900,1czk,Kd,1.5,8.82,-12.03,0.66667
20901,1g54,Kd,1.5,8.82,-12.03,0.66667
20905,2ewn,Kd,1.5,8.82,-12.03,0.66667
20920,3ocs,Kd,1.5,8.82,-12.03,0.66667
20959,1lhu,Kd,1.48,8.83,-12.04,0.67568
20965,1wvy,Kd,1.4,8.85,-12.07,0.71429
21016,1lek,Kd,1.3,8.89,-12.12,0.76923
21028,3a60,Kd,1.3,8.89,-12.12,0.76923
21029,3a61,Kd,1.3,8.89,-12.12,0.76923
21030,3a62,Kd,1.3,8.89,-12.12,0.76923
21031,3ekp,Kd,1.3,8.89,-12.12,0.76923
21032,3flw,Kd,1.3,8.89,-12.12,0.76923
21087,1lhv,Kd,1.23,8.91,-12.15,0.81301
21092,1kzn,Kd,1.2,8.92,-12.16,0.83333
21099,3fls,Kd,1.2,8.92,-12.16,0.83333
21100,3inq,Kd,1.2,8.92,-12.16,0.83333
21141,3i9g,Kd,1.1,8.96,-12.21,0.90909
21182,1ag9,Kd,1,9.00,-12.27,1.0
21185,1czr,Kd,1.0,9.00,-12.27,1.0
21186,1dbb,Kd,1,9.00,-12.27,1.0
21187,1e3g,Kd,0.99,9.00,-12.28,1.0101
21195,1lcj,Kd,1,9.00,-12.27,1.0
21199,1pop,Kd,1,9.00,-12.27,1.0
21201,1syo,Kd,1,9.00,-12.27,1.0
21202,1sz0,Kd,1,9.00,-12.27,1.0
21204,1xq3,Kd,0.99,9.00,-12.28,1.0101
21205,1y0l,Kd,1,9.00,-12.27,1.0
21231,3fmm,Kd,1,9.00,-12.27,1.0
21235,3jrx,Kd,1,9.00,-12.27,1.0
21238,3k54,Kd,1.0,9.00,-12.27,1.0
21239,3k98,Kd,1,9.00,-12.27,1.0
21242,3lhs,Kd,1,9.00,-12.27,1.0
21243,3li2,Kd,1,9.00,-12.27,1.0
21363,1ddr,Kd,0.96,9.02,-12.29,1.04167
21364,1dds,Kd,0.96,9.02,-12.29,1.04167
21365,1dra,Kd,0.96,9.02,-12.29,1.04167
21366,1drb,Kd,0.96,9.02,-12.29,1.04167
21367,1rg7,Kd,0.96,9.02,-12.29,1.04167
21368,1tdr,Kd,0.96,9.02,-12.29,1.04167
21369,3drc,Kd,0.96,9.02,-12.29,1.04167
21370,4dfr,Kd,0.96,9.02,-12.29,1.04167
21387,1g53,Kd,0.91,9.04,-12.33,1.0989
21388,1qkt,Kd,0.92,9.04,-12.32,1.08696
21401,1kdk,Kd,0.9,9.05,-12.33,1.11111
21405,1udu,Kd,0.9,9.05,-12.33,1.11111
21435,2byp,Kd,0.88,9.06,-12.35,1.13636
21442,1nw4,Kd,0.86,9.07,-12.36,1.16279
21454,1bnw,Kd,0.83,9.08,-12.38,1.20482
21455,1lhw,Kd,0.832,9.08,-12.38,1.20192
21461,3dst,Kd,0.83,9.08,-12.38,1.20482
21468,1akr,Kd,0.82,9.09,-12.39,1.21951
21469,1d3d,Kd,0.81,9.09,-12.4,1.23457
21470,1msn,Kd,0.81,9.09,-12.4,1.23457
21472,2v58,Kd,0.82,9.09,-12.39,1.21951
21481,1akq,Kd,0.79,9.10,-12.41,1.26582
21490,2z92,Kd,0.8,9.10,-12.4,1.25
21494,3gnw,Kd,0.79,9.10,-12.41,1.26582
21555,1czl,Kd,0.71,9.15,-12.47,1.40845
21561,2xjx,Kd,0.71,9.15,-12.47,1.40845
21562,3a3y,Kd,0.7,9.15,-12.48,1.42857
21603,1m17,Kd,0.67,9.17,-12.51,1.49254
21622,2fgu,Kd,0.66,9.18,-12.52,1.51515
21628,2f14,Kd,0.64,9.19,-12.54,1.5625
21630,2w77,Kd,0.65,9.19,-12.53,1.53846
21653,1mh5,Kd,0.61,9.21,-12.56,1.63934
21664,1fcz,Kd,0.6,9.22,-12.57,1.66667
21669,1uho,Kd,0.6,9.22,-12.57,1.66667
21677,2jb5,Kd,0.6,9.22,-12.57,1.66667
21678,2o4l,Kd,0.608,9.22,-12.57,1.64474
21724,1db1,Kd,0.55,9.26,-12.62,1.81818
21733,2xab,Kd,0.54,9.27,-12.64,1.85185
21739,1xow,Kd,0.52,9.28,-12.66,1.92308
21740,2ao6,Kd,0.52,9.28,-12.66,1.92308
21743,3kdc,Kd,0.52,9.28,-12.66,1.92308
21767,1udt,Kd,0.5,9.30,-12.68,2.0
21770,2aa2,Kd,0.5,9.30,-12.68,2.0
21787,3oll,Kd,0.5,9.30,-12.68,2.0
21788,3ols,Kd,0.5,9.30,-12.68,2.0
21822,1bn4,Kd,0.49,9.31,-12.69,2.04082
21824,3lnz,Kd,0.49,9.31,-12.69,2.04082
21843,1bn1,Kd,0.46,9.34,-12.73,2.17391
21857,2e27,Kd,0.45,9.35,-12.74,2.22222
21867,1flm,Kd,0.43,9.37,-12.77,2.32558
21893,1azx,Kd,0.4,9.40,-12.81,2.5
21894,1bkf,Kd,0.4,9.40,-12.81,2.5
21895,1cbr,Kd,0.4,9.40,-12.81,2.5
21896,1e03,Kd,0.4,9.40,-12.81,2.5
21898,1fkf,Kd,0.4,9.40,-12.81,2.5
21899,1fkj,Kd,0.4,9.40,-12.81,2.5
21903,1sqn,Kd,0.4,9.40,-12.81,2.5
21907,2izx,Kd,0.4,9.40,-12.81,2.5
21913,3fw4,Kd,0.4,9.40,-12.81,2.5
21945,1ya3,Kd,0.39,9.41,-12.83,2.5641
21946,2aa5,Kd,0.39,9.41,-12.83,2.5641
21947,2aa6,Kd,0.39,9.41,-12.83,2.5641
21948,3ekv,Kd,0.39,9.41,-12.83,2.5641
21949,3ekx,Kd,0.39,9.41,-12.83,2.5641
21957,3e8u,Kd,0.38,9.42,-12.84,2.63158
21976,1g1d,Kd,0.36,9.44,-12.88,2.77778
22007,1q4x,Kd,0.33,9.48,-12.93,3.0303
22012,1bnq,Kd,0.32,9.49,-12.95,3.125
22015,2phb,Kd,0.32,9.49,-12.95,3.125
22027,1s19,Kd,0.31,9.51,-12.96,3.22581
22029,3lhj,Kd,0.31,9.51,-12.96,3.22581
22033,1c7f,Kd,0.30,9.52,-12.98,3.33333
22035,1ms6,Kd,0.3,9.52,-12.98,3.33333
22040,2bys,Kd,0.3,9.52,-12.98,3.33333
22081,1g52,Kd,0.29,9.54,-13.0,3.44828
22118,1qku,Kd,0.26,9.59,-13.07,3.84615
22139,2qky,Kd,0.247,9.61,-13.1,4.04858
22157,1if8,Kd,0.23,9.64,-13.14,4.34783
22159,3eky,Kd,0.23,9.64,-13.14,4.34783
22160,3el1,Kd,0.23,9.64,-13.14,4.34783
22176,3dp9,Kd,0.208,9.68,-13.2,4.80769
22186,1a7x,Kd,0.2,9.70,-13.22,5.0
22187,1bnu,Kd,0.20,9.70,-13.22,5.0
22188,1c9h,Kd,0.2,9.70,-13.22,5.0
22189,1df8,Kd,0.20,9.70,-13.22,5.0
22191,1fkb,Kd,0.2,9.70,-13.22,5.0
22192,1iwo,Kd,0.2,9.70,-13.22,5.0
22194,1mrw,Kd,0.2,9.70,-13.22,5.0
22197,1xp5,Kd,0.2,9.70,-13.22,5.0
22198,2c88,Kd,0.2,9.70,-13.22,5.0
22199,2c8l,Kd,0.2,9.70,-13.22,5.0
22201,2lbd,Kd,0.2,9.70,-13.22,5.0
22204,2zbf,Kd,0.2,9.70,-13.22,5.0
22205,2zbg,Kd,0.2,9.70,-13.22,5.0
22211,3fln,Kd,0.2,9.70,-13.22,5.0
22214,3imy,Kd,0.2,9.70,-13.22,5.0
22215,3kmm,Kd,0.2,9.70,-13.22,5.0
22268,3fuc,Kd,0.19,9.72,-13.25,5.26316
22276,1d2s,Kd,0.182,9.74,-13.28,5.49451
22277,1f5f,Kd,0.182,9.74,-13.28,5.49451
22278,1kdm,Kd,0.182,9.74,-13.28,5.49451
22296,2h77,Kd,0.17,9.77,-13.32,5.88235
22297,2h79,Kd,0.17,9.77,-13.32,5.88235
22311,1bnt,Kd,0.16,9.80,-13.36,6.25
22315,2fb8,Kd,0.16,9.80,-13.36,6.25
22319,3lxk,Kd,0.16,9.80,-13.36,6.25
22349,3kdb,Kd,0.14,9.85,-13.43,7.14286
22364,1a42,Kd,0.13,9.89,-13.48,7.69231
22365,1bn3,Kd,0.13,9.89,-13.48,7.69231
22369,2drc,Kd,0.13,9.89,-13.48,7.69231
22381,1nfs,Kd,0.12,9.92,-13.53,8.33333
22385,3ies,Kd,0.12,9.92,-13.53,8.33333
22409,1bnm,Kd,0.10,10.00,-13.63,10.0
22410,1bnn,Kd,0.10,10.00,-13.63,10.0
22411,1bsx,Kd,0.1,10.00,-13.63,10.0
22415,1flr,Kd,0.1,10.00,-13.63,10.0
22421,1igj,Kd,0.1,10.00,-13.63,10.0
22422,1kv2,Kd,0.1,10.00,-13.63,10.0
22423,1o5p,Kd,0.1,10.00,-13.63,10.0
22428,2ceo,Kd,0.1,10.00,-13.63,10.0
22431,2w16,Kd,0.1,10.00,-13.63,10.0
22485,1ind,Kd,0.09,10.05,-13.7,11.11111
22486,1n4k,Kd,0.09,10.05,-13.7,11.11111
22492,3lzu,Kd,0.087,10.06,-13.72,11.49425
22500,3gws,Kd,0.081,10.09,-13.76,12.34568
22501,1sr7,Kd,0.08,10.10,-13.77,12.5
22523,2r5d,Kd,0.07,10.15,-13.85,14.28571
22539,1ie9,Kd,0.065,10.19,-13.89,15.38462
22540,3m7r,Kd,0.065,10.19,-13.89,15.38462
22552,1xzx,Kd,0.06,10.22,-13.94,16.66667
22566,1rr6,Kd,0.056,10.25,-13.98,17.85714
22581,2p15,Kd,0.05,10.30,-14.04,20.0
22606,2gqg,Kd,0.046,10.34,-14.09,21.73913
22638,2o4k,Kd,0.035,10.46,-14.26,28.57143
22641,1msm,Kd,0.033,10.48,-14.29,30.30303
22643,1ntk,Kd,0.032,10.49,-14.31,31.25
22648,2o4s,Kd,0.031,10.51,-14.33,32.25806
22651,1if7,Kd,0.03,10.52,-14.35,33.33333
22672,1n43,Kd,0.028,10.55,-14.39,35.71429
22684,3ekt,Kd,0.026,10.59,-14.43,38.46154
22685,3lzv,Kd,0.026,10.59,-14.43,38.46154
22703,2pk5,Kd,0.02,10.70,-14.59,50.0
22704,2wva,Kd,0.02,10.70,-14.59,50.0
22706,3myg,Kd,0.02,10.70,-14.59,50.0
22716,2o4p,Kd,0.019,10.72,-14.62,52.63158
22717,2wzy,Kd,0.019,10.72,-14.62,52.63158
22750,2pk6,Kd,0.013,10.89,-14.84,76.92308
22759,1m7y,Kd,0.011,10.96,-14.94,90.90909
22760,1n9m,Kd,0.011,10.96,-14.94,90.90909
22761,2jb6,Kd,0.011,10.96,-14.94,90.90909
22762,3lzs,Kd,0.0109,10.96,-14.95,91.74312
22765,1swp,Kd,0.01,11.00,-15.0,100.0
22784,3k8o,Kd,0.0086,11.07,-15.09,116.27907
22806,3k8q,Kd,0.0052,11.28,-15.38,192.30769
22808,1mau,Kd,0.005,11.30,-15.41,200.0
22830,2x00,Kd,0.0047,11.33,-15.44,212.76596
22851,1akv,Kd,0.0026,11.59,-15.8,384.61538
22858,2fv5,Kd,0.002,11.70,-15.95,500.0
22866,1duv,Kd,0.0016,11.80,-16.08,625.0
22877,1swk,Kd,0.001,12.00,-16.36,1000.0
22878,1swn,Kd,0.001,12.00,-16.36,1000.0
22884,1ndj,Kd,0.00069,12.16,-16.58,1449.27536
22888,2zx5,Kd,0.00046899999999999996,12.33,-16.81,2132.19616
22890,2xup,Kd,0.00041,12.39,-16.89,2439.02439
22893,1rbo,Kd,0.00019,12.72,-17.34,5263.15789
22896,2c1q,Kd,0.0001,13.00,-17.72,10000.0
22897,2f01,Kd,0.0001,13.00,-17.72,10000.0
22898,2gh7,Kd,0.0001,13.00,-17.72,10000.0
22899,2uyw,Kd,0.0001,13.00,-17.72,10000.0
22900,1stp,Kd,4e-05,13.40,-18.27,25000.0
22905,1luq,Kd,1e-05,14.00,-19.09,100000.0
22906,1nqm,Kd,1e-05,14.00,-19.09,100000.0
22907,1swe,Kd,1e-05,14.00,-19.09,100000.0
22908,2izh,Kd,1e-05,14.00,-19.09,100000.0
22909,2rtd,Kd,1e-05,14.00,-19.09,100000.0
22910,2rtg,Kd,1e-05,14.00,-19.09,100000.0
22915,2xuf,Kd,4.1e-06,14.39,-19.62,243902.43902
22917,1avd,Kd,1e-06,15.00,-20.45,1000000.0
22918,2xui,Kd,1e-06,15.00,-20.45,1000000.0
22919,2avi,Kd,6e-07,15.22,-20.75,1666666.66667
