,Modeltype,Scoretype,Datatype,Mean absolute error (mae),Mean squared error (mse),Standard Diviation (SD),Pearson correlation coefficient (r),90% Confidence interval,Coefficient of determination (rÂ²),Spearman correlation coefficient,add. information,Classes,Set,Set size
0,linearRegression,pKd pKi pIC50,all,4010271.3100536303,5741317521516112.0,75665286.20303583,-0.013344,[-0.1 ~ 0.074],0.000178,0.51469,X-GRADE class1 test,1,test,357
1,Ridge,pKd pKi pIC50,all,1922107.2585037246,1318912362027813.5,36265934.23507467,-0.013344,[-0.1 ~ 0.074],0.000178,0.521839,X-GRADE class1 test,1,test,357
2,Lasso,pKd pKi pIC50,all,1584214.8286872809,895974627697792.4,29890883.106857207,-0.013345,[-0.1 ~ 0.074],0.000178,0.539473,X-GRADE class1 test,1,test,357
3,ElasticNet,pKd pKi pIC50,all,2047851.9268739945,1497148259689553.5,38638770.22998478,-0.013345,[-0.1 ~ 0.074],0.000178,0.532176,X-GRADE class1 test,1,test,357
4,SVR,pKd pKi pIC50,all,1.0587012964352915,1.8261255504252878,1.1250368048727446,0.579701,[0.519 ~ 0.635],0.336054,0.579166,X-GRADE class1 test,1,test,357
5,DecisionTree,pKd pKi pIC50,all,1.4867787114845938,3.5440929971988795,1.6921401041626523,0.364741,[0.287 ~ 0.438],0.133036,0.364573,X-GRADE class1 test,1,test,357
6,RandomForest,pKd pKi pIC50,all,1.0480190476190478,1.7799760348459388,1.1133679936931813,0.591727,[0.532 ~ 0.646],0.350141,0.595625,X-GRADE class1 test,1,test,357
7,XGBoost,pKd pKi pIC50,all,1.1346755228389878,2.046238855982564,1.269426941871643,0.546998,[0.483 ~ 0.605],0.299207,0.553458,X-GRADE class1 test,1,test,357
8,linearRegression,pKd pKi pIC50,ki,3741802.8030458754,4998341253077721.0,70599859.64240813,0.013345,[-0.074 ~ 0.1],0.000178,0.514654,X-GRADE class1 test,1,test,357
9,Ridge,pKd pKi pIC50,ki,1922107.258506965,1318912362032261.5,36265934.23513583,-0.013344,[-0.1 ~ 0.074],0.000178,0.521839,X-GRADE class1 test,1,test,357
10,Lasso,pKd pKi pIC50,ki,1417876.954247555,717702697307594.4,26752426.504762087,-0.013345,[-0.1 ~ 0.074],0.000178,0.539955,X-GRADE class1 test,1,test,357
11,ElasticNet,pKd pKi pIC50,ki,2030086.8295335523,1471285421490534.8,38303579.0968407,-0.013345,[-0.1 ~ 0.074],0.000178,0.532454,X-GRADE class1 test,1,test,357
12,SVR,pKd pKi pIC50,ki,1.0586928054369793,1.8260884417343914,1.1251078288036256,0.579718,[0.519 ~ 0.635],0.336073,0.579201,X-GRADE class1 test,1,test,357
13,DecisionTree,pKd pKi pIC50,ki,1.4868347338935572,3.525441456582633,1.6334259151621855,0.346674,[0.268 ~ 0.421],0.120183,0.337853,X-GRADE class1 test,1,test,357
14,RandomForest,pKd pKi pIC50,ki,1.0494498599439772,1.7751539866666668,1.1207947162731025,0.593506,[0.534 ~ 0.647],0.352249,0.593968,X-GRADE class1 test,1,test,357
15,XGBoost,pKd pKi pIC50,ki,1.1346755228389878,2.046238855982564,1.269426941871643,0.546998,[0.483 ~ 0.605],0.299207,0.553458,X-GRADE class1 test,1,test,357
16,linearRegression,pKd pKi pIC50,kd,3698245.480446299,4882650353258037.0,69778030.7367109,-0.013344,[-0.1 ~ 0.074],0.000178,0.517166,X-GRADE class1 test,1,test,357
17,Ridge,pKd pKi pIC50,kd,1922107.258586452,1318912362141349.8,36265934.236635625,-0.013344,[-0.1 ~ 0.074],0.000178,0.521839,X-GRADE class1 test,1,test,357
18,Lasso,pKd pKi pIC50,kd,1584214.828687468,895974627698004.2,29890883.106860746,-0.013345,[-0.1 ~ 0.074],0.000178,0.539473,X-GRADE class1 test,1,test,357
19,ElasticNet,pKd pKi pIC50,kd,1994379.6429554122,1419983711816509.2,37629857.35098695,-0.013345,[-0.1 ~ 0.074],0.000178,0.532676,X-GRADE class1 test,1,test,357
20,SVR,pKd pKi pIC50,kd,1.0587012964352867,1.826125550425278,1.1250368048727297,0.579701,[0.519 ~ 0.635],0.336054,0.579166,X-GRADE class1 test,1,test,357
21,DecisionTree,pKd pKi pIC50,kd,1.5397759103641457,3.71498487394958,1.6927851865759114,0.334727,[0.255 ~ 0.41],0.112042,0.336389,X-GRADE class1 test,1,test,357
22,RandomForest,pKd pKi pIC50,kd,1.0376532212885152,1.7418257140056024,1.1115135466082446,0.601705,[0.543 ~ 0.655],0.362049,0.601395,X-GRADE class1 test,1,test,357
23,XGBoost,pKd pKi pIC50,kd,1.1346755228389878,2.046238855982564,1.269426941871643,0.546998,[0.483 ~ 0.605],0.299207,0.553458,X-GRADE class1 test,1,test,357
24,linearRegression,pKd pKi pIC50,all,1.1946412020048478,3.017468327411968,1.4456654985711939,0.378483,[0.301 ~ 0.451],0.143249,0.522277,GRADE class1 test,1,test,357
25,Ridge,pKd pKi pIC50,all,1.191986142279059,2.9837271836857755,1.4343817439015352,0.381486,[0.304 ~ 0.454],0.145532,0.522481,GRADE class1 test,1,test,357
26,Lasso,pKd pKi pIC50,all,1.183215216887619,2.8950382901652922,1.398897705949716,0.387854,[0.311 ~ 0.46],0.15043,0.523522,GRADE class1 test,1,test,357
27,ElasticNet,pKd pKi pIC50,all,1.1888255899536255,2.9491330063318135,1.4215226411573036,0.384215,[0.307 ~ 0.456],0.147621,0.522582,GRADE class1 test,1,test,357
28,SVR,pKd pKi pIC50,all,1.0627454259273874,1.8098504252428549,1.1008365794427672,0.582453,[0.522 ~ 0.637],0.339252,0.5819,GRADE class1 test,1,test,357
29,DecisionTree,pKd pKi pIC50,all,1.55484593837535,3.8186229691876754,1.9429762175200256,0.416794,[0.342 ~ 0.486],0.173717,0.414498,GRADE class1 test,1,test,357
30,RandomForest,pKd pKi pIC50,all,1.0442988795518204,1.7828416730812322,1.0909013164442825,0.588577,[0.529 ~ 0.643],0.346423,0.581041,GRADE class1 test,1,test,357
31,XGBoost,pKd pKi pIC50,all,1.0755731921903893,1.9258619336340106,1.3059347867965698,0.580917,[0.52 ~ 0.636],0.337465,0.58759,GRADE class1 test,1,test,357
32,linearRegression,pKd pKi pIC50,ki,1.1946412020048476,3.017468327411961,1.4456654985711928,0.378483,[0.301 ~ 0.451],0.143249,0.522277,GRADE class1 test,1,test,357
33,Ridge,pKd pKi pIC50,ki,1.1919861422786115,2.9837271836918906,1.4343817439011077,0.381486,[0.304 ~ 0.454],0.145532,0.522481,GRADE class1 test,1,test,357
34,Lasso,pKd pKi pIC50,ki,1.1832152168876187,2.895038290165285,1.3988977059497139,0.387854,[0.311 ~ 0.46],0.15043,0.523522,GRADE class1 test,1,test,357
35,ElasticNet,pKd pKi pIC50,ki,1.1885600563512881,2.9460084411231464,1.4204066843146523,0.384484,[0.308 ~ 0.456],0.147828,0.522769,GRADE class1 test,1,test,357
36,SVR,pKd pKi pIC50,ki,1.062745425927388,1.809850425242859,1.1008365794427601,0.582453,[0.522 ~ 0.637],0.339252,0.5819,GRADE class1 test,1,test,357
37,DecisionTree,pKd pKi pIC50,ki,1.4504481792717085,3.436343137254902,1.8640821052077157,0.447861,[0.375 ~ 0.515],0.20058,0.442954,GRADE class1 test,1,test,357
38,RandomForest,pKd pKi pIC50,ki,1.0389644257703081,1.7600416995238095,1.1177922011733847,0.596793,[0.538 ~ 0.65],0.356162,0.588357,GRADE class1 test,1,test,357
39,XGBoost,pKd pKi pIC50,ki,1.0755731921903893,1.9258619336340101,1.3059347867965698,0.580917,[0.52 ~ 0.636],0.337465,0.58759,GRADE class1 test,1,test,357
40,linearRegression,pKd pKi pIC50,kd,1.1946412020048476,3.0174683274119647,1.4456654985711939,0.378483,[0.301 ~ 0.451],0.143249,0.522277,GRADE class1 test,1,test,357
41,Ridge,pKd pKi pIC50,kd,1.1919861422757765,2.983727183668546,1.4343817439113935,0.381486,[0.304 ~ 0.454],0.145532,0.522481,GRADE class1 test,1,test,357
42,Lasso,pKd pKi pIC50,kd,1.1832152168876182,2.895038290165281,1.3988977059497125,0.387854,[0.311 ~ 0.46],0.15043,0.523522,GRADE class1 test,1,test,357
43,ElasticNet,pKd pKi pIC50,kd,1.189688320608473,2.959322264858553,1.425154324501108,0.383343,[0.306 ~ 0.455],0.146952,0.52239,GRADE class1 test,1,test,357
44,SVR,pKd pKi pIC50,kd,1.0627454259413291,1.8098504252740535,1.1008365794903991,0.582453,[0.522 ~ 0.637],0.339252,0.5819,GRADE class1 test,1,test,357
45,DecisionTree,pKd pKi pIC50,kd,1.5082352941176471,3.63130756302521,1.869416923884317,0.41772,[0.343 ~ 0.487],0.17449,0.409642,GRADE class1 test,1,test,357
46,RandomForest,pKd pKi pIC50,kd,1.046452100840336,1.8019893431932776,1.1072895036544392,0.584693,[0.524 ~ 0.639],0.341865,0.574668,GRADE class1 test,1,test,357
47,XGBoost,pKd pKi pIC50,kd,1.0755731921903895,1.9258619336340106,1.3059347867965698,0.580917,[0.52 ~ 0.636],0.337465,0.58759,GRADE class1 test,1,test,357
48,linearRegression,pKd pKi pIC50,all,149.11350275313964,47422558.173655786,6885.703232532743,0.024458,[-0.002 ~ 0.051],0.000598,0.505088,X-GRADE class2 test,2,test,3806
49,linearRegression,pKd pKi pIC50,all,1.6342719210579948,3.3051179107730433,0.7141526749859481,0.809338,[0.371 ~ 0.953],0.655027,0.690476,X-GRADE class2 val,2,val,8
50,Ridge,pKd pKi pIC50,all,17.042358538501624,648850.5566371032,805.493004223554,0.037067,[0.01 ~ 0.064],0.001374,0.511141,X-GRADE class2 test,2,test,3806
51,Ridge,pKd pKi pIC50,all,1.6289217997403624,3.2971494154055967,0.7250619590917037,0.819903,[0.398 ~ 0.956],0.67224,0.571429,X-GRADE class2 val,2,val,8
52,Lasso,pKd pKi pIC50,all,9.84762130322486,167851.97127426037,409.7232952232299,0.037279,[0.011 ~ 0.064],0.00139,0.515841,X-GRADE class2 test,2,test,3806
53,Lasso,pKd pKi pIC50,all,1.6772993650440957,3.5264432931831498,0.6625261417525113,0.817558,[0.392 ~ 0.955],0.668401,0.571429,X-GRADE class2 val,2,val,8
54,ElasticNet,pKd pKi pIC50,all,2.4155574791773273,880.3961219289532,29.61974603244208,0.00605,[-0.021 ~ 0.033],3.7e-05,0.527165,X-GRADE class2 test,2,test,3806
55,ElasticNet,pKd pKi pIC50,all,1.6610133257684896,3.4490546312350285,0.6719409569061044,0.825335,[0.412 ~ 0.957],0.681178,0.571429,X-GRADE class2 val,2,val,8
56,SVR,pKd pKi pIC50,all,1.122737298274115,2.0304996346694564,1.1283630384636016,0.544618,[0.526 ~ 0.563],0.296609,0.535113,X-GRADE class2 test,2,test,3806
57,SVR,pKd pKi pIC50,all,2.02278065471269,5.856612120598741,0.6953971058473557,0.318575,[-0.385 ~ 0.788],0.10149,-0.071429,X-GRADE class2 val,2,val,8
58,DecisionTree,pKd pKi pIC50,all,1.5643799264319498,3.9617430635838153,1.8170782455379457,0.353293,[0.33 ~ 0.376],0.124816,0.343832,X-GRADE class2 test,2,test,3806
59,DecisionTree,pKd pKi pIC50,all,2.01625,5.291612500000001,1.346882975614437,0.214423,[-0.476 ~ 0.741],0.045977,0.0,X-GRADE class2 val,2,val,8
60,RandomForest,pKd pKi pIC50,all,1.0657751182343669,1.825101577532843,1.090240120238637,0.596598,[0.579 ~ 0.614],0.355929,0.573978,X-GRADE class2 test,2,test,3806
61,RandomForest,pKd pKi pIC50,all,1.857725,4.776580742499997,0.9519804002709291,0.603263,[-0.037 ~ 0.892],0.363926,0.547619,X-GRADE class2 val,2,val,8
62,XGBoost,pKd pKi pIC50,all,1.1411808460609447,2.098429585864727,1.3042227029800415,0.55222,[0.533 ~ 0.57],0.304947,0.532194,X-GRADE class2 test,2,test,3806
63,XGBoost,pKd pKi pIC50,all,1.6610123229026796,3.691329089154787,0.9792194366455078,0.450623,[-0.245 ~ 0.84],0.203061,0.190476,X-GRADE class2 val,2,val,8
64,linearRegression,pKd pKi pIC50,ki,152.05913177722334,49754851.83652213,7052.981274044493,0.024442,[-0.002 ~ 0.051],0.000597,0.498613,X-GRADE class2 test,2,test,3806
65,linearRegression,pKd pKi pIC50,ki,1.635236289904411,3.3231983512867167,0.7172925822233728,0.809299,[0.371 ~ 0.953],0.654965,0.690476,X-GRADE class2 val,2,val,8
66,Ridge,pKd pKi pIC50,ki,17.04235853831837,648850.5566174132,805.493004211334,0.037067,[0.01 ~ 0.064],0.001374,0.511141,X-GRADE class2 test,2,test,3806
67,Ridge,pKd pKi pIC50,ki,1.62892179974062,3.2971494154090637,0.7250619590928244,0.819903,[0.398 ~ 0.956],0.67224,0.571429,X-GRADE class2 val,2,val,8
68,Lasso,pKd pKi pIC50,ki,2.3985051297987465,832.0291612214659,28.79613918795433,0.008665,[-0.018 ~ 0.035],7.5e-05,0.517526,X-GRADE class2 test,2,test,3806
69,Lasso,pKd pKi pIC50,ki,1.6731932989021616,3.5072967733697196,0.6657346185604369,0.818346,[0.394 ~ 0.955],0.669689,0.571429,X-GRADE class2 val,2,val,8
70,ElasticNet,pKd pKi pIC50,ki,2.4280901702926796,897.3017950020843,29.90310528140832,0.005796,[-0.021 ~ 0.032],3.4e-05,0.527008,X-GRADE class2 test,2,test,3806
71,ElasticNet,pKd pKi pIC50,ki,1.659590930020823,3.4429219061148295,0.6722020721823188,0.82562,[0.412 ~ 0.957],0.681648,0.571429,X-GRADE class2 val,2,val,8
72,SVR,pKd pKi pIC50,ki,1.12273212533232,2.030502291294323,1.1284170535828504,0.544623,[0.526 ~ 0.563],0.296614,0.535123,X-GRADE class2 test,2,test,3806
73,SVR,pKd pKi pIC50,ki,2.022849459252974,5.8570011392253605,0.6953863229683609,0.318514,[-0.385 ~ 0.788],0.101451,-0.071429,X-GRADE class2 val,2,val,8
74,DecisionTree,pKd pKi pIC50,ki,1.5683079348397266,3.9349784025223333,1.8110582984342751,0.355472,[0.332 ~ 0.379],0.12636,0.345041,X-GRADE class2 test,2,test,3806
75,DecisionTree,pKd pKi pIC50,ki,2.3625000000000003,8.395775,1.73982712862514,0.001227,[-0.626 ~ 0.627],2e-06,-0.190476,X-GRADE class2 val,2,val,8
76,RandomForest,pKd pKi pIC50,ki,1.064167866526537,1.8338582142958486,1.1203955595447364,0.596883,[0.579 ~ 0.614],0.356269,0.572179,X-GRADE class2 test,2,test,3806
77,RandomForest,pKd pKi pIC50,ki,1.8707625,4.851871186250001,0.8648459385021998,0.6135,[-0.021 ~ 0.896],0.376382,0.380952,X-GRADE class2 val,2,val,8
78,XGBoost,pKd pKi pIC50,ki,1.1411808460609447,2.098429585864727,1.304222822189331,0.55222,[0.533 ~ 0.57],0.304947,0.532194,X-GRADE class2 test,2,test,3806
79,XGBoost,pKd pKi pIC50,ki,1.6610123229026794,3.691329089154787,0.9792194962501526,0.450623,[-0.245 ~ 0.84],0.203061,0.190476,X-GRADE class2 val,2,val,8
80,linearRegression,pKd pKi pIC50,kd,147.88397950296678,47050249.73038622,6858.6353137669175,0.024222,[-0.002 ~ 0.051],0.000587,0.505728,X-GRADE class2 test,2,test,3806
81,linearRegression,pKd pKi pIC50,kd,1.629304399279333,3.29112703090079,0.7229839611924975,0.811526,[0.376 ~ 0.953],0.658574,0.690476,X-GRADE class2 val,2,val,8
82,Ridge,pKd pKi pIC50,kd,17.04235853827486,648850.5566109369,805.4930042073147,0.037067,[0.01 ~ 0.064],0.001374,0.511141,X-GRADE class2 test,2,test,3806
83,Ridge,pKd pKi pIC50,kd,1.6289217997386392,3.297149415400737,0.7250619590928636,0.819903,[0.398 ~ 0.956],0.67224,0.571429,X-GRADE class2 val,2,val,8
84,Lasso,pKd pKi pIC50,kd,2.088851665011076,479.9268207855718,21.863488250118206,0.018123,[-0.009 ~ 0.045],0.000328,0.520218,X-GRADE class2 test,2,test,3806
85,Lasso,pKd pKi pIC50,kd,1.6852403909687799,3.5592494737902074,0.656231599900708,0.816128,[0.388 ~ 0.955],0.666066,0.571429,X-GRADE class2 val,2,val,8
86,ElasticNet,pKd pKi pIC50,kd,2.644291991812823,1082.1173596921003,32.86397630054606,0.013542,[-0.013 ~ 0.04],0.000183,0.527414,X-GRADE class2 test,2,test,3806
87,ElasticNet,pKd pKi pIC50,kd,1.6555873629581865,3.4234256787515625,0.6735795466439076,0.826832,[0.416 ~ 0.957],0.683651,0.571429,X-GRADE class2 val,2,val,8
88,SVR,pKd pKi pIC50,kd,1.12273212533232,2.0305022912943143,1.1284170535828464,0.544623,[0.526 ~ 0.563],0.296614,0.535123,X-GRADE class2 test,2,test,3806
89,SVR,pKd pKi pIC50,kd,2.0228494592676887,5.857001139275709,0.6953863229615426,0.318514,[-0.385 ~ 0.788],0.101451,-0.071429,X-GRADE class2 val,2,val,8
90,DecisionTree,pKd pKi pIC50,kd,1.5345349448239622,3.7768878612716765,1.785082368237655,0.371273,[0.348 ~ 0.394],0.137843,0.361154,X-GRADE class2 test,2,test,3806
91,DecisionTree,pKd pKi pIC50,kd,1.8050000000000002,4.868550000000001,1.6508629372240446,0.334395,[-0.369 ~ 0.794],0.11182,0.09581,X-GRADE class2 val,2,val,8
92,RandomForest,pKd pKi pIC50,kd,1.0636117446137676,1.8255220662454021,1.112019412484376,0.598258,[0.581 ~ 0.615],0.357913,0.574179,X-GRADE class2 test,2,test,3806
93,RandomForest,pKd pKi pIC50,kd,1.8267749999999991,4.544554144999994,0.9307863033478728,0.636638,[0.017 ~ 0.903],0.405307,0.47619,X-GRADE class2 val,2,val,8
94,XGBoost,pKd pKi pIC50,kd,1.1411808460609447,2.098429585864727,1.304222822189331,0.55222,[0.533 ~ 0.57],0.304947,0.532194,X-GRADE class2 test,2,test,3806
95,XGBoost,pKd pKi pIC50,kd,1.6610123229026794,3.6913290891547876,0.9792194366455078,0.450623,[-0.245 ~ 0.84],0.203061,0.190476,X-GRADE class2 val,2,val,8
96,linearRegression,pKd pKi pIC50,all,1.2598377452565221,4.436742419267883,1.8718179369026196,0.301399,[0.277 ~ 0.325],0.090841,0.500325,GRADE class2 test,2,test,3806
97,linearRegression,pKd pKi pIC50,all,1.3504863331377246,2.8440114481914383,1.0752941251960075,0.860458,[0.508 ~ 0.966],0.740388,0.595238,GRADE class2 val,2,val,8
98,Ridge,pKd pKi pIC50,all,1.2578008922696968,4.436193363232365,1.871329972385617,0.301204,[0.277 ~ 0.325],0.090724,0.500944,GRADE class2 test,2,test,3806
99,Ridge,pKd pKi pIC50,all,1.3502123123281722,2.843908263620101,1.0758263943071813,0.860412,[0.507 ~ 0.966],0.740308,0.595238,GRADE class2 val,2,val,8
100,Lasso,pKd pKi pIC50,all,1.2508529459964273,4.3392673671080795,1.8420280944446643,0.303916,[0.28 ~ 0.328],0.092365,0.502773,GRADE class2 test,2,test,3806
101,Lasso,pKd pKi pIC50,all,1.3692747651120944,2.8860967233887496,1.0585758144541189,0.859135,[0.504 ~ 0.966],0.738114,0.595238,GRADE class2 val,2,val,8
102,ElasticNet,pKd pKi pIC50,all,1.2530412699153821,4.40186558128059,1.860648624841346,0.301913,[0.277 ~ 0.326],0.091152,0.502257,GRADE class2 test,2,test,3806
103,ElasticNet,pKd pKi pIC50,all,1.3544021767854748,2.853307296138092,1.072152809892425,0.860129,[0.507 ~ 0.966],0.739822,0.595238,GRADE class2 val,2,val,8
104,SVR,pKd pKi pIC50,all,1.1022851671874623,1.9579661383506382,1.1332322266437371,0.565157,[0.547 ~ 0.583],0.319402,0.549697,GRADE class2 test,2,test,3806
105,SVR,pKd pKi pIC50,all,1.860519350840034,4.824620860623682,0.7955584315162546,0.499069,[-0.185 ~ 0.857],0.24907,0.428571,GRADE class2 val,2,val,8
106,DecisionTree,pKd pKi pIC50,all,1.5088596952180768,3.677266001050972,1.7894703370610257,0.389802,[0.367 ~ 0.412],0.151945,0.379242,GRADE class2 test,2,test,3806
107,DecisionTree,pKd pKi pIC50,all,1.9024999999999999,4.804325,1.6807657295114036,0.661398,[0.06 ~ 0.911],0.437447,0.263478,GRADE class2 val,2,val,8
108,RandomForest,pKd pKi pIC50,all,1.0536890698896477,1.7892597451182342,1.0899511704835518,0.609131,[0.592 ~ 0.626],0.371041,0.585299,GRADE class2 test,2,test,3806
109,RandomForest,pKd pKi pIC50,all,1.9822124999999995,5.070204173749998,0.7829031795782598,0.723856,[0.178 ~ 0.929],0.523968,0.47619,GRADE class2 val,2,val,8
110,XGBoost,pKd pKi pIC50,all,1.1779924233988344,2.221287317973357,1.3007583618164062,0.524685,[0.505 ~ 0.544],0.275295,0.505416,GRADE class2 test,2,test,3806
111,XGBoost,pKd pKi pIC50,all,1.8117680716514588,4.866517018582876,0.8273581862449646,0.360483,[-0.344 ~ 0.805],0.129948,0.142857,GRADE class2 val,2,val,8
112,linearRegression,pKd pKi pIC50,ki,1.2598377452565221,4.436742419267904,1.8718179369026247,0.301399,[0.277 ~ 0.325],0.090841,0.500325,GRADE class2 test,2,test,3806
113,linearRegression,pKd pKi pIC50,ki,1.350486333137724,2.844011448191434,1.0752941251960058,0.860458,[0.508 ~ 0.966],0.740388,0.595238,GRADE class2 val,2,val,8
114,Ridge,pKd pKi pIC50,ki,1.2578008922712445,4.436193363224912,1.8713299723776247,0.301204,[0.277 ~ 0.325],0.090724,0.500944,GRADE class2 test,2,test,3806
115,Ridge,pKd pKi pIC50,ki,1.3502123123209318,2.843908263602078,1.0758263943159447,0.860412,[0.507 ~ 0.966],0.740308,0.595238,GRADE class2 val,2,val,8
116,Lasso,pKd pKi pIC50,ki,1.2508529459964284,4.339267367108091,1.842028094444667,0.303916,[0.28 ~ 0.328],0.092365,0.502773,GRADE class2 test,2,test,3806
117,Lasso,pKd pKi pIC50,ki,1.3692747651120958,2.8860967233887536,1.0585758144541193,0.859135,[0.504 ~ 0.966],0.738114,0.595238,GRADE class2 val,2,val,8
118,ElasticNet,pKd pKi pIC50,ki,1.2548822657139531,4.411362806734519,1.8636990876412798,0.301771,[0.277 ~ 0.326],0.091066,0.501779,GRADE class2 test,2,test,3806
119,ElasticNet,pKd pKi pIC50,ki,1.3549051620768848,2.8545089709639884,1.0717534551364254,0.860086,[0.507 ~ 0.966],0.739749,0.595238,GRADE class2 val,2,val,8
120,SVR,pKd pKi pIC50,ki,1.1022851671876286,1.9579661383509401,1.133232226642625,0.565157,[0.547 ~ 0.583],0.319402,0.549697,GRADE class2 test,2,test,3806
121,SVR,pKd pKi pIC50,ki,1.8605193510536022,4.824620861526211,0.7955584314721691,0.499069,[-0.185 ~ 0.857],0.24907,0.428571,GRADE class2 val,2,val,8
122,DecisionTree,pKd pKi pIC50,ki,1.5303126642143983,3.7782349710982657,1.7886317814024217,0.372832,[0.35 ~ 0.396],0.139004,0.359019,GRADE class2 test,2,test,3806
123,DecisionTree,pKd pKi pIC50,ki,1.77375,4.1920125,1.7765064030281457,0.714516,[0.159 ~ 0.926],0.510533,0.574861,GRADE class2 val,2,val,8
124,RandomForest,pKd pKi pIC50,ki,1.0608991329479769,1.8168418620782978,1.0985141140606753,0.602296,[0.585 ~ 0.619],0.36276,0.579445,GRADE class2 test,2,test,3806
125,RandomForest,pKd pKi pIC50,ki,1.9723500000000003,5.409815562500002,0.865185333830273,0.569593,[-0.088 ~ 0.882],0.324437,0.380952,GRADE class2 val,2,val,8
126,XGBoost,pKd pKi pIC50,ki,1.1779924233988344,2.2212873179733568,1.3007583618164062,0.524685,[0.505 ~ 0.544],0.275295,0.505416,GRADE class2 test,2,test,3806
127,XGBoost,pKd pKi pIC50,ki,1.8117680716514588,4.866517018582876,0.8273581862449646,0.360483,[-0.344 ~ 0.805],0.129948,0.142857,GRADE class2 val,2,val,8
128,linearRegression,pKd pKi pIC50,kd,1.2598377452565221,4.436742419267885,1.8718179369026196,0.301399,[0.277 ~ 0.325],0.090841,0.500325,GRADE class2 test,2,test,3806
129,linearRegression,pKd pKi pIC50,kd,1.3504863331377233,2.8440114481914334,1.075294125196008,0.860458,[0.508 ~ 0.966],0.740388,0.595238,GRADE class2 val,2,val,8
130,Ridge,pKd pKi pIC50,kd,1.2578008922705008,4.436193363215212,1.871329972379157,0.301204,[0.277 ~ 0.325],0.090724,0.500944,GRADE class2 test,2,test,3806
131,Ridge,pKd pKi pIC50,kd,1.350212312353795,2.843908263692461,1.0758263942692343,0.860412,[0.507 ~ 0.966],0.740308,0.595238,GRADE class2 val,2,val,8
132,Lasso,pKd pKi pIC50,kd,1.2508529459964275,4.339267367108088,1.842028094444666,0.303916,[0.28 ~ 0.328],0.092365,0.502773,GRADE class2 test,2,test,3806
133,Lasso,pKd pKi pIC50,kd,1.369274765112094,2.8860967233887482,1.0585758144541193,0.859135,[0.504 ~ 0.966],0.738114,0.595238,GRADE class2 val,2,val,8
134,ElasticNet,pKd pKi pIC50,kd,1.2508873812049175,4.390591645277887,1.8570186607304606,0.302083,[0.278 ~ 0.326],0.091254,0.502851,GRADE class2 test,2,test,3806
135,ElasticNet,pKd pKi pIC50,kd,1.3559600798061178,2.857034704797951,1.0709188040608943,0.859997,[0.506 ~ 0.966],0.739595,0.595238,GRADE class2 val,2,val,8
136,SVR,pKd pKi pIC50,kd,1.102285167187627,1.957966138350939,1.1332322266426291,0.565157,[0.547 ~ 0.583],0.319402,0.549697,GRADE class2 test,2,test,3806
137,SVR,pKd pKi pIC50,kd,1.8605193508417783,4.824620860635883,0.795558431516596,0.499069,[-0.185 ~ 0.857],0.24907,0.428571,GRADE class2 val,2,val,8
138,DecisionTree,pKd pKi pIC50,kd,1.5282921702574883,3.759385759327378,1.800602224668716,0.38068,[0.358 ~ 0.403],0.144917,0.367387,GRADE class2 test,2,test,3806
139,DecisionTree,pKd pKi pIC50,kd,1.85375,5.0663125,1.7835077796297945,0.528601,[-0.146 ~ 0.868],0.279419,0.142857,GRADE class2 val,2,val,8
140,RandomForest,pKd pKi pIC50,kd,1.0620787440882815,1.8181668143011036,1.0996941700331195,0.60225,[0.585 ~ 0.619],0.362706,0.578515,GRADE class2 test,2,test,3806
141,RandomForest,pKd pKi pIC50,kd,1.9059875,5.061826166249998,0.9227452945389365,0.626104,[-0.001 ~ 0.9],0.392006,0.380952,GRADE class2 val,2,val,8
142,XGBoost,pKd pKi pIC50,kd,1.1779924233988344,2.221287317973357,1.3007583618164062,0.524685,[0.505 ~ 0.544],0.275295,0.505416,GRADE class2 test,2,test,3806
143,XGBoost,pKd pKi pIC50,kd,1.8117680716514588,4.866517018582876,0.8273581862449646,0.360483,[-0.344 ~ 0.805],0.129948,0.142857,GRADE class2 val,2,val,8
144,linearRegression,pKd pKi pIC50,all,314624470.95613474,2.999214916820701e+20,17315503862.3854,0.012312,[-0.017 ~ 0.041],0.000152,0.394384,X-GRADE class3 test,3,test,3211
145,linearRegression,pKd pKi pIC50,all,1.2885156951272383,2.072828220692975,1.6452930868422588,0.713412,[0.219 ~ 0.916],0.508956,0.333333,X-GRADE class3 val,3,val,9
146,Ridge,pKd pKi pIC50,all,140.90393469395397,25994538.08767873,5097.495069178608,0.000441,[-0.029 ~ 0.029],0.0,0.40715,X-GRADE class3 test,3,test,3211
147,Ridge,pKd pKi pIC50,all,1.1450910772671405,1.7824611271536572,1.5635462084390597,0.723734,[0.239 ~ 0.92],0.52379,0.333333,X-GRADE class3 val,3,val,9
148,Lasso,pKd pKi pIC50,all,14.387529911733374,47650.10951688765,218.2478548184526,-0.015499,[-0.045 ~ 0.014],0.00024,0.430919,X-GRADE class3 test,3,test,3211
149,Lasso,pKd pKi pIC50,all,1.0236680881061992,1.4615634978483436,1.4290924835545467,0.783615,[0.365 ~ 0.939],0.614053,0.55,X-GRADE class3 val,3,val,9
150,ElasticNet,pKd pKi pIC50,all,15.380218571606827,56047.72176911633,236.69055274184038,-0.016847,[-0.046 ~ 0.012],0.000284,0.467995,X-GRADE class3 test,3,test,3211
151,ElasticNet,pKd pKi pIC50,all,1.0879819272953268,1.6323143984860284,1.530107793231043,0.753836,[0.301 ~ 0.929],0.568269,0.416667,X-GRADE class3 val,3,val,9
152,SVR,pKd pKi pIC50,all,1.2376094737650487,2.505863542290764,1.2072621134897283,0.585945,[0.567 ~ 0.605],0.343331,0.552692,X-GRADE class3 test,3,test,3211
153,SVR,pKd pKi pIC50,all,0.8119805829942371,1.0763714919560317,0.8478725398811496,0.897277,[0.656 ~ 0.972],0.805106,0.8,X-GRADE class3 val,3,val,9
154,DecisionTree,pKd pKi pIC50,all,1.6242229834942383,4.359663407038306,1.9376834012171051,0.425706,[0.402 ~ 0.449],0.181225,0.414608,X-GRADE class3 test,3,test,3211
155,DecisionTree,pKd pKi pIC50,all,0.9166666666666666,1.1863000000000001,1.8370070935432978,0.812205,[0.432 ~ 0.947],0.659677,0.683333,X-GRADE class3 val,3,val,9
156,RandomForest,pKd pKi pIC50,all,1.2250916225474928,2.470640009810028,1.2491020536278685,0.595244,[0.576 ~ 0.614],0.354315,0.563586,X-GRADE class3 test,3,test,3211
157,RandomForest,pKd pKi pIC50,all,0.5880222222222231,0.7047559777777785,1.4099771464744546,0.870606,[0.581 ~ 0.965],0.757955,0.766667,X-GRADE class3 val,3,val,9
158,XGBoost,pKd pKi pIC50,all,1.361095660747824,3.125661363439473,1.4635738134384155,0.510464,[0.489 ~ 0.532],0.260574,0.493695,X-GRADE class3 test,3,test,3211
159,XGBoost,pKd pKi pIC50,all,0.9555892880757649,1.7329958694596845,1.7404791116714478,0.725398,[0.243 ~ 0.92],0.526202,0.366667,X-GRADE class3 val,3,val,9
160,linearRegression,pKd pKi pIC50,ki,323477419.95357347,3.225862466761246e+20,17957803570.66057,0.012287,[-0.017 ~ 0.041],0.000151,0.390483,X-GRADE class3 test,3,test,3211
161,linearRegression,pKd pKi pIC50,ki,1.2346852987452135,1.955188692754836,1.6015372504334788,0.703961,[0.201 ~ 0.913],0.495561,0.333333,X-GRADE class3 val,3,val,9
162,Ridge,pKd pKi pIC50,ki,140.90393469081076,25994538.086086404,5097.495069022484,0.000441,[-0.029 ~ 0.029],0.0,0.40715,X-GRADE class3 test,3,test,3211
163,Ridge,pKd pKi pIC50,ki,1.1450910772661613,1.7824611271496313,1.563546208437171,0.723734,[0.239 ~ 0.92],0.52379,0.333333,X-GRADE class3 val,3,val,9
164,Lasso,pKd pKi pIC50,ki,14.387529911733587,47650.10951688935,218.2478548184565,-0.015499,[-0.045 ~ 0.014],0.00024,0.430919,X-GRADE class3 test,3,test,3211
165,Lasso,pKd pKi pIC50,ki,1.0236680881061997,1.4615634978483452,1.4290924835545467,0.783615,[0.365 ~ 0.939],0.614053,0.55,X-GRADE class3 val,3,val,9
166,ElasticNet,pKd pKi pIC50,ki,15.266425148629194,55139.48909018182,234.7650888621171,-0.016843,[-0.046 ~ 0.012],0.000284,0.46876,X-GRADE class3 test,3,test,3211
167,ElasticNet,pKd pKi pIC50,ki,1.03162100870123,1.4789382175759331,1.4535860906493026,0.782006,[0.362 ~ 0.938],0.611533,0.533333,X-GRADE class3 val,3,val,9
168,SVR,pKd pKi pIC50,ki,1.2376033022322452,2.505843788743967,1.2073376120071933,0.58595,[0.567 ~ 0.605],0.343337,0.552692,X-GRADE class3 test,3,test,3211
169,SVR,pKd pKi pIC50,ki,0.8118548581123847,1.0761963502910783,0.8480026096090247,0.897281,[0.656 ~ 0.972],0.805112,0.8,X-GRADE class3 val,3,val,9
170,DecisionTree,pKd pKi pIC50,ki,1.655577701650576,4.528332232949237,1.94476548166739,0.405029,[0.38 ~ 0.429],0.164049,0.394964,X-GRADE class3 test,3,test,3211
171,DecisionTree,pKd pKi pIC50,ki,0.7166666666666666,0.5604555555555555,2.057943957772741,0.944596,[0.803 ~ 0.985],0.892262,0.916667,X-GRADE class3 val,3,val,9
172,RandomForest,pKd pKi pIC50,ki,1.2259246963562753,2.4635039142572404,1.2490547902874671,0.596883,[0.578 ~ 0.615],0.35627,0.5638,X-GRADE class3 test,3,test,3211
173,RandomForest,pKd pKi pIC50,ki,0.6531999999999996,0.8251079111111115,1.3899453322583109,0.848029,[0.521 ~ 0.958],0.719153,0.7,X-GRADE class3 val,3,val,9
174,XGBoost,pKd pKi pIC50,ki,1.3610956607478235,3.125661363439473,1.4635738134384155,0.510464,[0.489 ~ 0.532],0.260574,0.493695,X-GRADE class3 test,3,test,3211
175,XGBoost,pKd pKi pIC50,ki,0.9555892880757649,1.7329958694596843,1.7404789924621582,0.725398,[0.243 ~ 0.92],0.526202,0.366667,X-GRADE class3 val,3,val,9
176,linearRegression,pKd pKi pIC50,kd,306671091.407028,2.9060872496722913e+20,17044491147.280796,0.012284,[-0.017 ~ 0.041],0.000151,0.390632,X-GRADE class3 test,3,test,3211
177,linearRegression,pKd pKi pIC50,kd,1.2301954869256795,1.9388887060923747,1.5940242878228175,0.704461,[0.202 ~ 0.913],0.496265,0.333333,X-GRADE class3 val,3,val,9
178,Ridge,pKd pKi pIC50,kd,140.90393469458314,25994538.0880764,5097.495069217603,0.000441,[-0.029 ~ 0.029],0.0,0.40715,X-GRADE class3 test,3,test,3211
179,Ridge,pKd pKi pIC50,kd,1.1450910772668184,1.7824611271526871,1.5635462084378233,0.723734,[0.239 ~ 0.92],0.52379,0.333333,X-GRADE class3 val,3,val,9
180,Lasso,pKd pKi pIC50,kd,82.10767065628495,8432839.35293691,2903.410470089077,0.000261,[-0.029 ~ 0.029],0.0,0.411095,X-GRADE class3 test,3,test,3211
181,Lasso,pKd pKi pIC50,kd,1.0298585744024638,1.4758575545911043,1.4380232518416671,0.781251,[0.36 ~ 0.938],0.610353,0.55,X-GRADE class3 val,3,val,9
182,ElasticNet,pKd pKi pIC50,kd,15.151382082897122,54230.21235008321,232.82144557095438,-0.016838,[-0.046 ~ 0.012],0.000284,0.469551,X-GRADE class3 test,3,test,3211
183,ElasticNet,pKd pKi pIC50,kd,1.039209906770034,1.4994335403663444,1.4635090568414715,0.778037,[0.353 ~ 0.937],0.605342,0.533333,X-GRADE class3 val,3,val,9
184,SVR,pKd pKi pIC50,kd,1.2376094737644925,2.505863542291664,1.2072621134893202,0.585945,[0.567 ~ 0.605],0.343331,0.552692,X-GRADE class3 test,3,test,3211
185,SVR,pKd pKi pIC50,kd,0.8119805829972854,1.0763714919516698,0.8478725398828005,0.897277,[0.656 ~ 0.972],0.805106,0.8,X-GRADE class3 val,3,val,9
186,DecisionTree,pKd pKi pIC50,kd,1.6353659296169418,4.437341513547182,1.9230485334922853,0.412051,[0.388 ~ 0.436],0.169786,0.400979,X-GRADE class3 test,3,test,3211
187,DecisionTree,pKd pKi pIC50,kd,0.7444444444444444,0.6569333333333334,1.9506187685570222,0.914761,[0.709 ~ 0.977],0.836788,0.883333,X-GRADE class3 val,3,val,9
188,RandomForest,pKd pKi pIC50,kd,1.2246200249143566,2.4559315480130803,1.2458049765647157,0.598502,[0.58 ~ 0.617],0.358205,0.565213,X-GRADE class3 test,3,test,3211
189,RandomForest,pKd pKi pIC50,kd,0.5658444444444449,0.6749347222222225,1.3279865921344567,0.879043,[0.604 ~ 0.967],0.772717,0.7,X-GRADE class3 val,3,val,9
190,XGBoost,pKd pKi pIC50,kd,1.361095660747824,3.125661363439473,1.4635738134384155,0.510464,[0.489 ~ 0.532],0.260574,0.493695,X-GRADE class3 test,3,test,3211
191,XGBoost,pKd pKi pIC50,kd,0.9555892880757649,1.7329958694596843,1.7404792308807373,0.725398,[0.243 ~ 0.92],0.526202,0.366667,X-GRADE class3 val,3,val,9
192,linearRegression,pKd pKi pIC50,all,1.6586976529837794,4.904167562032243,1.718853585173086,0.32036,[0.294 ~ 0.346],0.102631,0.403238,GRADE class3 test,3,test,3211
193,linearRegression,pKd pKi pIC50,all,1.1112742847882062,1.9358316141191634,0.974140724665743,0.719425,[0.231 ~ 0.918],0.517572,0.383333,GRADE class3 val,3,val,9
194,Ridge,pKd pKi pIC50,all,1.651732788179685,4.845608121115791,1.705073596013148,0.323394,[0.297 ~ 0.349],0.104584,0.404428,GRADE class3 test,3,test,3211
195,Ridge,pKd pKi pIC50,all,1.1094392334677226,1.9293097463266287,0.9736408709461245,0.721951,[0.236 ~ 0.919],0.521213,0.383333,GRADE class3 val,3,val,9
196,Lasso,pKd pKi pIC50,all,1.6317929752753852,4.6797383571513915,1.6615006638604586,0.331467,[0.305 ~ 0.357],0.10987,0.40732,GRADE class3 test,3,test,3211
197,Lasso,pKd pKi pIC50,all,1.1017883077127346,1.8998517440000542,0.9707897263820116,0.728557,[0.249 ~ 0.921],0.530795,0.466667,GRADE class3 val,3,val,9
198,ElasticNet,pKd pKi pIC50,all,1.6383152256435236,4.733970526220186,1.677251488632655,0.329087,[0.303 ~ 0.355],0.108299,0.406499,GRADE class3 test,3,test,3211
199,ElasticNet,pKd pKi pIC50,all,1.1035608586691323,1.9075370284725248,0.9717225467695787,0.728414,[0.249 ~ 0.921],0.530587,0.466667,GRADE class3 val,3,val,9
200,SVR,pKd pKi pIC50,all,1.2377862688351664,2.50011220558249,1.2477921175699698,0.593049,[0.574 ~ 0.612],0.351707,0.561967,GRADE class3 test,3,test,3211
201,SVR,pKd pKi pIC50,all,0.64224152292172,0.7382498692124402,1.4049201989395887,0.875121,[0.593 ~ 0.966],0.765836,0.7,GRADE class3 val,3,val,9
202,DecisionTree,pKd pKi pIC50,all,1.6622765493615699,4.550148209280598,1.9101071730382948,0.391081,[0.366 ~ 0.415],0.152944,0.382307,GRADE class3 test,3,test,3211
203,DecisionTree,pKd pKi pIC50,all,1.1977777777777778,2.2918888888888898,1.2652282280821128,0.574487,[-0.017 ~ 0.868],0.330035,0.566667,GRADE class3 val,3,val,9
204,RandomForest,pKd pKi pIC50,all,1.225349766427904,2.463136549134226,1.2397638083059916,0.594973,[0.576 ~ 0.613],0.353993,0.55793,GRADE class3 test,3,test,3211
205,RandomForest,pKd pKi pIC50,all,0.695422222222223,1.0518016955555545,1.322179526388154,0.802628,[0.409 ~ 0.944],0.644212,0.483333,GRADE class3 val,3,val,9
206,XGBoost,pKd pKi pIC50,all,1.3987715008013049,3.224710420715704,1.523475170135498,0.495356,[0.473 ~ 0.517],0.245378,0.481697,GRADE class3 test,3,test,3211
207,XGBoost,pKd pKi pIC50,all,1.000700542661879,1.5555521833104993,1.5260159969329834,0.748462,[0.289 ~ 0.928],0.560195,0.516667,GRADE class3 val,3,val,9
208,linearRegression,pKd pKi pIC50,ki,1.6586976529837785,4.904167562032237,1.7188535851730853,0.32036,[0.294 ~ 0.346],0.102631,0.403238,GRADE class3 test,3,test,3211
209,linearRegression,pKd pKi pIC50,ki,1.1112742847882089,1.9358316141191731,0.9741407246657411,0.719425,[0.231 ~ 0.918],0.517572,0.383333,GRADE class3 val,3,val,9
210,Ridge,pKd pKi pIC50,ki,1.6517327881733552,4.845608121070541,1.7050735960352108,0.323394,[0.297 ~ 0.349],0.104584,0.404428,GRADE class3 test,3,test,3211
211,Ridge,pKd pKi pIC50,ki,1.1094392334508805,1.9293097462846172,0.9736408709634938,0.721951,[0.236 ~ 0.919],0.521213,0.383333,GRADE class3 val,3,val,9
212,Lasso,pKd pKi pIC50,ki,1.6317929752753806,4.679738357151353,1.6615006638604495,0.331467,[0.305 ~ 0.357],0.10987,0.40732,GRADE class3 test,3,test,3211
213,Lasso,pKd pKi pIC50,ki,1.101788307712736,1.899851744000057,0.970789726382011,0.728557,[0.249 ~ 0.921],0.530795,0.466667,GRADE class3 val,3,val,9
214,ElasticNet,pKd pKi pIC50,ki,1.6422826801832415,4.766779816189794,1.6853498544876528,0.327356,[0.301 ~ 0.353],0.107162,0.405877,GRADE class3 test,3,test,3211
215,ElasticNet,pKd pKi pIC50,ki,1.108254669779635,1.9246994519378826,0.9731697874380972,0.722977,[0.238 ~ 0.919],0.522695,0.466667,GRADE class3 val,3,val,9
216,SVR,pKd pKi pIC50,ki,1.2377862688351657,2.50011220558249,1.2477921175699747,0.593049,[0.574 ~ 0.612],0.351707,0.561967,GRADE class3 test,3,test,3211
217,SVR,pKd pKi pIC50,ki,0.6422415228777888,0.7382498690622465,1.4049201990897797,0.875121,[0.593 ~ 0.966],0.765836,0.7,GRADE class3 val,3,val,9
218,DecisionTree,pKd pKi pIC50,ki,1.6621239489255684,4.542134848956712,1.9005465402507171,0.389409,[0.364 ~ 0.414],0.151639,0.381738,GRADE class3 test,3,test,3211
219,DecisionTree,pKd pKi pIC50,ki,1.2999999999999998,3.3721333333333336,1.4242225516200797,0.449234,[-0.186 ~ 0.819],0.201811,0.216667,GRADE class3 val,3,val,9
220,RandomForest,pKd pKi pIC50,ki,1.2322526315789473,2.4913280327748364,1.2446038462670703,0.589342,[0.57 ~ 0.608],0.347324,0.552784,GRADE class3 test,3,test,3211
221,RandomForest,pKd pKi pIC50,ki,0.6908555555555557,1.0218866122222223,1.2447226442013726,0.8108,[0.428 ~ 0.947],0.657396,0.65,GRADE class3 val,3,val,9
222,XGBoost,pKd pKi pIC50,ki,1.3987715008013049,3.2247104207157045,1.523475170135498,0.495356,[0.473 ~ 0.517],0.245378,0.481697,GRADE class3 test,3,test,3211
223,XGBoost,pKd pKi pIC50,ki,1.0007005426618787,1.555552183310499,1.5260159969329834,0.748462,[0.289 ~ 0.928],0.560195,0.516667,GRADE class3 val,3,val,9
224,linearRegression,pKd pKi pIC50,kd,1.6586976529837787,4.904167562032237,1.7188535851730857,0.32036,[0.294 ~ 0.346],0.102631,0.403238,GRADE class3 test,3,test,3211
225,linearRegression,pKd pKi pIC50,kd,1.11127428478821,1.9358316141191727,0.9741407246657415,0.719425,[0.231 ~ 0.918],0.517572,0.383333,GRADE class3 val,3,val,9
226,Ridge,pKd pKi pIC50,kd,1.6517327881763557,4.845608121092373,1.70507359602337,0.323394,[0.297 ~ 0.349],0.104584,0.404428,GRADE class3 test,3,test,3211
227,Ridge,pKd pKi pIC50,kd,1.1094392334315721,1.9293097462263664,0.9736408709909794,0.721951,[0.236 ~ 0.919],0.521213,0.383333,GRADE class3 val,3,val,9
228,Lasso,pKd pKi pIC50,kd,1.6317929752753855,4.679738357151393,1.6615006638604597,0.331467,[0.305 ~ 0.357],0.10987,0.40732,GRADE class3 test,3,test,3211
229,Lasso,pKd pKi pIC50,kd,1.1017883077127342,1.8998517440000537,0.970789726382011,0.728557,[0.249 ~ 0.921],0.530795,0.466667,GRADE class3 val,3,val,9
230,ElasticNet,pKd pKi pIC50,kd,1.6422826801832375,4.766779816189757,1.6853498544876444,0.327356,[0.301 ~ 0.353],0.107162,0.405877,GRADE class3 test,3,test,3211
231,ElasticNet,pKd pKi pIC50,kd,1.1071629195294466,1.9206922694977555,0.9728265114484047,0.72425,[0.24 ~ 0.92],0.524539,0.466667,GRADE class3 val,3,val,9
232,SVR,pKd pKi pIC50,kd,1.2377862688351642,2.500112205582484,1.2477921175699789,0.593049,[0.574 ~ 0.612],0.351707,0.561967,GRADE class3 test,3,test,3211
233,SVR,pKd pKi pIC50,kd,0.6422415228777997,0.7382498690622515,1.4049201990897824,0.875121,[0.593 ~ 0.966],0.765836,0.7,GRADE class3 val,3,val,9
234,DecisionTree,pKd pKi pIC50,kd,1.6827374649641857,4.62161454375584,1.9087165684654497,0.381331,[0.356 ~ 0.406],0.145413,0.372913,GRADE class3 test,3,test,3211
235,DecisionTree,pKd pKi pIC50,kd,1.0933333333333333,1.8286888888888886,1.2405554311588731,0.641777,[0.089 ~ 0.892],0.411878,0.5,GRADE class3 val,3,val,9
236,RandomForest,pKd pKi pIC50,kd,1.2254596075988788,2.464670225823731,1.2510093170286274,0.595097,[0.576 ~ 0.614],0.35414,0.558954,GRADE class3 test,3,test,3211
237,RandomForest,pKd pKi pIC50,kd,0.5942444444444445,0.8070331888888882,1.2524493646894919,0.866055,[0.569 ~ 0.963],0.750051,0.766667,GRADE class3 val,3,val,9
238,XGBoost,pKd pKi pIC50,kd,1.3987715008013049,3.2247104207157045,1.523475170135498,0.495356,[0.473 ~ 0.517],0.245378,0.481697,GRADE class3 test,3,test,3211
239,XGBoost,pKd pKi pIC50,kd,1.000700542661879,1.555552183310499,1.5260159969329834,0.748462,[0.289 ~ 0.928],0.560195,0.516667,GRADE class3 val,3,val,9
240,linearRegression,pKd pKi pIC50,all,46921.29120361995,773923729707.1982,878477.0787452618,-0.075098,[-0.161 ~ 0.012],0.00564,0.516841,X-GRADE class4 test,4,test,357
241,Ridge,pKd pKi pIC50,all,3.579161490688883,1151.57754684062,34.02891455895377,0.10768,[0.021 ~ 0.193],0.011595,0.575937,X-GRADE class4 test,4,test,357
242,Lasso,pKd pKi pIC50,all,2.6830865958648507,417.3169316009934,20.528683438286073,0.120651,[0.034 ~ 0.206],0.014557,0.580256,X-GRADE class4 test,4,test,357
243,ElasticNet,pKd pKi pIC50,all,2.707167825025813,445.17687626612536,21.19294116053138,0.118434,[0.032 ~ 0.204],0.014027,0.583722,X-GRADE class4 test,4,test,357
244,SVR,pKd pKi pIC50,all,1.3618721071340112,3.1204211250695697,1.3188945521808113,0.560459,[0.498 ~ 0.617],0.314114,0.595988,X-GRADE class4 test,4,test,357
245,DecisionTree,pKd pKi pIC50,all,1.7329691876750701,4.921035014005603,1.955798840861932,0.41028,[0.335 ~ 0.48],0.168329,0.413571,X-GRADE class4 test,4,test,357
246,RandomForest,pKd pKi pIC50,all,1.2673296918767507,2.8911488833333334,1.2237320934980072,0.588918,[0.529 ~ 0.643],0.346824,0.625,X-GRADE class4 test,4,test,357
247,XGBoost,pKd pKi pIC50,all,1.3480586748363592,3.390825686279918,1.3897316455841064,0.50677,[0.439 ~ 0.569],0.256816,0.557324,X-GRADE class4 test,4,test,357
248,linearRegression,pKd pKi pIC50,ki,47368.76744822377,788757827572.9355,886856.1787380675,-0.075098,[-0.161 ~ 0.012],0.00564,0.517795,X-GRADE class4 test,4,test,357
249,Ridge,pKd pKi pIC50,ki,3.5791614906218894,1151.577546769448,34.02891455790677,0.10768,[0.021 ~ 0.193],0.011595,0.575937,X-GRADE class4 test,4,test,357
250,Lasso,pKd pKi pIC50,ki,2.5661975762542366,348.61300405818196,18.770262803222625,0.123658,[0.037 ~ 0.209],0.015291,0.581346,X-GRADE class4 test,4,test,357
251,ElasticNet,pKd pKi pIC50,ki,2.6860659978405645,431.9033447241044,20.875615987947953,0.118847,[0.032 ~ 0.204],0.014125,0.583632,X-GRADE class4 test,4,test,357
252,SVR,pKd pKi pIC50,ki,1.3618892918085843,3.120491284952981,1.318975025232169,0.560448,[0.498 ~ 0.617],0.314101,0.59605,X-GRADE class4 test,4,test,357
253,DecisionTree,pKd pKi pIC50,ki,1.7713725490196077,5.378236414565826,1.988065559020835,0.358508,[0.28 ~ 0.432],0.128528,0.391332,X-GRADE class4 test,4,test,357
254,RandomForest,pKd pKi pIC50,ki,1.273009523809524,2.88178865232493,1.2286380654107822,0.590664,[0.531 ~ 0.645],0.348884,0.626007,X-GRADE class4 test,4,test,357
255,XGBoost,pKd pKi pIC50,ki,1.3480586748363592,3.390825686279918,1.389731526374817,0.50677,[0.439 ~ 0.569],0.256816,0.557324,X-GRADE class4 test,4,test,357
256,linearRegression,pKd pKi pIC50,kd,46987.79680929439,776143622467.9558,879736.1110598207,-0.075097,[-0.161 ~ 0.012],0.00564,0.517062,X-GRADE class4 test,4,test,357
257,Ridge,pKd pKi pIC50,kd,3.5791614906846005,1151.5775468344414,34.02891455886306,0.10768,[0.021 ~ 0.193],0.011595,0.575937,X-GRADE class4 test,4,test,357
258,Lasso,pKd pKi pIC50,kd,2.5661975762542517,348.61300405819054,18.770262803222852,0.123658,[0.037 ~ 0.209],0.015291,0.581346,X-GRADE class4 test,4,test,357
259,ElasticNet,pKd pKi pIC50,kd,2.7508012686885124,473.0418404544691,21.84406516608134,0.11764,[0.031 ~ 0.203],0.013839,0.584067,X-GRADE class4 test,4,test,357
260,SVR,pKd pKi pIC50,kd,1.3618892918059922,3.1204912849443542,1.318975025241262,0.560448,[0.498 ~ 0.617],0.314101,0.59605,X-GRADE class4 test,4,test,357
261,DecisionTree,pKd pKi pIC50,kd,1.70812324929972,4.774987114845938,1.9293332207146006,0.417371,[0.343 ~ 0.487],0.174199,0.435927,X-GRADE class4 test,4,test,357
262,RandomForest,pKd pKi pIC50,kd,1.263589355742297,2.8324783446498603,1.2322528379867406,0.601381,[0.543 ~ 0.654],0.361659,0.63904,X-GRADE class4 test,4,test,357
263,XGBoost,pKd pKi pIC50,kd,1.3480586748363592,3.390825686279919,1.389731526374817,0.50677,[0.439 ~ 0.569],0.256816,0.557324,X-GRADE class4 test,4,test,357
264,linearRegression,pKd pKi pIC50,all,1.5296439704981462,3.832782443408598,1.3722379600023662,0.428283,[0.354 ~ 0.497],0.183426,0.478184,GRADE class4 test,4,test,357
265,Ridge,pKd pKi pIC50,all,1.5275866016909703,3.818807845340398,1.3642694224116039,0.429372,[0.355 ~ 0.498],0.18436,0.478898,GRADE class4 test,4,test,357
266,Lasso,pKd pKi pIC50,all,1.5222899021680756,3.778547818034814,1.3322423282114249,0.431446,[0.358 ~ 0.5],0.186145,0.47967,GRADE class4 test,4,test,357
267,ElasticNet,pKd pKi pIC50,all,1.5247200540689223,3.798553030858516,1.3503339166848212,0.430671,[0.357 ~ 0.499],0.185478,0.479573,GRADE class4 test,4,test,357
268,SVR,pKd pKi pIC50,all,1.3922725647424332,3.225553967574473,1.239981447216083,0.52786,[0.462 ~ 0.588],0.278636,0.549763,GRADE class4 test,4,test,357
269,DecisionTree,pKd pKi pIC50,all,1.7314565826330535,4.912339775910365,2.0221220642735283,0.4318,[0.358 ~ 0.5],0.186451,0.45601,GRADE class4 test,4,test,357
270,RandomForest,pKd pKi pIC50,all,1.3009501400560224,2.9183788589355752,1.2359383176559322,0.588359,[0.528 ~ 0.643],0.346166,0.618679,GRADE class4 test,4,test,357
271,XGBoost,pKd pKi pIC50,all,1.3726937840565914,3.3663188578995946,1.562089443206787,0.531857,[0.466 ~ 0.592],0.282872,0.573392,GRADE class4 test,4,test,357
272,linearRegression,pKd pKi pIC50,ki,1.5296439704981455,3.832782443408597,1.372237960002368,0.428283,[0.354 ~ 0.497],0.183426,0.478184,GRADE class4 test,4,test,357
273,Ridge,pKd pKi pIC50,ki,1.5275866016831505,3.818807845310599,1.364269422376612,0.429372,[0.355 ~ 0.498],0.18436,0.478898,GRADE class4 test,4,test,357
274,Lasso,pKd pKi pIC50,ki,1.522289902168075,3.778547818034811,1.3322423282114235,0.431446,[0.358 ~ 0.5],0.186145,0.47967,GRADE class4 test,4,test,357
275,ElasticNet,pKd pKi pIC50,ki,1.5236497589095397,3.7908647529960957,1.3452788730666252,0.431221,[0.357 ~ 0.5],0.185951,0.4798,GRADE class4 test,4,test,357
276,SVR,pKd pKi pIC50,ki,1.392272564723699,3.2255539675168885,1.239981447234217,0.52786,[0.462 ~ 0.588],0.278636,0.549763,GRADE class4 test,4,test,357
277,DecisionTree,pKd pKi pIC50,ki,1.669635854341737,4.7970308123249294,2.014673788091825,0.442515,[0.37 ~ 0.51],0.19582,0.476838,GRADE class4 test,4,test,357
278,RandomForest,pKd pKi pIC50,ki,1.2801518207282911,2.857229683361344,1.2490928166777315,0.599823,[0.541 ~ 0.653],0.359788,0.632031,GRADE class4 test,4,test,357
279,XGBoost,pKd pKi pIC50,ki,1.3726937840565914,3.3663188578995946,1.5620895624160767,0.531857,[0.466 ~ 0.592],0.282872,0.573392,GRADE class4 test,4,test,357
280,linearRegression,pKd pKi pIC50,kd,1.5296439704981455,3.832782443408597,1.372237960002367,0.428283,[0.354 ~ 0.497],0.183426,0.478184,GRADE class4 test,4,test,357
281,Ridge,pKd pKi pIC50,kd,1.5275866016920592,3.8188078453469334,1.3642694224222458,0.429372,[0.355 ~ 0.498],0.18436,0.478898,GRADE class4 test,4,test,357
282,Lasso,pKd pKi pIC50,kd,1.5222899021680756,3.778547818034814,1.332242328211425,0.431446,[0.358 ~ 0.5],0.186145,0.47967,GRADE class4 test,4,test,357
283,ElasticNet,pKd pKi pIC50,kd,1.525920983004937,3.8070371142928168,1.3558523176800643,0.43007,[0.356 ~ 0.499],0.18496,0.479348,GRADE class4 test,4,test,357
284,SVR,pKd pKi pIC50,kd,1.3922725647424388,3.225553967574495,1.239981447216086,0.52786,[0.462 ~ 0.588],0.278636,0.549763,GRADE class4 test,4,test,357
285,DecisionTree,pKd pKi pIC50,kd,1.6985434173669465,4.9326750700280115,2.017355218754341,0.426629,[0.353 ~ 0.495],0.182013,0.452273,GRADE class4 test,4,test,357
286,RandomForest,pKd pKi pIC50,kd,1.2741380952380952,2.851815365014006,1.2265174823982081,0.600336,[0.541 ~ 0.653],0.360403,0.630501,GRADE class4 test,4,test,357
287,XGBoost,pKd pKi pIC50,kd,1.3726937840565914,3.3663188578995946,1.562089443206787,0.531857,[0.466 ~ 0.592],0.282872,0.573392,GRADE class4 test,4,test,357
288,linearRegression,pKd pKi pIC50,all,3.7108289876703404,481.59121233947536,21.627549452634113,-0.066157,[-0.178 ~ 0.048],0.004377,0.516403,X-GRADE class5 test,5,test,211
289,Ridge,pKd pKi pIC50,all,1.4227771051770914,3.6760754088242713,1.7337918572569126,0.453215,[0.358 ~ 0.539],0.205404,0.556716,X-GRADE class5 test,5,test,211
290,Lasso,pKd pKi pIC50,all,1.3645383421816566,3.1631614731417277,1.5310536772206476,0.4945,[0.404 ~ 0.576],0.24453,0.573181,X-GRADE class5 test,5,test,211
291,ElasticNet,pKd pKi pIC50,all,1.3378429619499215,2.9963117415246816,1.458561398725694,0.515274,[0.427 ~ 0.594],0.265507,0.57426,X-GRADE class5 test,5,test,211
292,SVR,pKd pKi pIC50,all,1.3063461908134237,2.6792812399411163,1.2540690334592122,0.591639,[0.513 ~ 0.661],0.350037,0.572447,X-GRADE class5 test,5,test,211
293,DecisionTree,pKd pKi pIC50,all,1.623696682464455,3.930262559241706,1.776807354376048,0.450019,[0.355 ~ 0.536],0.202517,0.403495,X-GRADE class5 test,5,test,211
294,RandomForest,pKd pKi pIC50,all,1.168251184834123,2.127505231184834,1.1738140569813507,0.676955,[0.61 ~ 0.734],0.458268,0.651078,X-GRADE class5 test,5,test,211
295,XGBoost,pKd pKi pIC50,all,1.265916269040221,2.5325087103338966,1.4339733123779297,0.587162,[0.507 ~ 0.657],0.344759,0.576009,X-GRADE class5 test,5,test,211
296,linearRegression,pKd pKi pIC50,ki,3.748437717942513,499.7851571504661,22.033215646122695,-0.06782,[-0.18 ~ 0.046],0.0046,0.513076,X-GRADE class5 test,5,test,211
297,Ridge,pKd pKi pIC50,ki,1.4227771051778235,3.6760754088339698,1.7337918572556925,0.453215,[0.358 ~ 0.539],0.205404,0.556716,X-GRADE class5 test,5,test,211
298,Lasso,pKd pKi pIC50,ki,1.359203149722734,3.1250618949582427,1.5138067098986423,0.498175,[0.408 ~ 0.579],0.248178,0.576101,X-GRADE class5 test,5,test,211
299,ElasticNet,pKd pKi pIC50,ki,1.3410268490921755,3.017888046920408,1.4690856683344133,0.512633,[0.424 ~ 0.592],0.262792,0.573311,X-GRADE class5 test,5,test,211
300,SVR,pKd pKi pIC50,ki,1.3063461908124026,2.6792812399364925,1.2540690334517366,0.591639,[0.513 ~ 0.661],0.350037,0.572447,X-GRADE class5 test,5,test,211
301,DecisionTree,pKd pKi pIC50,ki,1.617914691943128,4.055657819905214,1.795648746695453,0.425518,[0.328 ~ 0.514],0.181065,0.3845,X-GRADE class5 test,5,test,211
302,RandomForest,pKd pKi pIC50,ki,1.1672976303317535,2.1102241771563985,1.191521858418078,0.680775,[0.615 ~ 0.737],0.463455,0.649071,X-GRADE class5 test,5,test,211
303,XGBoost,pKd pKi pIC50,ki,1.2659162690402206,2.5325087103338966,1.4339733123779297,0.587162,[0.507 ~ 0.657],0.344759,0.576009,X-GRADE class5 test,5,test,211
304,linearRegression,pKd pKi pIC50,kd,3.873050098204032,593.9249914996601,24.039441637305558,-0.073821,[-0.186 ~ 0.04],0.00545,0.513393,X-GRADE class5 test,5,test,211
305,Ridge,pKd pKi pIC50,kd,1.422777105177626,3.676075408832109,1.7337918572572668,0.453215,[0.358 ~ 0.539],0.205404,0.556716,X-GRADE class5 test,5,test,211
306,Lasso,pKd pKi pIC50,kd,1.3538599204323565,3.086288180208107,1.4960385991509542,0.502117,[0.412 ~ 0.582],0.252121,0.577779,X-GRADE class5 test,5,test,211
307,ElasticNet,pKd pKi pIC50,kd,1.3981720452944455,3.4670811175035126,1.6558014869907702,0.468148,[0.374 ~ 0.552],0.219163,0.562625,X-GRADE class5 test,5,test,211
308,SVR,pKd pKi pIC50,kd,1.3063461908123286,2.679281239936108,1.2540690334518192,0.591639,[0.513 ~ 0.661],0.350037,0.572447,X-GRADE class5 test,5,test,211
309,DecisionTree,pKd pKi pIC50,kd,1.6045971563981045,3.9412649289099524,1.828936370624516,0.458763,[0.364 ~ 0.544],0.210463,0.44011,X-GRADE class5 test,5,test,211
310,RandomForest,pKd pKi pIC50,kd,1.1606862559241706,2.125394674407583,1.1917390648654778,0.673079,[0.606 ~ 0.731],0.453036,0.648464,X-GRADE class5 test,5,test,211
311,XGBoost,pKd pKi pIC50,kd,1.2659162690402206,2.5325087103338966,1.4339734315872192,0.587162,[0.507 ~ 0.657],0.344759,0.576009,X-GRADE class5 test,5,test,211
312,linearRegression,pKd pKi pIC50,all,1.4809281524350504,3.609305450208114,1.5260620652736379,0.421237,[0.323 ~ 0.51],0.177441,0.52829,GRADE class5 test,5,test,211
313,Ridge,pKd pKi pIC50,all,1.4771327954476114,3.586928818535754,1.519258584289681,0.423745,[0.326 ~ 0.513],0.17956,0.529542,GRADE class5 test,5,test,211
314,Lasso,pKd pKi pIC50,all,1.465924697538355,3.5195113896904062,1.49214622033739,0.430031,[0.333 ~ 0.518],0.184926,0.534319,GRADE class5 test,5,test,211
315,ElasticNet,pKd pKi pIC50,all,1.4721155076248909,3.556820123628517,1.5084001455623126,0.426784,[0.329 ~ 0.515],0.182144,0.53155,GRADE class5 test,5,test,211
316,SVR,pKd pKi pIC50,all,1.224851149950467,2.380162299225547,1.1941939424816401,0.628986,[0.555 ~ 0.693],0.395623,0.619909,GRADE class5 test,5,test,211
317,DecisionTree,pKd pKi pIC50,all,1.6561137440758291,4.875409478672986,2.110841853890385,0.422651,[0.325 ~ 0.512],0.178634,0.453327,GRADE class5 test,5,test,211
318,RandomForest,pKd pKi pIC50,all,1.2009497630331754,2.360100153459716,1.2595941017949799,0.636702,[0.564 ~ 0.7],0.405389,0.630848,GRADE class5 test,5,test,211
319,XGBoost,pKd pKi pIC50,all,1.3247149830406877,2.9232989901786235,1.4832446575164795,0.543182,[0.458 ~ 0.619],0.295046,0.532043,GRADE class5 test,5,test,211
320,linearRegression,pKd pKi pIC50,ki,1.4809281524350508,3.6093054502081157,1.52606206527364,0.421237,[0.323 ~ 0.51],0.177441,0.52829,GRADE class5 test,5,test,211
321,Ridge,pKd pKi pIC50,ki,1.4771327954491529,3.5869288185360424,1.5192585842653863,0.423745,[0.326 ~ 0.513],0.17956,0.529542,GRADE class5 test,5,test,211
322,Lasso,pKd pKi pIC50,ki,1.4659246975383544,3.5195113896904022,1.4921462203373888,0.430031,[0.333 ~ 0.518],0.184926,0.534319,GRADE class5 test,5,test,211
323,ElasticNet,pKd pKi pIC50,ki,1.4727315707624635,3.5604424969620485,1.5096331221058819,0.426395,[0.329 ~ 0.515],0.181812,0.530902,GRADE class5 test,5,test,211
324,SVR,pKd pKi pIC50,ki,1.224851149950467,2.3801622992255407,1.194193942481634,0.628986,[0.555 ~ 0.693],0.395623,0.619909,GRADE class5 test,5,test,211
325,DecisionTree,pKd pKi pIC50,ki,1.613507109004739,4.520206161137441,2.001273131990894,0.430522,[0.333 ~ 0.519],0.185349,0.440265,GRADE class5 test,5,test,211
326,RandomForest,pKd pKi pIC50,ki,1.2037933649289099,2.3692597799052133,1.2459629194925097,0.63896,[0.567 ~ 0.702],0.408269,0.62924,GRADE class5 test,5,test,211
327,XGBoost,pKd pKi pIC50,ki,1.3247149830406875,2.9232989901786235,1.4832446575164795,0.543182,[0.458 ~ 0.619],0.295046,0.532043,GRADE class5 test,5,test,211
328,linearRegression,pKd pKi pIC50,kd,1.4809281524350506,3.6093054502081134,1.5260620652736399,0.421237,[0.323 ~ 0.51],0.177441,0.52829,GRADE class5 test,5,test,211
329,Ridge,pKd pKi pIC50,kd,1.4771327954465923,3.5869288185256507,1.5192585842912854,0.423745,[0.326 ~ 0.513],0.17956,0.529542,GRADE class5 test,5,test,211
330,Lasso,pKd pKi pIC50,kd,1.4659246975383544,3.5195113896904022,1.4921462203373885,0.430031,[0.333 ~ 0.518],0.184926,0.534319,GRADE class5 test,5,test,211
331,ElasticNet,pKd pKi pIC50,kd,1.4760036357053772,3.579799891403792,1.5161861540982813,0.424332,[0.327 ~ 0.513],0.180058,0.529751,GRADE class5 test,5,test,211
332,SVR,pKd pKi pIC50,kd,1.2248511499504662,2.380162299225531,1.194193942481642,0.628986,[0.555 ~ 0.693],0.395623,0.619909,GRADE class5 test,5,test,211
333,DecisionTree,pKd pKi pIC50,kd,1.7029383886255927,5.031673933649289,2.079546136984223,0.401056,[0.301 ~ 0.492],0.160846,0.422663,GRADE class5 test,5,test,211
334,RandomForest,pKd pKi pIC50,kd,1.2132497630331753,2.3628522615639813,1.2664935334546084,0.636356,[0.564 ~ 0.699],0.404949,0.624585,GRADE class5 test,5,test,211
335,XGBoost,pKd pKi pIC50,kd,1.3247149830406877,2.9232989901786226,1.4832446575164795,0.543182,[0.458 ~ 0.619],0.295046,0.532043,GRADE class5 test,5,test,211
336,linearRegression,pKd pKi pIC50,all,2147535.707124838,1427218127951540.5,37725739.86490501,-0.074251,[-0.164 ~ 0.016],0.005513,0.485845,X-GRADE class6 test,6,test,332
337,Ridge,pKd pKi pIC50,all,2408937.4837843976,1926586201912275.0,43826741.22130509,0.07297,[-0.018 ~ 0.162],0.005325,0.510558,X-GRADE class6 test,6,test,332
338,Lasso,pKd pKi pIC50,all,2360101.359935337,1849263359612082.0,42938249.88141025,0.07297,[-0.018 ~ 0.162],0.005325,0.521631,X-GRADE class6 test,6,test,332
339,ElasticNet,pKd pKi pIC50,all,2476908.8398605576,2036842996262998.2,45063376.940824635,0.07297,[-0.018 ~ 0.162],0.005325,0.539015,X-GRADE class6 test,6,test,332
340,SVR,pKd pKi pIC50,all,1.2357062166603328,2.4622768391314653,0.9139463724087793,0.496899,[0.426 ~ 0.562],0.246908,0.503712,X-GRADE class6 test,6,test,332
341,DecisionTree,pKd pKi pIC50,all,1.5853313253012047,4.197370180722892,1.7371363531374802,0.344319,[0.262 ~ 0.422],0.118556,0.341251,X-GRADE class6 test,6,test,332
342,RandomForest,pKd pKi pIC50,all,1.1724599397590363,2.33976997310241,0.9909722679067157,0.535252,[0.467 ~ 0.597],0.286495,0.530497,X-GRADE class6 test,6,test,332
343,XGBoost,pKd pKi pIC50,all,1.2950713815172032,2.8422946532279663,1.2015684843063354,0.422644,[0.345 ~ 0.494],0.178628,0.429057,X-GRADE class6 test,6,test,332
344,linearRegression,pKd pKi pIC50,ki,2246678.648359102,1564903535432365.0,39503456.13498422,-0.074217,[-0.164 ~ 0.016],0.005508,0.487573,X-GRADE class6 test,6,test,332
345,Ridge,pKd pKi pIC50,ki,2408937.483773581,1926586201894973.2,43826741.22110829,0.07297,[-0.018 ~ 0.162],0.005325,0.510558,X-GRADE class6 test,6,test,332
346,Lasso,pKd pKi pIC50,ki,1777010.0926265577,1048375989682456.9,32329835.15009766,0.07297,[-0.018 ~ 0.162],0.005325,0.525445,X-GRADE class6 test,6,test,332
347,ElasticNet,pKd pKi pIC50,ki,2521944.2997633805,2111584657215803.0,45882725.25738581,0.07297,[-0.018 ~ 0.162],0.005325,0.538871,X-GRADE class6 test,6,test,332
348,SVR,pKd pKi pIC50,ki,1.2357062166594364,2.4622768391269045,0.9139463724090221,0.496899,[0.426 ~ 0.562],0.246908,0.503712,X-GRADE class6 test,6,test,332
349,DecisionTree,pKd pKi pIC50,ki,1.6034638554216871,4.2172659638554215,1.738314376162453,0.341438,[0.259 ~ 0.419],0.11658,0.337362,X-GRADE class6 test,6,test,332
350,RandomForest,pKd pKi pIC50,ki,1.1524015060240964,2.2851276234638562,0.9969767766790342,0.55217,[0.486 ~ 0.612],0.304892,0.547898,X-GRADE class6 test,6,test,332
351,XGBoost,pKd pKi pIC50,ki,1.2950713815172035,2.8422946532279667,1.2015684843063354,0.422644,[0.345 ~ 0.494],0.178628,0.429057,X-GRADE class6 test,6,test,332
352,linearRegression,pKd pKi pIC50,kd,2333693.433012641,1692323857211817.8,41080096.491861776,-0.074176,[-0.164 ~ 0.016],0.005502,0.488814,X-GRADE class6 test,6,test,332
353,Ridge,pKd pKi pIC50,kd,2408937.483734762,1926586201832880.2,43826741.22040204,0.07297,[-0.018 ~ 0.162],0.005325,0.510558,X-GRADE class6 test,6,test,332
354,Lasso,pKd pKi pIC50,kd,1777010.0926263616,1048375989682225.8,32329835.1500941,0.07297,[-0.018 ~ 0.162],0.005325,0.525445,X-GRADE class6 test,6,test,332
355,ElasticNet,pKd pKi pIC50,kd,2476908.839860646,2036842996263143.8,45063376.94082625,0.07297,[-0.018 ~ 0.162],0.005325,0.539015,X-GRADE class6 test,6,test,332
356,SVR,pKd pKi pIC50,kd,1.235693509563192,2.4622346096339953,0.9139888404676223,0.496913,[0.426 ~ 0.562],0.246922,0.503644,X-GRADE class6 test,6,test,332
357,DecisionTree,pKd pKi pIC50,kd,1.5389457831325302,3.8783683734939753,1.7059537893500754,0.380886,[0.301 ~ 0.456],0.145074,0.377813,X-GRADE class6 test,6,test,332
358,RandomForest,pKd pKi pIC50,kd,1.1583674698795183,2.282635451084338,0.9807029516104412,0.551925,[0.486 ~ 0.612],0.304621,0.547059,X-GRADE class6 test,6,test,332
359,XGBoost,pKd pKi pIC50,kd,1.2950713815172035,2.8422946532279663,1.2015684843063354,0.422644,[0.345 ~ 0.494],0.178628,0.429057,X-GRADE class6 test,6,test,332
360,linearRegression,pKd pKi pIC50,all,1.310007129720715,2.7193675882205395,1.2478119288530187,0.466155,[0.392 ~ 0.534],0.217301,0.496462,GRADE class6 test,6,test,332
361,Ridge,pKd pKi pIC50,all,1.30758652292139,2.710247416074372,1.2431879046975196,0.467587,[0.394 ~ 0.535],0.218638,0.498105,GRADE class6 test,6,test,332
362,Lasso,pKd pKi pIC50,all,1.301852492022504,2.6870203754057025,1.2248657439234374,0.470197,[0.397 ~ 0.538],0.221085,0.501771,GRADE class6 test,6,test,332
363,ElasticNet,pKd pKi pIC50,all,1.3060511641610322,2.704033700256045,1.2388446054664557,0.468358,[0.395 ~ 0.536],0.219359,0.499018,GRADE class6 test,6,test,332
364,SVR,pKd pKi pIC50,all,1.3105603926952256,2.625509478804209,0.9094376274044491,0.439268,[0.363 ~ 0.509],0.192957,0.426346,GRADE class6 test,6,test,332
365,DecisionTree,pKd pKi pIC50,all,1.47355421686747,3.5612885542168673,1.71280452116773,0.426104,[0.349 ~ 0.497],0.181564,0.405356,GRADE class6 test,6,test,332
366,RandomForest,pKd pKi pIC50,all,1.1663746987951806,2.2639343528915674,0.9750349400268263,0.567441,[0.503 ~ 0.626],0.321989,0.557103,GRADE class6 test,6,test,332
367,XGBoost,pKd pKi pIC50,all,1.3127218236693416,2.7143536962219232,1.150168776512146,0.44115,[0.365 ~ 0.511],0.194614,0.401016,GRADE class6 test,6,test,332
368,linearRegression,pKd pKi pIC50,ki,1.3100071297207154,2.71936758822054,1.2478119288530198,0.466155,[0.392 ~ 0.534],0.217301,0.496462,GRADE class6 test,6,test,332
369,Ridge,pKd pKi pIC50,ki,1.3075865229344195,2.7102474160977508,1.2431879046811198,0.467587,[0.394 ~ 0.535],0.218638,0.498105,GRADE class6 test,6,test,332
370,Lasso,pKd pKi pIC50,ki,1.3018524920225039,2.687020375405703,1.2248657439234374,0.470197,[0.397 ~ 0.538],0.221085,0.501771,GRADE class6 test,6,test,332
371,ElasticNet,pKd pKi pIC50,ki,1.3071598913264668,2.708281672474016,1.241350205659916,0.467743,[0.394 ~ 0.536],0.218783,0.498403,GRADE class6 test,6,test,332
372,SVR,pKd pKi pIC50,ki,1.3105603926716427,2.6255094786877797,0.9094376274447986,0.439268,[0.363 ~ 0.509],0.192957,0.426346,GRADE class6 test,6,test,332
373,DecisionTree,pKd pKi pIC50,ki,1.4443072289156629,3.3996846385542163,1.6231834794843243,0.425895,[0.349 ~ 0.497],0.181387,0.401075,GRADE class6 test,6,test,332
374,RandomForest,pKd pKi pIC50,ki,1.1647578313253015,2.2830114801807238,0.9850490157312428,0.560065,[0.495 ~ 0.619],0.313673,0.546516,GRADE class6 test,6,test,332
375,XGBoost,pKd pKi pIC50,ki,1.3127218236693416,2.7143536962219232,1.150168776512146,0.44115,[0.365 ~ 0.511],0.194614,0.401016,GRADE class6 test,6,test,332
376,linearRegression,pKd pKi pIC50,kd,1.3100071297207152,2.7193675882205395,1.2478119288530194,0.466155,[0.392 ~ 0.534],0.217301,0.496462,GRADE class6 test,6,test,332
377,Ridge,pKd pKi pIC50,kd,1.3075865229301424,2.710247416090595,1.2431879046862269,0.467587,[0.394 ~ 0.535],0.218638,0.498105,GRADE class6 test,6,test,332
378,Lasso,pKd pKi pIC50,kd,1.3018524920225056,2.6870203754057083,1.2248657439234405,0.470197,[0.397 ~ 0.538],0.221085,0.501771,GRADE class6 test,6,test,332
379,ElasticNet,pKd pKi pIC50,kd,1.3053034639289764,2.7011908137887795,1.2371582550211782,0.468772,[0.395 ~ 0.536],0.219747,0.499133,GRADE class6 test,6,test,332
380,SVR,pKd pKi pIC50,kd,1.3105603926952225,2.625509478804205,0.9094376274044459,0.439268,[0.363 ~ 0.509],0.192957,0.426346,GRADE class6 test,6,test,332
381,DecisionTree,pKd pKi pIC50,kd,1.4836445783132532,3.6135165662650603,1.7012652980819396,0.415812,[0.338 ~ 0.488],0.172899,0.394791,GRADE class6 test,6,test,332
382,RandomForest,pKd pKi pIC50,kd,1.1716710843373492,2.2911714560843377,0.9701997947295595,0.556823,[0.491 ~ 0.616],0.310052,0.546477,GRADE class6 test,6,test,332
383,XGBoost,pKd pKi pIC50,kd,1.3127218236693416,2.7143536962219232,1.150168776512146,0.44115,[0.365 ~ 0.511],0.194614,0.401016,GRADE class6 test,6,test,332
